ply
format ascii 1.0
element vertex 10000
property float x
property float y
property float z
property uchar red
property uchar green
property uchar blue
end_header
1.122222 -0.677778 3.888889 133 139 117
0.056410 0.166667 1.794872 19 54 0
-0.262069 -0.243103 1.206897 80 33 91
0.457143 -0.475000 2.500000 86 9 28
-0.138462 0.087179 1.794872 0 123 58
0.464286 -0.500000 2.500000 65 49 33
-0.491667 1.191667 5.833333 42 0 140
-0.319459 0.197631 1.895093 28 14 24
-0.265517 -0.150000 1.206897 103 69 98
0.908024 -0.607436 2.191781 116 135 159
0.510118 -0.412235 1.317647 166 146 177
0.008333 1.283333 5.833333 0 89 59
-0.344186 -0.403101 2.170543 135 160 122
-0.174181 -0.154143 1.078998 115 106 143
0.460714 0.050000 2.500000 136 13 43
1.009677 -0.500000 2.258065 142 127 85
1.050000 0.294444 3.888889 145 0 22
0.400000 -0.671429 2.500000 44 5 6
0.367857 -0.417857 2.500000 77 32 52
0.535714 -0.532143 2.500000 79 1 38
-0.450000 1.200000 5.833333 0 16 69
-0.708333 1.475000 5.833333 27 92 79
1.533333 0.400000 3.888889 120 80 0
0.015385 0.258974 1.794872 101 174 75
0.053846 -0.251282 1.794872 52 21 60
0.093053 -0.253312 1.809370 134 147 131
-0.234483 -0.022414 1.206897 30 67 89
1.088889 -0.166667 3.888889 109 8 43
1.483333 0.100000 3.888889 179 63 0
-0.239655 0.013793 1.206897 37 93 157
0.314286 -0.332143 2.500000 92 58 9
-0.224138 0.072414 1.206897 0 55 105
-1.216667 1.425000 5.833333 45 16 92
-0.308621 0.196552 1.206897 47 99 101
1.522222 0.111111 3.888889 166 18 71
-1.375000 1.066667 5.833333 16 120 60
1.425000 1.125000 5.833333 62 34 45
1.605556 0.450000 3.888889 206 110 39
-0.202564 -0.133333 1.794872 0 28 0
-0.336207 -0.200000 1.206897 16 65 131
-0.217241 -0.041379 1.206897 111 117 136
1.050000 0.627778 3.888889 124 106 16
-0.138462 -0.035897 1.794872 1 99 0
0.015385 -0.333333 1.794872 52 115 5
-0.066667 0.094872 1.794872 35 17 0
-0.345946 -0.598753 2.328482 150 114 116
1.000000 1.791667 5.833333 52 30 61
-0.375000 1.075000 5.833333 1 10 101
0.061538 0.138462 1.794872 94 49 31
1.016667 1.475000 5.833333 25 49 113
0.038462 0.289744 1.794872 38 73 52
0.485714 0.310714 2.500000 94 96 72
-0.166314 -0.155534 1.077960 137 135 155
0.178571 0.010714 2.500000 123 94 152
-1.108333 1.666667 5.833333 0 50 72
0.214286 -0.346429 2.500000 146 69 104
0.333333 0.672727 2.121212 114 115 115
0.069231 0.043590 1.794872 28 130 0
-0.241379 -0.175862 1.206897 75 66 106
0.260714 -0.153571 2.500000 90 0 126
0.432143 0.407143 2.500000 114 16 66
0.303571 0.428571 2.500000 84 0 0
0.175000 1.750000 5.833333 45 48 122
1.161111 -0.411111 3.888889 201 141 53
0.260714 -0.621429 2.500000 76 26 100
0.079487 -0.276923 1.794872 23 59 100
1.433333 0.483333 3.888889 93 19 55
-0.500000 1.133333 5.833333 80 33 61
-0.143590 0.141026 1.794872 54 146 0
0.999278 -0.248375 4.043321 124 128 108
-0.816667 1.766667 5.833333 0 60 65
-1.775000 1.583333 5.833333 0 71 63
-0.305172 -0.208621 1.206897 0 94 84
-0.010256 0.002564 1.794872 86 104 23
-0.363793 -0.024138 1.206897 69 0 149
-0.241379 0.120690 1.206897 0 0 133
-0.342620 -0.598753 2.328482 156 96 170
-0.575000 1.591667 5.833333 0 58 78
1.338889 -0.338889 3.888889 154 69 13
-0.243621 0.013169 1.536351 129 112 124
0.267857 0.175000 2.500000 119 48 0
0.553571 0.403571 2.500000 67 0 30
-0.332759 -0.041379 1.206897 26 57 32
-0.056410 -0.143590 1.794872 0 96 0
-0.332759 -0.094828 1.206897 89 45 86
-0.234483 0.086207 1.206897 6 3 178
0.407143 0.007143 2.500000 144 15 69
1.372222 0.283333 3.888889 145 135 42
-0.351724 -0.262069 1.206897 18 23 32
0.087319 0.084751 1.797753 97 99 114
0.514286 -0.039286 2.500000 77 0 37
0.051282 0.061538 1.794872 46 117 46
0.575000 1.425000 5.833333 14 45 102
-0.450000 0.411538 2.692308 0 73 104
0.266667 1.308333 5.833333 28 51 47
0.414286 0.314286 2.500000 127 14 105
0.560714 -0.521429 2.500000 141 0 27
-0.339655 -0.027586 1.206897 46 92 106
-0.356897 0.034483 1.206897 11 0 49
-0.274138 0.100000 1.206897 0 65 207
-0.353448 0.127586 1.206897 23 69 84
0.425000 0.250000 2.500000 185 56 101
0.507143 -0.225000 2.500000 96 78 88
0.071795 0.115385 1.794872 57 42 0
-0.017949 -0.066667 1.794872 0 78 0
-0.250000 1.025000 5.833333 52 106 79
-0.270690 0.036207 1.206897 8 13 20
0.291667 1.241667 5.833333 21 74 124
-0.215517 -0.087931 1.206897 153 148 128
1.066667 1.500000 5.833333 19 47 92
-0.179487 -0.076923 1.794872 0 64 24
0.396429 0.335714 2.500000 108 78 63
0.030769 0.187179 1.794872 0 94 32
-0.174359 -0.120513 1.794872 85 115 37
-1.166667 1.183333 5.833333 0 51 101
-0.241379 -0.055172 1.206897 19 28 124
-0.282759 0.205172 1.206897 20 50 47
0.903125 -0.615625 2.187500 134 122 156
0.000000 -0.378135 1.800643 122 146 144
1.600000 0.377778 3.888889 199 111 55
0.089600 -0.025600 1.792000 118 84 139
1.177778 -0.244444 3.888889 84 50 72
-0.041026 -0.287179 1.794872 26 51 0
-0.220513 -0.238462 1.794872 22 93 20
1.340000 1.233333 4.666667 111 156 118
-0.189744 -0.341026 1.794872 3 75 0
-0.231766 -0.158577 1.423126 168 127 125
-0.270690 -0.224138 1.206897 38 1 100
1.766308 0.688172 4.014337 157 94 86
1.083333 0.611111 3.888889 129 110 31
0.033333 0.058974 1.794872 18 80 38
0.575000 0.485714 2.500000 168 0 78
0.510714 0.060714 2.500000 105 18 141
1.516667 -0.061111 3.888889 195 142 0
-0.305618 -0.089888 1.797753 104 124 120
0.275000 0.489286 2.500000 135 53 98
-0.286207 -0.072414 1.206897 9 112 93
0.271429 0.428571 2.500000 130 0 93
0.174610 -0.666370 2.494432 115 182 154
-0.197436 0.210256 1.794872 20 156 38
-0.316667 1.066667 5.833333 37 109 35
-0.171795 -0.005128 1.794872 26 33 22
-0.087179 -0.341026 1.794872 20 102 69
-0.148790 -0.421911 1.426752 118 132 137
1.438889 0.505556 3.888889 100 16 11
0.267857 -0.432143 2.500000 121 2 84
1.183333 0.416667 3.888889 40 136 36
-0.231034 -0.094828 1.206897 31 1 99
-0.066667 1.691667 5.833333 9 0 90
-1.725000 1.416667 5.833333 97 0 98
0.575000 -0.064286 2.500000 129 0 138
-0.071380 -0.186685 0.768703 129 74 114
0.521429 0.039286 2.500000 133 0 37
-0.294828 -0.162069 1.206897 26 0 101
-0.332759 0.174138 1.206897 28 72 138
-0.491667 1.216667 5.833333 41 57 55
-0.200000 1.050000 5.833333 0 50 82
-0.069231 -0.156410 1.794872 0 48 9
-0.360345 0.015517 1.206897 61 105 54
1.633218 -0.060900 3.875432 132 158 143
-0.318946 0.284679 1.845140 7 46 59
1.627491 -0.060481 3.848797 118 122 104
0.071795 -0.015385 1.794872 0 73 0
-1.077720 1.807254 5.803109 131 153 121
0.328571 -0.153571 2.500000 103 15 141
0.289286 -0.507143 2.500000 156 75 139
-0.641667 1.650000 5.833333 0 119 72
-0.012821 0.256410 1.794872 61 92 112
0.388324 0.229525 0.934112 157 155 186
-1.791667 1.658333 5.833333 30 81 161
0.378571 0.353571 2.500000 143 15 107
0.008333 1.741667 5.833333 64 40 118
0.192857 0.325000 2.500000 86 8 89
-0.053846 -0.043590 1.794872 42 113 0
0.467857 0.442857 2.500000 145 32 0
1.422222 -0.261111 3.888889 109 25 0
-0.367241 -0.286207 1.206897 34 77 117
0.542857 -0.214286 2.500000 138 0 113
0.264286 -0.460714 2.500000 168 51 46
1.127273 1.023377 3.636364 108 124 100
0.196429 -0.589286 2.500000 72 0 79
1.433333 -0.555556 3.888889 192 116 0
1.283333 1.650000 5.833333 31 41 37
0.535714 0.217857 2.500000 137 0 69
-0.212069 -0.134483 1.206897 154 106 110
0.450000 1.266667 5.833333 34 129 82
0.025641 -0.302564 1.794872 87 88 13
0.225000 -0.496429 2.500000 47 105 19
-0.316667 1.733333 5.833333 0 17 117
0.069231 -0.097436 1.794872 25 75 0
-0.120513 -0.341026 1.794872 3 132 11
-0.355172 -0.100000 1.206897 32 35 68
0.471429 -0.035714 2.500000 130 11 102
0.492857 -0.139286 2.500000 27 60 90
0.460714 -0.164286 2.500000 109 36 121
1.138889 0.444444 3.888889 181 20 7
1.605556 0.122222 3.888889 159 146 0
0.066667 0.241026 1.794872 33 112 105
-0.107692 0.212821 1.794872 49 76 48
-0.305172 0.105172 1.206897 22 44 78
1.266667 -0.555556 3.888889 172 114 0
1.544444 0.555556 3.888889 133 60 73
1.150000 -0.305556 3.888889 208 104 7
-0.363793 0.096552 1.206897 19 58 173
1.144444 0.366667 3.888889 115 24 0
0.464286 -0.250000 2.500000 74 18 38
0.514286 -0.646429 2.500000 68 0 42
0.350000 -0.139286 2.500000 81 51 122
1.105556 -0.161111 3.888889 219 89 87
1.427778 -0.600000 3.888889 156 51 57
1.094444 -0.472222 3.888889 210 56 0
-0.082051 -0.130769 1.794872 27 131 6
0.364286 0.460714 2.500000 163 48 102
-0.025641 0.207692 1.794872 23 94 32
-0.158974 -0.079487 1.794872 2 78 95
1.316667 0.566667 3.888889 220 107 0
0.979931 0.199308 3.875432 145 129 137
1.316667 1.350000 5.833333 0 125 78
0.100000 1.666667 5.833333 42 47 75
0.314286 -0.153571 2.500000 123 33 4
1.561111 0.505556 3.888889 135 66 53
1.631579 0.315789 3.684211 92 109 110
-0.350000 -0.189655 1.206897 3 133 128
-0.246154 -0.220118 1.656805 114 127 139
0.908333 1.641667 5.833333 0 93 122
-1.400000 1.583333 5.833333 24 62 57
-0.363793 0.062069 1.206897 107 11 156
-1.175000 1.375000 5.833333 4 64 99
-0.158974 -0.243590 1.794872 65 107 81
4.376471 3.623530 10.980392 139 167 87
2.750877 1.768421 9.824561 116 100 112
0.582143 0.100000 2.500000 101 28 79
0.246429 -0.578571 2.500000 75 0 114
0.875000 1.683333 5.833333 55 10 86
-0.318622 -0.285899 1.205597 25 59 71
0.328571 -0.446429 2.500000 63 2 19
-0.290446 0.089172 1.783440 143 98 99
1.144444 -0.361111 3.888889 204 77 0
-0.174639 -0.369823 1.797753 0 71 44
1.238889 -0.105556 3.888889 168 116 0
-0.313793 -0.046552 1.206897 0 62 104
0.483333 1.791667 5.833333 73 48 60
0.217857 -0.642857 2.500000 2 68 78
1.053333 0.156667 2.333333 125 117 125
-0.375862 -0.167241 1.206897 51 58 106
-0.241379 0.167241 1.206897 27 59 137
-0.148718 -0.023077 1.794872 58 85 0
1.577778 0.116667 3.888889 178 78 87
1.594444 0.088889 3.888889 139 66 14
-0.950000 1.291667 5.833333 13 52 56
1.644444 -0.288889 3.888889 138 127 107
0.968858 0.310035 3.875432 175 139 84
-0.277586 -0.143103 1.206897 0 44 42
-0.069231 -0.271795 1.794872 0 171 79
0.489286 -0.675000 2.500000 181 49 45
0.038462 0.107692 1.794872 75 167 20
0.496429 0.253571 2.500000 134 59 64
0.457143 0.410714 2.500000 99 20 3
-0.329310 -0.218966 1.206897 0 55 41
-0.238462 0.015385 1.794872 0 95 0
1.133333 -0.433333 3.888889 188 122 77
0.328571 0.421429 2.500000 137 91 132
-0.187179 0.071795 1.794872 0 143 0
0.087179 -0.200000 1.794872 88 127 103
0.321429 -0.453571 2.500000 147 67 63
-0.218730 0.115393 1.205597 105 160 113
-0.150000 1.150000 5.833333 87 108 100
0.378571 -0.517857 2.500000 74 16 40
-0.833333 1.525000 5.833333 81 47 68
-0.112821 0.102564 1.794872 86 0 45
0.035897 -0.300000 1.794872 71 67 116
-0.475000 1.733333 5.833333 31 47 28
-0.241379 0.155172 1.206897 51 32 49
0.064103 -0.023077 1.794872 29 87 52
-0.079487 0.289744 1.794872 11 73 99
-0.071795 0.064103 1.794872 0 90 8
-0.375862 -0.039655 1.206897 36 0 74
0.371429 0.414286 2.500000 122 36 87
0.564286 -0.003571 2.500000 47 38 52
-0.015385 -0.292308 1.794872 72 105 0
0.172874 0.312644 2.574713 0 42 133
-0.028205 -0.148718 1.794872 5 139 25
-0.362069 0.058621 1.206897 22 71 101
0.289286 -0.564286 2.500000 22 0 67
0.973196 0.159450 3.848797 145 140 152
0.225000 -0.357143 2.500000 109 22 108
1.200000 -0.405556 3.888889 166 21 36
0.225000 0.410714 2.500000 129 53 28
1.025000 1.500000 5.833333 0 32 82
0.163341 0.215313 2.598608 107 148 121
0.428571 -0.289286 2.500000 181 22 50
0.217857 -0.385714 2.500000 172 0 109
0.214286 0.039286 2.500000 94 61 57
1.161111 -0.605556 3.888889 169 11 0
0.116667 1.466667 5.833333 7 0 78
0.464286 0.421429 2.500000 116 10 91
0.553571 0.410714 2.500000 145 69 85
1.377778 0.388889 3.888889 117 53 27
-0.303448 -0.275862 1.206897 5 55 113
-0.043590 0.258974 1.794872 26 7 11
0.317857 -0.142857 2.500000 184 61 131
-0.310345 -0.032759 1.206897 70 5 71
0.428571 -0.610714 2.500000 89 0 47
-0.298276 -0.196552 1.206897 0 50 97
-0.735714 1.571429 5.000000 146 142 157
-0.287931 -0.144828 1.206897 13 37 132
-0.161538 0.097436 1.794872 15 145 61
0.091667 1.783333 5.833333 0 73 114
0.010256 -0.084615 1.794872 40 72 111
1.627778 -0.444444 3.888889 136 32 5
0.035897 0.187179 1.794872 58 60 11
-0.058974 0.061538 1.794872 58 162 0
-0.350000 -0.215517 1.206897 123 40 128
0.335714 -0.482143 2.500000 135 48 36
-1.700000 1.466667 5.833333 0 38 93
0.441667 1.516667 5.833333 15 68 111
0.325000 -0.125000 2.500000 104 20 0
-0.384483 -0.091379 1.206897 0 56 43
1.305555 0.044444 3.888889 56 0 0
0.950000 1.741667 5.833333 23 27 86
-0.384483 0.112069 1.206897 0 69 119
0.516414 0.494345 1.544828 150 92 107
-0.158333 1.741667 5.833333 20 127 146
-1.716062 1.807254 5.803109 116 132 159
-0.382759 -0.077586 1.206897 40 39 151
1.277778 -0.166667 3.888889 194 53 0
-0.263793 0.031034 1.206897 43 40 133
2.386592 -1.653631 6.256983 142 116 130
0.079487 0.300000 1.794872 57 79 24
0.600000 1.233333 5.833333 111 0 87
-0.237931 0.106897 1.206897 81 156 64
1.322222 0.200000 3.888889 145 119 50
0.058974 0.171795 1.794872 8 14 12
-0.450000 1.691667 5.833333 26 98 78
0.925000 1.433333 5.833333 23 30 103
0.383746 -0.356789 1.110010 127 131 128
-0.224138 0.056897 1.206897 59 23 161
1.283333 0.244444 3.888889 137 86 44
-0.171795 0.223077 1.794872 95 103 46
1.072222 -0.322222 3.888889 185 70 17
0.575000 -0.632143 2.500000 113 18 39
-0.351429 -0.577143 2.000000 119 100 101
0.391667 1.658333 5.833333 82 39 3
0.310714 -0.614286 2.500000 173 0 55
0.017949 0.138462 1.794872 33 50 0
0.171429 -0.357143 2.500000 125 127 156
-0.241026 -0.323077 1.794872 52 145 47
1.566433 0.805594 3.916084 107 118 98
-0.125641 0.012821 1.794872 64 11 85
0.066667 1.025000 5.833333 23 75 189
0.235714 -0.542857 2.500000 101 68 98
-0.808333 1.525000 5.833333 0 83 112
0.435714 0.192857 2.500000 85 94 32
-0.253448 -0.024138 1.206897 36 117 80
1.083333 -0.327778 3.888889 123 155 7
-0.191411 -0.255215 1.145194 96 144 94
0.000000 -0.123077 1.794872 40 126 43
-0.277886 -0.291694 1.208199 117 136 118
0.866667 1.733333 5.833333 4 83 108
-0.243590 0.079487 1.794872 19 164 77
-1.358333 1.575000 5.833333 21 118 37
1.233333 0.544444 3.888889 112 98 8
-1.400000 1.591667 5.833333 76 97 144
0.300000 0.296429 2.500000 45 60 98
0.557143 0.242857 2.500000 165 41 100
0.571429 -0.100000 2.500000 67 86 0
0.235714 -0.371429 2.500000 108 81 19
0.392857 -0.507143 2.500000 141 2 66
-0.158974 0.220513 1.794872 0 128 56
0.675000 1.808333 5.833333 70 163 102
-0.051282 0.271795 1.794872 38 128 48
1.000000 1.408333 5.833333 0 67 86
1.012587 -0.682517 3.916084 115 139 114
-0.334483 0.117241 1.206897 42 56 252
0.058333 1.766667 5.833333 80 102 82
-0.227586 -0.122414 1.206897 48 78 109
-0.355172 0.020690 1.206897 44 99 111
-0.358333 1.383333 5.833333 17 0 65
-0.028205 0.269231 1.794872 16 80 34
0.483333 1.541667 5.833333 33 0 111
0.578571 -0.060714 2.500000 164 43 48
0.025641 -0.089744 1.794872 0 9 81
-0.250000 -0.248276 1.206897 0 86 150
1.233333 0.227778 3.888889 132 78 36
-0.379310 -0.025862 1.206897 73 67 70
1.483333 0.633333 3.888889 128 133 4
-1.041667 1.800000 5.833333 141 92 96
0.571429 0.507143 2.500000 98 7 0
0.271429 -0.239286 2.500000 149 64 0
0.258333 1.766667 5.833333 95 59 67
-0.350000 0.115517 1.206897 47 76 78
1.094444 -0.244444 3.888889 140 77 37
0.178571 -0.292857 2.500000 141 111 66
0.400000 -0.153571 2.500000 84 32 50
0.015385 0.117949 1.794872 37 62 75
-0.925000 1.091667 5.833333 59 54 71
0.512960 0.495498 1.527967 106 146 182
0.282143 -0.096429 2.500000 158 32 75
1.500000 -1.175000 5.833333 131 139 116
0.218022 -0.685714 2.461539 128 122 158
1.305555 -0.222222 3.888889 60 16 10
1.644444 0.177778 3.888889 113 114 101
0.232143 0.196429 2.500000 76 41 10
0.403571 0.296429 2.500000 78 47 146
-0.315517 0.020690 1.206897 0 67 100
0.253571 -0.021429 2.500000 114 26 100
0.432143 -0.400000 2.500000 124 15 27
0.539286 0.260714 2.500000 83 0 118
1.283333 0.316667 3.888889 186 62 85
0.071795 -0.041026 1.794872 0 62 0
0.708696 -1.004348 3.043478 154 148 161
0.925000 1.425000 5.833333 57 89 82
0.200000 1.241667 5.833333 27 97 93
-0.253448 0.098276 1.206897 0 119 55
0.350000 1.400000 5.833333 0 106 0
-0.212821 -0.282051 1.794872 102 102 22
1.655749 -0.356794 3.902439 122 108 136
1.511111 -0.338889 3.888889 138 127 30
-0.028205 -0.279487 1.794872 46 144 21
-0.337931 -0.260345 1.206897 20 92 99
0.217857 0.192857 2.500000 154 59 40
-0.243103 -0.063793 1.206897 79 89 137
-0.296960 -0.184320 1.792000 78 153 105
0.550000 -0.667857 2.500000 59 19 125
-0.043590 0.189744 1.794872 0 67 32
0.208850 -0.686726 2.477876 167 130 166
0.192857 -0.017857 2.500000 93 12 92
-0.035897 0.300000 1.794872 21 119 133
0.035897 0.089744 1.794872 92 89 80
-1.008333 1.308333 5.833333 0 26 111
-0.362069 0.079310 1.206897 0 0 145
1.344444 -0.627778 3.888889 191 55 0
1.600000 0.650000 3.888889 227 77 65
0.200000 0.089286 2.500000 111 20 50
-0.102564 0.174359 1.794872 49 86 0
1.200000 -0.594444 3.888889 141 67 52
-1.566667 1.658333 5.833333 0 3 78
1.038889 -0.177778 3.888889 176 102 17
-0.353448 0.184483 1.206897 2 75 97
-0.271947 0.007921 1.848185 96 138 98
0.008333 1.750000 5.833333 60 40 125
0.489286 0.096429 2.500000 140 0 58
1.272222 -0.261111 3.888889 114 169 49
0.421429 0.196429 2.500000 82 12 22
-0.017949 -0.064103 1.794872 35 68 84
-1.600000 1.066667 5.833333 16 45 131
1.483333 -0.433333 3.888889 174 58 33
0.985467 0.592387 3.875432 0 34 74
-0.235897 -0.089744 1.794872 99 130 0
0.417857 -0.025000 2.500000 88 62 69
0.521429 0.000000 2.500000 132 17 87
-0.275862 -0.274138 1.206897 59 43 104
0.503571 -0.539286 2.500000 153 35 0
0.442857 0.282143 2.500000 101 82 0
-0.239655 0.103448 1.206897 4 66 64
0.350000 -0.100000 2.500000 65 59 115
1.111111 0.600000 3.888889 134 74 0
0.178571 -0.467857 2.500000 108 153 126
-0.360345 0.177586 1.206897 56 0 123
-0.766667 1.608333 5.833333 66 69 89
-0.641667 1.591667 5.833333 0 50 100
1.639024 -0.167247 3.902439 110 135 131
-0.246552 -0.032759 1.206897 73 93 77
-0.291379 -0.143103 1.206897 0 0 119
0.947945 0.120548 3.835616 176 138 151
-0.035897 0.076923 1.794872 81 72 35
0.350000 1.191667 5.833333 0 56 90
-0.375862 -0.150000 1.206897 0 91 61
0.023077 0.097436 1.794872 60 60 44
-0.320690 -0.100000 1.206897 27 97 63
1.061111 -0.338889 3.888889 123 63 0
-0.069231 0.020513 1.794872 31 95 0
1.394444 0.583333 3.888889 95 36 0
-0.334483 0.194828 1.206897 62 61 83
1.805882 -0.411765 4.117647 140 101 119
1.272222 -0.305556 3.888889 198 126 0
0.321429 0.421429 2.500000 116 61 43
-1.777778 1.853968 5.925926 113 132 108
-0.272414 0.000000 1.206897 12 14 75
0.091667 1.425000 5.833333 4 68 64
1.333333 1.216667 5.833333 0 66 129
0.592857 -0.317857 2.500000 115 158 135
-1.250000 1.741667 5.833333 0 137 24
0.620184 -0.568807 2.568807 167 115 114
-0.332286 -0.259686 1.954625 110 170 107
1.288889 -0.516667 3.888889 28 98 0
-0.303448 0.020690 1.206897 28 104 132
0.346429 -0.428571 2.500000 113 8 9
-0.069231 0.243590 1.794872 74 65 110
1.350000 1.308333 5.833333 68 0 171
-0.243103 -0.005172 1.206897 0 20 25
0.392857 -0.332143 2.500000 139 0 26
-0.187179 -0.125641 1.794872 50 47 0
0.482155 -0.611448 1.885522 112 114 123
0.512000 0.400941 1.317647 94 122 137
1.250000 -0.644444 3.888889 192 113 41
-0.229310 -0.072414 1.206897 0 78 10
0.514286 -0.464286 2.500000 74 28 34
1.466667 0.522222 3.888889 112 19 31
-0.262069 -0.172414 1.206897 35 49 94
-0.250000 1.566667 5.833333 9 19 61
-0.367241 0.024138 1.206897 51 51 80
1.227778 0.533333 3.888889 143 79 0
-1.575000 1.133333 5.833333 42 136 59
0.471429 -0.203571 2.500000 113 16 45
0.325000 -0.210714 2.500000 85 0 82
0.228571 -0.110714 2.500000 65 61 45
0.758333 1.308333 5.833333 109 90 95
-0.308621 -0.168966 1.206897 44 62 145
0.271429 0.367857 2.500000 47 26 62
0.983333 -0.155556 3.888889 149 123 141
0.232143 -0.639286 2.500000 102 44 1
-0.310345 0.125862 1.206897 59 27 77
0.535714 0.053571 2.500000 159 0 122
1.477778 0.177778 3.888889 183 103 67
-3.102439 -3.492683 13.658537 147 161 69
0.400000 0.342857 2.500000 83 63 39
1.561111 -0.366667 3.888889 125 94 34
1.044444 -0.255556 3.888889 230 86 0
1.233333 0.183333 3.888889 187 117 47
-0.200000 0.284615 1.794872 53 86 49
-0.229310 0.010345 1.206897 44 21 101
-0.158974 -0.153846 1.794872 47 70 0
-0.641667 1.641667 5.833333 77 65 35
1.344444 -0.572222 3.888889 136 6 0
0.257143 -0.471429 2.500000 110 21 19
-0.334483 0.070690 1.206897 0 30 52
-0.325862 -0.015517 1.206897 6 46 126
-1.350000 1.541667 5.833333 34 27 70
0.058974 -0.176923 1.794872 85 74 48
0.382143 0.414286 2.500000 102 108 15
-0.322414 0.136207 1.206897 44 24 57
-0.192308 -0.135897 1.794872 0 137 12
1.605556 0.261111 3.888889 124 45 0
6.100000 0.140000 14.000000 148 124 175
0.367857 -0.139286 2.500000 92 0 28
-0.383333 1.633333 5.833333 57 43 105
0.167483 -0.124722 2.494432 133 108 88
1.594444 -0.472222 3.888889 131 76 0
-0.350000 1.775000 5.833333 67 73 44
0.189286 -0.335714 2.500000 81 28 51
0.167857 -0.332143 2.500000 98 111 88
0.253571 0.300000 2.500000 118 8 75
0.062069 -0.520690 2.413793 141 114 132
0.464286 0.307143 2.500000 39 57 68
-0.097436 -0.012821 1.794872 0 115 85
0.507143 0.128571 2.500000 46 99 25
-0.225862 -0.017241 1.206897 28 51 59
1.361111 0.061111 3.888889 140 78 6
0.833939 0.029091 3.393939 134 125 156
1.577778 -0.261111 3.888889 105 62 26
0.250000 0.428571 2.500000 17 71 79
1.216667 1.725000 5.833333 0 47 89
0.407143 0.228571 2.500000 135 60 0
1.135000 1.115000 3.500000 137 111 139
0.250000 1.016667 5.833333 0 70 83
-1.208333 1.075000 5.833333 28 88 156
0.575000 1.775000 5.833333 60 79 89
-0.339655 -0.087931 1.206897 0 39 131
-0.018234 -0.907123 3.190883 146 125 120
0.450000 0.392857 2.500000 164 65 88
-0.241026 -0.330769 1.794872 63 84 56
1.291667 1.325000 5.833333 8 29 44
1.194444 -0.116667 3.888889 107 111 2
1.166667 -0.333333 3.888889 226 72 35
0.253571 0.471429 2.500000 123 84 26
1.611111 0.455556 3.888889 172 87 24
-0.158333 1.008333 5.833333 0 0 56
-0.064103 -0.017949 1.794872 73 70 25
-0.483333 1.616667 5.833333 0 32 72
1.177778 -0.116667 3.888889 126 141 0
-1.650000 1.241667 5.833333 0 109 128
0.637037 -0.237037 2.592592 113 102 87
1.538889 -0.361111 3.888889 197 58 35
-1.516667 1.091667 5.833333 54 38 18
-0.224138 -0.158621 1.206897 0 9 60
1.333333 -0.027778 3.888889 163 149 64
-0.263793 -0.082759 1.206897 0 68 50
1.233333 0.466667 3.888889 177 66 63
-0.741667 1.800000 5.833333 117 97 128
-0.248276 0.056897 1.206897 74 42 98
-0.325862 0.046552 1.206897 44 72 142
-0.287931 -0.058621 1.206897 118 121 119
1.037681 -0.713043 4.057971 121 109 141
0.507143 -0.100000 2.500000 138 0 105
0.264286 0.114286 2.500000 42 81 111
-0.363793 0.086207 1.206897 15 57 147
-0.382759 0.132759 1.206897 43 109 161
0.396429 -0.075000 2.500000 116 97 40
-1.300000 1.575000 5.833333 30 27 105
1.627778 -0.333333 3.888889 176 167 0
0.489286 -0.603571 2.500000 131 37 23
0.446429 -0.450000 2.500000 140 47 29
-0.033333 0.202564 1.794872 18 19 0
-0.197436 -0.182051 1.794872 56 158 74
-0.229310 -0.037931 1.206897 41 76 125
1.558333 1.233333 5.833333 12 61 93
0.378571 0.260714 2.500000 95 56 95
-1.358333 1.266667 5.833333 5 42 53
1.255556 0.633333 3.888889 139 87 46
-0.005128 -0.015385 1.794872 67 122 53
1.411111 -0.200000 3.888889 97 125 0
-0.179487 -0.284615 1.794872 91 124 0
0.242857 -0.253571 2.500000 100 0 117
0.169585 0.206452 2.580645 121 156 141
0.303571 0.025000 2.500000 46 9 41
0.239286 0.078571 2.500000 65 74 77
0.357143 0.385714 2.500000 82 58 53
-0.368966 -0.055172 1.206897 0 91 99
0.028205 -0.141026 1.794872 85 135 16
-0.130769 0.200000 1.794872 80 49 36
0.358333 1.725000 5.833333 46 27 14
0.583333 1.641667 5.833333 0 42 90
-0.028205 0.038462 1.794872 5 99 5
-0.187179 0.251282 1.794872 0 132 2
1.255556 -0.627778 3.888889 119 25 37
-0.141026 -0.364103 1.794872 30 137 24
0.178571 -0.210714 2.500000 135 155 105
1.025000 1.266667 5.833333 41 46 73
-0.317241 -0.098276 1.206897 0 90 52
-0.164103 -0.061538 1.794872 37 7 67
0.500000 -0.414286 2.500000 84 0 60
-0.166667 0.238462 1.794872 105 15 18
0.200000 1.225000 5.833333 63 100 130
0.584410 0.463252 2.494432 151 66 86
0.357143 0.364286 2.500000 75 40 34
0.575000 -0.307143 2.500000 101 9 167
0.232143 0.360714 2.500000 135 0 6
1.200000 1.350000 5.833333 0 127 128
-0.017949 -0.033333 1.794872 26 96 65
1.527778 0.338889 3.888889 155 36 58
1.477778 0.533333 3.888889 128 105 13
-0.281034 -0.125862 1.206897 65 39 123
1.294444 -0.422222 3.888889 151 132 5
1.005556 -0.055556 3.888889 120 23 0
-0.125641 -0.123077 1.794872 8 59 0
-0.343103 0.056897 1.206897 37 43 109
-0.491667 1.325000 5.833333 20 80 72
1.116667 -0.588889 3.888889 157 113 0
-0.228205 -0.143590 1.794872 55 62 0
-0.102564 -0.194872 1.794872 0 128 71
-0.251282 -0.335897 1.794872 127 121 124
-1.150000 1.450000 5.833333 0 18 0
0.046154 0.284615 1.794872 65 143 0
0.633333 1.491667 5.833333 5 23 59
-0.336207 0.170690 1.206897 15 20 42
-0.212821 0.092308 1.794872 47 93 62
0.099358 -0.513919 2.398287 99 116 97
-0.184615 0.228205 1.794872 90 98 22
0.382143 0.014286 2.500000 0 0 87
-0.192308 0.287179 1.794872 105 47 97
1.094444 -0.461111 3.888889 118 100 34
-0.293103 -0.206897 1.206897 0 0 100
0.926471 0.370588 2.058824 104 144 113
0.207143 -0.253571 2.500000 48 0 35
1.133333 0.483333 3.888889 165 123 34
0.908333 1.366667 5.833333 0 31 75
0.557143 -0.157143 2.500000 151 46 120
1.358333 1.575000 5.833333 33 77 45
-0.146914 0.292593 0.864198 98 131 106
-1.150000 1.441667 5.833333 55 61 148
-0.253846 0.158974 1.794872 176 119 111
0.510714 0.296429 2.500000 82 14 112
0.475000 -0.039286 2.500000 35 134 0
0.053846 -0.225641 1.794872 74 102 0
1.190175 0.696140 3.929825 99 128 124
2.542857 -2.042857 10.000000 123 169 121
-0.291379 0.103448 1.206897 0 92 83
-0.084615 0.071795 1.794872 52 69 7
-0.375000 1.316667 5.833333 0 0 110
-1.766667 1.500000 5.833333 16 103 72
1.122222 0.472222 3.888889 209 118 54
-1.500000 1.325000 5.833333 62 47 15
1.541667 1.108333 5.833333 55 26 55
-0.966667 1.341667 5.833333 35 102 0
0.564286 -0.096429 2.500000 140 29 71
0.258333 1.758333 5.833333 23 77 49
1.083333 0.216667 3.888889 159 131 47
-0.143590 0.102564 1.794872 120 79 59
1.266667 -0.272222 3.888889 126 67 126
0.257143 0.007143 2.500000 109 0 42
1.072222 0.400000 3.888889 103 88 0
0.012821 0.038462 1.794872 0 148 13
0.200000 1.583333 5.833333 35 93 103
-1.416667 1.241667 5.833333 46 49 63
1.566667 1.191667 5.833333 11 0 84
0.221429 -0.400000 2.500000 114 4 24
0.396429 -0.614286 2.500000 145 7 34
-0.174359 0.207692 1.794872 28 92 72
1.427778 -0.144444 3.888889 123 42 0
1.425000 1.091667 5.833333 21 35 79
1.166667 -0.622222 3.888889 121 92 0
-0.148718 -0.174359 1.794872 39 118 90
-0.043590 -0.074359 1.794872 0 42 43
0.953726 -1.248628 4.392157 112 83 183
0.344200 -0.178561 0.822320 144 150 162
-0.287931 -0.132759 1.206897 27 101 77
1.050000 1.708333 5.833333 0 62 145
0.076923 0.128205 1.794872 106 80 66
-0.650000 1.333333 5.833333 12 2 113
-0.324138 -0.172414 1.206897 51 71 157
-0.015385 -0.164103 1.794872 56 174 16
-0.346552 0.158621 1.206897 39 71 91
1.433333 0.322222 3.888889 151 74 0
0.076923 -0.192308 1.794872 38 84 71
-0.133333 1.550000 5.833333 15 78 110
1.308333 1.283333 5.833333 38 21 2
-0.341379 -0.194828 1.206897 0 127 68
0.914286 -1.012987 3.636364 129 130 112
0.357143 -0.103571 2.500000 112 54 58
0.482143 0.207143 2.500000 105 57 114
1.172222 0.077778 3.888889 101 96 31
1.511111 -0.461111 3.888889 189 121 2
-0.158974 -0.220513 1.794872 39 160 29
-0.082051 -0.117949 1.794872 38 1 0
1.005556 -0.594444 3.888889 192 73 89
-0.076923 0.179487 1.794872 28 94 31
1.605556 -0.038889 3.888889 111 47 35
-0.033333 -0.328205 1.794872 0 137 36
0.094862 -0.383663 1.475626 139 156 70
-0.033333 1.291667 5.833333 0 18 102
-0.243103 0.074138 1.206897 0 36 100
-1.366667 1.716667 5.833333 23 58 80
0.033333 0.094872 1.794872 42 93 18
0.307143 0.385714 2.500000 181 29 61
-0.161538 -0.364103 1.794872 50 113 0
-1.675000 1.600000 5.833333 39 0 49
1.388889 0.605556 3.888889 187 53 20
-0.192308 -0.241026 1.794872 0 150 48
0.178571 0.257143 2.500000 55 78 88
1.094444 0.516667 3.888889 167 96 81
-0.179487 -0.351282 1.794872 50 101 29
0.206742 -0.278652 0.898876 131 128 129
0.250000 -0.175000 2.500000 175 81 126
-0.305172 -0.018966 1.206897 81 88 57
-0.213214 0.053751 1.254199 140 99 160
0.048718 0.194872 1.794872 98 104 27
1.272222 -0.083333 3.888889 112 90 76
-0.164103 -0.066667 1.794872 0 76 70
-0.251282 0.094872 1.794872 65 109 99
-0.293103 0.046552 1.206897 53 25 0
-0.691667 1.000000 5.833333 12 0 47
0.267857 -0.632143 2.500000 136 0 69
-0.291379 -0.112069 1.206897 86 40 71
0.564286 0.135714 2.500000 78 5 81
0.183333 1.600000 5.833333 0 82 59
-0.237931 -0.274138 1.206897 17 23 194
1.671910 -1.141573 6.292135 170 137 158
1.300000 1.070588 4.117647 151 124 84
-0.275862 -0.215517 1.206897 0 78 38
-0.975000 1.666667 5.833333 0 150 59
-0.235897 -0.176923 1.794872 0 124 65
-0.324555 -0.569395 1.992883 117 161 133
0.467857 -0.582143 2.500000 148 41 76
-0.274138 0.167241 1.206897 13 39 190
1.377778 0.161111 3.888889 62 41 50
-0.133333 -0.348718 1.794872 23 42 33
0.706267 -1.033243 3.051771 110 147 160
0.296429 -0.642857 2.500000 134 0 70
-0.244828 0.039655 1.206897 71 55 103
-0.110256 -0.107692 1.794872 81 63 19
-0.211390 -0.218679 1.275626 84 193 122
0.464286 0.503571 2.500000 91 0 30
1.144444 -0.250000 3.888889 102 163 0
-0.279310 0.058621 1.206897 50 32 109
0.407143 0.285714 2.500000 120 3 25
-0.958333 1.466667 5.833333 52 34 58
-0.189744 -0.364103 1.794872 46 97 26
1.411111 -0.411111 3.888889 117 108 58
-0.097436 -0.069231 1.794872 41 103 0
1.611111 0.350000 3.888889 114 63 0
0.592857 0.050000 2.500000 112 195 128
1.311111 -0.444444 3.888889 164 71 4
1.361111 -0.411111 3.888889 130 101 5
0.560714 -0.257143 2.500000 33 73 24
-0.214035 0.021053 1.228070 133 112 157
1.211765 0.723529 4.117647 150 113 143
1.011111 0.105556 3.888889 151 69 63
-0.076923 -0.230769 1.794872 26 148 71
0.988889 -0.433333 3.888889 82 134 143
0.528571 -0.442857 2.500000 124 9 43
-0.215385 0.202564 1.794872 24 89 121
1.288889 0.033333 3.888889 117 39 98
0.196429 -0.275000 2.500000 117 99 67
-1.650000 1.183333 5.833333 0 24 57
-0.375862 0.125862 1.206897 52 176 60
0.521429 -0.489286 2.500000 42 60 75
-0.087179 0.138462 1.794872 41 65 34
-0.272414 -0.013793 1.206897 0 42 33
0.450000 -0.582143 2.500000 133 16 70
-0.277586 0.046552 1.206897 6 126 109
0.592857 -0.117857 2.500000 111 113 134
1.294444 -0.261111 3.888889 135 65 29
0.578571 0.325000 2.500000 166 83 0
0.496429 -0.632143 2.500000 70 20 0
0.475000 0.157143 2.500000 122 32 14
1.105556 0.177778 3.888889 229 19 15
0.292857 -0.032143 2.500000 100 4 43
1.300000 0.633333 3.888889 128 47 1
0.983333 -0.394444 3.888889 126 105 145
0.375000 -0.271429 2.500000 200 28 51
-0.263793 -0.286207 1.206897 59 29 71
1.483333 0.033333 3.888889 124 89 0
0.189286 -0.239286 2.500000 118 12 47
0.382344 -0.196043 0.852359 146 107 123
1.161111 0.005556 3.888889 146 0 0
-0.365517 0.043103 1.206897 80 93 139
0.528571 -0.300000 2.500000 115 40 0
0.528571 -0.417857 2.500000 4 16 18
-0.069231 0.187179 1.794872 37 53 17
-0.262069 -0.213793 1.206897 0 57 92
0.158333 1.733333 5.833333 33 71 77
1.361111 -0.311111 3.888889 125 48 21
-0.875000 1.200000 5.833333 20 66 88
1.706294 -0.352448 3.916084 138 147 159
-0.308333 -0.319444 1.944444 97 85 84
0.496429 -0.225000 2.500000 93 27 64
0.396429 -0.639286 2.500000 155 73 20
-0.158974 -0.174359 1.794872 41 88 39
-1.158333 1.133333 5.833333 22 22 16
0.210714 -0.553571 2.500000 102 57 18
0.958333 1.600000 5.833333 23 72 102
1.577778 -0.550000 3.888889 68 116 75
-0.229310 0.167241 1.206897 0 60 96
0.214286 0.060714 2.500000 83 41 0
-0.056410 0.082051 1.794872 0 92 0
0.015385 0.217949 1.794872 0 111 57
0.421429 -0.514286 2.500000 61 84 110
-0.331034 -0.191379 1.206897 6 49 46
0.591667 1.725000 5.833333 111 36 104
0.225000 1.741667 5.833333 0 0 45
-0.238462 -0.328205 1.794872 0 52 43
1.522222 0.250000 3.888889 140 31 53
1.005556 -0.333333 3.888889 226 0 45
-0.386207 0.051724 1.206897 0 35 115
-1.250000 1.633333 5.833333 0 44 30
1.077778 0.655556 3.888889 105 79 53
-1.066667 1.083333 5.833333 45 33 19
0.489286 0.217857 2.500000 129 26 9
-0.507429 -0.923429 3.200000 151 90 140
2.358685 -0.878873 5.258216 150 117 111
0.513882 0.402824 1.317647 96 82 108
0.082051 -0.107692 1.794872 187 123 131
0.071795 0.238462 1.794872 0 81 30
-0.287931 0.079310 1.206897 9 119 159
-0.153846 0.284615 1.794872 24 78 167
1.422222 0.427778 3.888889 175 154 0
0.578571 -0.207143 2.500000 101 58 104
1.455856 -0.446847 3.363363 126 144 136
-0.263793 -0.200000 1.206897 15 137 105
1.133333 -0.083333 3.888889 183 97 0
1.188889 0.111111 3.888889 143 85 41
-0.337931 -0.182759 1.206897 0 71 145
0.403571 0.407143 2.500000 71 9 48
0.367857 -0.278571 2.500000 65 26 122
1.489655 0.673103 3.862069 118 148 123
-0.372414 -0.144828 1.206897 21 80 21
-0.043590 0.233333 1.794872 11 30 23
0.564286 -0.242857 2.500000 140 23 90
0.392857 0.428571 2.500000 102 63 29
0.100000 1.241667 5.833333 7 23 58
0.038462 0.161538 1.794872 77 117 74
0.628176 -0.598614 2.586605 105 112 75
-0.008333 1.800000 5.833333 149 121 130
1.516667 -0.050000 3.888889 121 109 48
0.232143 -0.103571 2.500000 115 52 0
-0.308621 -0.220690 1.206897 49 35 67
1.027778 -0.022222 3.888889 151 114 8
0.475000 0.114286 2.500000 111 8 44
0.317857 -0.292857 2.500000 135 65 101
-0.332759 0.055172 1.206897 116 67 81
0.550000 0.039286 2.500000 88 60 85
-1.675000 1.666667 5.833333 2 58 8
0.257143 -0.232143 2.500000 146 73 85
-0.367241 -0.206897 1.206897 37 70 64
0.457143 0.217857 2.500000 105 63 134
0.167857 -0.482143 2.500000 98 163 96
0.634101 -0.044240 2.580645 114 115 90
-0.336207 -0.267241 1.206897 55 71 30
0.485714 -0.542857 2.500000 174 0 16
-0.368966 0.201724 1.206897 0 68 143
-0.117949 0.056410 1.794872 101 96 28
3.808850 3.228318 9.911505 156 95 126
0.232143 0.103571 2.500000 112 102 51
0.564286 0.446429 2.500000 146 0 59
1.188889 0.477778 3.888889 188 70 51
-0.066667 0.012821 1.794872 37 134 35
0.000000 -0.161538 1.794872 11 72 42
0.439286 -0.257143 2.500000 132 39 99
0.289286 -0.353571 2.500000 142 33 70
-1.525000 1.050000 5.833333 85 32 70
1.458333 1.425000 5.833333 80 79 108
-0.336207 0.055172 1.206897 16 73 154
1.138889 -0.150000 3.888889 175 110 0
-0.185551 -0.310266 1.064639 132 158 161
-0.312069 0.068966 1.206897 0 26 35
0.303571 0.182143 2.500000 75 18 12
1.416667 1.191667 5.833333 0 30 98
-0.087179 -0.176923 1.794872 12 42 10
0.666667 1.483333 5.833333 56 15 91
-0.300000 0.062162 1.891892 141 150 116
-0.205128 0.207692 1.794872 0 125 27
-0.279310 0.172414 1.206897 48 2 129
-0.156410 0.258974 1.794872 41 93 28
-0.227586 -0.281034 1.206897 18 28 101
1.177778 -0.094444 3.888889 151 13 61
-0.766667 1.441667 5.833333 49 24 83
-0.272527 -0.334066 1.025641 141 143 138
0.900000 1.733333 5.833333 10 67 59
-0.200000 -0.243590 1.794872 25 29 39
-0.074359 -0.320513 1.794872 40 187 47
-0.265517 -0.060345 1.206897 0 82 168
-0.228205 -0.092308 1.794872 42 35 45
0.575000 -0.078571 2.500000 186 82 92
0.074359 -0.292308 1.794872 83 148 30
0.410714 0.132143 2.500000 44 0 57
-0.105128 0.305128 1.794872 26 53 97
-0.310345 0.146552 1.206897 6 31 116
1.355556 -0.288889 3.888889 145 177 0
-0.270690 0.198276 1.206897 3 61 128
0.043590 -0.325641 1.794872 67 142 118
-0.243590 -0.105128 1.794872 0 70 0
1.305555 -0.572222 3.888889 110 58 61
1.508333 1.666667 5.833333 35 28 104
0.464286 0.432143 2.500000 36 32 103
0.023077 -0.123077 1.794872 34 52 1
-0.372414 -0.167241 1.206897 53 31 52
0.178571 0.407143 2.500000 0 85 77
0.239286 -0.089286 2.500000 88 47 70
-0.275862 -0.122414 1.206897 0 26 78
-0.216667 1.316667 5.833333 16 102 93
-1.575000 1.183333 5.833333 0 59 43
-0.384069 0.096448 1.205597 28 124 210
-0.348276 -0.001724 1.206897 71 111 31
0.069231 0.053846 1.794872 0 114 101
0.090177 0.206119 1.803543 58 48 57
0.250000 -0.378571 2.500000 80 68 28
-0.313793 0.046552 1.206897 39 111 20
0.257143 0.325000 2.500000 114 1 103
1.288889 -0.533333 3.888889 197 32 76
-0.266667 1.533333 5.833333 23 76 67
-0.025000 1.391667 5.833333 18 43 125
0.475029 -0.412428 1.288838 191 113 115
1.300000 1.458333 5.833333 0 5 96
0.041667 1.766667 5.833333 25 57 143
0.999197 -0.507631 2.248996 111 81 152
-0.212069 -0.136207 1.206897 110 157 110
1.475000 1.116667 5.833333 70 33 24
0.325000 -0.067857 2.500000 63 25 98
-0.356897 0.201724 1.206897 41 19 59
-0.169231 -0.189744 1.794872 26 76 10
1.333333 -0.172222 3.888889 122 100 0
-0.164103 -0.212821 1.794872 109 120 15
0.303571 0.153571 2.500000 152 97 69
-1.366667 1.450000 5.833333 56 0 94
0.516667 1.416667 5.833333 50 119 97
1.458333 1.091667 5.833333 0 38 0
1.633862 1.786243 5.925926 88 115 109
0.200000 -0.157143 2.500000 121 24 83
-0.368966 0.027586 1.206897 53 0 172
-0.315517 0.134483 1.206897 0 37 121
0.175000 0.021429 2.500000 87 199 92
-0.318966 0.017241 1.206897 0 36 141
-0.225641 0.064103 1.794872 21 0 100
0.325000 0.367857 2.500000 88 5 0
1.450602 -0.448193 3.373494 124 123 125
0.457143 0.007143 2.500000 128 21 39
1.455556 0.177778 3.888889 198 94 84
-0.343103 -0.068966 1.206897 22 69 130
1.511111 0.544444 3.888889 138 76 31
0.578571 0.171429 2.500000 133 0 116
1.494444 -0.450000 3.888889 77 94 0
-0.291667 1.283333 5.833333 0 53 110
-0.358621 0.096552 1.206897 71 22 131
0.264286 0.167857 2.500000 78 41 67
0.564286 0.196429 2.500000 110 43 0
1.500000 -0.472222 3.888889 115 87 13
-0.924224 1.118012 3.478261 135 124 122
1.511111 0.505556 3.888889 65 52 0
-1.025000 1.266667 5.833333 0 30 130
1.038889 -0.083333 3.888889 152 132 16
0.553571 0.207143 2.500000 136 73 84
-0.251724 0.034483 1.206897 0 106 95
1.400000 1.816667 5.833333 148 115 120
0.475000 1.475000 5.833333 94 1 108
1.316667 0.588889 3.888889 145 79 10
-1.816667 1.208333 5.833333 22 19 118
0.708333 1.250000 5.833333 54 54 28
1.438889 -0.333333 3.888889 151 105 18
-0.303448 0.143103 1.206897 0 76 119
1.538889 0.561111 3.888889 131 10 49
-1.441667 1.350000 5.833333 0 22 34
0.307143 -0.667857 2.500000 109 19 20
0.515094 0.398113 1.320755 109 165 142
0.300000 -0.203571 2.500000 147 51 36
0.641492 -0.249883 2.610723 135 127 120
1.577778 0.005556 3.888889 91 49 0
1.572222 0.138889 3.888889 101 14 0
0.182143 -0.542857 2.500000 111 37 62
1.191667 1.650000 5.833333 21 46 87
0.483333 1.433333 5.833333 44 85 20
0.453571 0.300000 2.500000 60 45 145
1.488889 0.633333 3.888889 145 97 68
-1.600000 1.575000 5.833333 69 130 38
-0.255172 -0.081034 1.206897 0 54 101
0.023077 0.197436 1.794872 51 88 145
0.400000 -0.203571 2.500000 138 0 115
-0.218000 -0.222000 1.400000 153 150 180
0.427617 -0.680624 2.494432 97 5 62
-0.043590 0.115385 1.794872 4 51 0
1.327778 0.238889 3.888889 111 121 3
0.350000 -0.092857 2.500000 86 3 30
0.316667 1.250000 5.833333 58 0 58
-0.296552 -0.263793 1.206897 0 30 87
-0.558333 1.375000 5.833333 33 36 144
0.596429 -0.632143 2.500000 105 175 100
-0.554667 -0.853333 2.488889 120 139 120
-1.433333 1.750000 5.833333 22 53 59
-0.975000 1.375000 5.833333 6 178 54
0.542857 0.439286 2.500000 115 51 72
0.475000 1.708333 5.833333 9 53 37
0.278571 0.485714 2.500000 103 24 11
1.561111 -0.483333 3.888889 97 116 0
0.335714 -0.517857 2.500000 74 3 13
0.620000 -0.326000 1.400000 110 165 147
-0.328348 -0.264348 1.947826 132 85 144
-0.206803 -0.232200 1.269841 140 133 106
1.344444 0.388889 3.888889 133 106 0
0.414286 0.432143 2.500000 68 32 78
-0.363793 -0.110345 1.206897 12 60 113
1.093436 -0.809266 4.324324 127 110 103
0.371429 -0.396429 2.500000 132 20 60
1.264605 0.687285 3.848797 130 142 150
0.557143 -0.350000 2.500000 85 27 31
0.079487 -0.271795 1.794872 41 89 56
-0.267241 -0.217241 1.206897 0 107 81
1.461111 -0.600000 3.888889 155 76 0
1.177778 -0.500000 3.888889 159 81 70
0.393333 0.218667 0.933333 153 104 163
-1.841667 1.366667 5.833333 0 83 35
1.358333 1.241667 5.833333 34 66 102
0.321429 -0.267857 2.500000 149 78 95
0.267857 0.239286 2.500000 85 35 29
-0.343103 -0.137931 1.206897 21 80 104
-0.288722 -0.292159 1.203007 166 127 146
-1.383333 1.483333 5.833333 9 18 71
-0.130769 0.217949 1.794872 67 64 0
-1.091667 1.391667 5.833333 15 0 108
-1.758333 1.091667 5.833333 0 86 101
-0.028205 -0.171795 1.794872 64 107 33
-0.156410 0.120513 1.794872 8 144 70
1.175000 1.691667 5.833333 0 29 92
-0.691667 1.558333 5.833333 13 2 90
0.596429 -0.378571 2.500000 154 98 139
0.425000 0.132143 2.500000 131 57 0
-0.225641 0.174359 1.794872 27 37 0
-0.363793 -0.243103 1.206897 39 124 180
1.022222 -0.138889 3.888889 177 68 0
0.341667 1.641667 5.833333 63 38 0
-0.386207 0.055172 1.206897 52 57 31
1.616667 1.683333 5.833333 128 168 162
-0.133333 1.100000 5.833333 14 76 87
-0.750000 1.150000 5.833333 0 29 55
-1.341667 1.191667 5.833333 0 13 142
1.627778 0.327778 3.888889 183 128 36
-0.279310 0.062069 1.206897 63 46 68
1.500000 1.425000 5.833333 30 68 49
-0.017949 0.212821 1.794872 17 110 51
-0.066667 1.075000 5.833333 33 24 84
0.046154 0.274359 1.794872 0 146 53
0.396429 0.014286 2.500000 104 0 58
1.150000 0.216667 3.888889 138 48 15
0.548775 -0.684187 2.494432 126 0 108
1.500000 -0.283333 3.888889 106 91 0
0.428571 0.107143 2.500000 103 0 79
-1.058333 0.800000 5.833333 2 75 110
1.025000 1.391667 5.833333 0 94 91
-0.030769 0.217949 1.794872 12 154 0
1.138889 -0.094444 3.888889 190 39 25
-0.272414 -0.160345 1.206897 7 72 155
1.341667 1.700000 5.833333 65 31 67
-0.179487 -0.269231 1.794872 114 119 72
0.341860 0.187209 0.813953 149 129 90
1.355556 0.111111 3.888889 129 157 0
1.011014 0.695652 3.246377 128 140 119
0.025641 -0.323077 1.794872 51 107 20
-0.007692 0.158974 1.794872 40 57 57
-1.341667 1.758333 5.833333 60 0 57
1.166667 0.105556 3.888889 96 177 125
0.467857 -0.296429 2.500000 56 0 0
0.363004 -0.198577 0.885375 155 122 131
0.357143 1.109524 3.333333 122 165 150
-0.287931 -0.034483 1.206897 67 0 119
-0.298276 -0.248276 1.206897 19 45 147
-0.025641 -0.358974 1.794872 4 68 2
-0.408333 1.341667 5.833333 0 15 92
0.471429 -0.342857 2.500000 130 0 94
-0.379310 0.096552 1.206897 0 104 131
1.105556 0.022222 3.888889 180 120 0
1.516667 0.294444 3.888889 104 70 69
-1.625000 1.491667 5.833333 54 53 93
-0.123077 0.171795 1.794872 13 118 25
-0.187179 -0.174359 1.794872 0 62 44
1.091667 1.791667 5.833333 8 56 137
-0.133333 0.102564 1.794872 131 103 46
0.266667 1.283333 5.833333 31 38 104
1.275000 1.408333 5.833333 0 94 89
0.446429 -0.028571 2.500000 80 61 89
1.300000 -0.233333 3.888889 127 28 0
1.638889 -0.005556 3.888889 124 155 151
-0.148718 -0.269231 1.794872 22 99 0
-0.591667 1.183333 5.833333 72 37 123
0.527037 0.392916 1.322314 140 82 159
0.949508 -1.007213 3.672131 105 115 166
0.489474 -0.344737 1.842105 129 110 134
-0.056410 0.074359 1.794872 66 71 56
0.578571 -0.064286 2.500000 133 30 79
0.317857 0.178571 2.500000 56 64 80
1.405555 0.355556 3.888889 169 121 72
0.596429 -0.442857 2.500000 145 144 127
1.222222 0.244444 3.888889 117 76 70
-0.816667 1.716667 5.833333 44 72 50
-0.343103 0.131034 1.206897 0 95 165
-0.002564 0.010256 1.794872 88 117 50
0.382143 -0.642857 2.500000 68 89 66
1.244444 -0.550000 3.888889 203 73 35
-0.084615 -0.212821 1.794872 10 118 32
-0.260345 0.198276 1.206897 57 109 126
-0.182051 -0.087179 1.794872 40 53 107
-0.182051 0.030769 1.794872 55 142 32
-0.217949 0.094872 1.794872 39 179 68
-0.513580 2.192593 6.913580 117 97 215
0.513514 -0.616216 1.891892 123 105 137
-0.541667 1.208333 5.833333 45 65 115
1.516667 -0.672222 3.888889 102 138 128
-0.933333 1.425000 5.833333 28 129 100
0.217857 0.214286 2.500000 131 0 91
-0.117949 -0.169231 1.794872 3 45 56
1.500000 -0.622222 3.888889 153 101 0
-0.092308 -0.302564 1.794872 33 0 0
1.358333 1.525000 5.833333 59 29 37
1.055555 -0.261111 3.888889 194 113 61
-0.370690 -0.160345 1.206897 4 63 147
-0.046154 0.217949 1.794872 34 74 52
1.266667 -0.061111 3.888889 129 114 83
1.094444 -0.205556 3.888889 167 0 45
0.087601 0.020612 1.803543 133 115 140
-0.048718 -0.205128 1.794872 1 73 41
1.233333 1.691667 5.833333 33 39 121
-0.433333 1.475000 5.833333 0 63 129
-0.353448 0.093103 1.206897 0 87 162
-1.566667 1.391667 5.833333 0 8 4
0.192857 -0.567857 2.500000 87 0 51
-0.360345 -0.181034 1.206897 34 86 119
-0.079487 -0.266667 1.794872 85 138 39
-0.318966 0.175862 1.206897 98 116 60
0.453571 -0.453571 2.500000 118 0 161
-0.225641 -0.233333 1.794872 38 76 0
1.344444 0.472222 3.888889 148 51 0
0.825000 1.450000 5.833333 0 77 120
-0.017949 -0.017949 1.794872 48 111 28
-0.700000 1.558333 5.833333 30 110 68
0.260714 -0.303571 2.500000 123 9 83
0.253571 -0.560714 2.500000 114 0 50
1.458333 1.500000 5.833333 48 56 144
0.100000 0.107692 1.794872 114 140 147
-0.268966 -0.279310 1.206897 0 52 66
-0.365517 0.158621 1.206897 5 27 119
-0.221569 0.182353 1.372549 26 74 150
-0.128205 0.069231 1.794872 62 95 13
0.833333 1.750000 5.833333 94 48 93
-0.189744 0.176923 1.794872 64 169 0
-0.372414 -0.117241 1.206897 24 84 72
-0.908333 1.566667 5.833333 0 35 46
1.183333 1.491667 5.833333 35 96 26
1.022222 -0.605556 3.888889 196 95 0
-0.210256 -0.166667 1.794872 62 1 75
1.191667 1.458333 5.833333 0 73 85
-0.187179 0.153846 1.794872 44 84 0
0.278571 -0.475000 2.500000 105 11 33
0.464286 0.450000 2.500000 77 84 114
0.200000 0.432143 2.500000 121 30 97
0.425000 -0.171429 2.500000 75 0 57
1.127778 -0.066667 3.888889 149 0 43
-0.153846 -0.348718 1.794872 0 49 17
0.239286 -0.432143 2.500000 133 60 60
-0.023077 0.017949 1.794872 49 69 52
-0.331034 -0.063793 1.206897 6 105 77
0.453571 -0.296429 2.500000 128 0 10
0.478571 -0.492857 2.500000 30 20 68
1.358333 1.716667 5.833333 0 121 163
0.257143 0.507143 2.500000 100 55 58
0.507143 -0.689286 2.500000 135 144 118
-0.056410 0.066667 1.794872 0 75 36
1.277778 0.661111 3.888889 131 108 51
0.221429 -0.121429 2.500000 190 0 27
1.588889 0.288889 3.888889 176 75 23
0.539286 -0.489286 2.500000 134 7 149
1.100000 0.650000 3.888889 78 77 75
1.111111 -0.116667 3.888889 133 79 13
0.289286 -0.382143 2.500000 91 24 43
-0.305172 0.125862 1.206897 0 8 14
0.354118 -0.174118 0.823529 152 111 149
0.253571 -0.082143 2.500000 196 25 54
-0.262069 0.163793 1.206897 63 73 83
-0.950000 1.650000 5.833333 152 42 101
0.392857 -0.589286 2.500000 106 16 45
-0.094872 0.089744 1.794872 95 12 28
0.517857 -0.557143 2.500000 136 28 0
-0.141026 -0.130769 1.794872 0 155 0
-0.123077 -0.153846 1.794872 24 121 0
-0.291379 0.179310 1.206897 0 106 46
-0.125641 0.279487 1.794872 3 72 68
0.017949 -0.112821 1.794872 0 67 67
1.392746 0.787565 5.803109 0 109 103
0.183333 1.750000 5.833333 0 86 166
0.564286 -0.521429 2.500000 132 107 132
-0.301724 0.003448 1.206897 51 36 77
-1.366667 1.683333 5.833333 7 0 18
0.343478 -0.428261 1.521739 118 126 165
1.466667 -0.061111 3.888889 107 62 129
-0.071795 -0.146154 1.794872 34 74 62
0.278571 0.442857 2.500000 94 7 94
0.614000 -0.296000 1.400000 66 129 104
0.200000 0.239286 2.500000 90 45 71
-0.260586 -0.224104 1.824104 209 142 171
-1.008333 1.266667 5.833333 0 65 70
-0.983333 1.625000 5.833333 56 27 6
-0.143590 -0.251282 1.794872 56 92 23
-0.151282 -0.256410 1.794872 69 174 10
-0.318966 -0.150000 1.206897 0 113 86
1.433333 1.658333 5.833333 0 25 48
-1.825000 1.358333 5.833333 83 31 80
1.050000 1.241667 5.833333 0 77 35
-0.322414 0.182759 1.206897 78 0 109
0.289286 0.278571 2.500000 162 22 115
0.383333 1.616667 5.833333 51 39 51
-0.246552 0.089655 1.206897 0 10 138
0.332143 -0.407143 2.500000 64 53 0
0.583333 1.541667 5.833333 42 0 53
-0.379310 -0.177586 1.206897 52 69 51
-0.313793 0.006897 1.206897 16 94 51
-0.366602 -0.403883 2.174757 120 143 105
0.592857 -0.096429 2.500000 102 116 152
0.346429 0.114286 2.500000 124 17 55
1.050000 -0.005556 3.888889 121 128 48
0.503571 -0.500000 2.500000 132 31 67
-1.125000 1.366667 5.833333 0 67 55
0.560714 -0.021429 2.500000 105 0 58
-0.841667 1.108333 5.833333 31 56 107
0.592857 -0.003571 2.500000 147 158 149
-1.841667 1.141667 5.833333 69 101 0
-0.317241 -0.231034 1.206897 0 84 81
1.472222 -0.355556 3.888889 184 124 7
1.105556 -0.050000 3.888889 209 48 12
0.353571 0.021429 2.500000 77 0 79
0.564286 -0.653571 2.500000 128 89 0
-0.225619 0.196340 1.205597 8 29 116
6.123457 -0.888889 13.827161 150 159 112
1.350000 1.416667 5.833333 1 91 91
1.138889 0.061111 3.888889 78 25 0
1.344444 0.238889 3.888889 144 138 0
0.641667 1.358333 5.833333 98 5 45
-1.491667 1.558333 5.833333 20 0 84
-0.220690 -0.125862 1.206897 114 127 129
-0.028205 -0.120513 1.794872 53 178 50
-0.169231 -0.269231 1.794872 70 159 70
-0.348276 0.060345 1.206897 3 71 141
1.633333 0.005556 3.888889 169 168 111
-0.206699 0.021053 1.339713 109 143 165
-1.375000 1.283333 5.833333 0 166 108
-1.775000 1.183333 5.833333 18 65 79
1.333333 1.466667 5.833333 0 31 86
-0.383333 1.108333 5.833333 0 72 9
1.411111 0.350000 3.888889 125 88 0
-0.375862 -0.168966 1.206897 23 27 128
1.305555 0.038889 3.888889 76 19 35
1.183333 -0.200000 3.888889 127 100 69
-1.783333 1.408333 5.833333 39 85 42
-0.675000 1.616667 5.833333 0 74 110
0.241667 1.258333 5.833333 0 37 102
-0.120513 -0.335897 1.794872 53 137 17
0.504801 0.493827 1.536351 92 141 124
1.394444 -0.344444 3.888889 118 93 30
0.464286 0.400000 2.500000 101 31 30
1.338889 -0.361111 3.888889 151 65 87
0.516981 0.392453 1.320755 124 113 123
-0.241379 0.158621 1.206897 90 87 114
-0.277586 0.175862 1.206897 54 0 186
-0.246552 -0.105172 1.206897 17 29 52
-0.475000 1.333333 5.833333 0 94 97
0.310714 -0.271429 2.500000 107 11 9
0.015385 0.292308 1.794872 77 83 76
0.066667 -0.205128 1.794872 61 129 61
0.051282 -0.174359 1.794872 35 138 44
0.282143 -0.282143 2.500000 89 94 46
0.275000 1.475000 5.833333 0 118 135
1.366667 0.050000 3.888889 177 133 0
-0.329310 -0.246552 1.206897 11 98 51
1.105556 -0.261111 3.888889 212 23 20
0.382143 -0.271429 2.500000 153 19 42
0.435714 0.100000 2.500000 103 99 81
-0.315517 0.101724 1.206897 10 104 88
1.394444 -0.522222 3.888889 70 82 2
1.461111 0.388889 3.888889 132 0 20
-0.235897 -0.171795 1.794872 49 140 83
1.327778 -0.288889 3.888889 105 119 69
0.595100 -0.662806 2.494432 104 142 112
0.500000 1.808333 5.833333 93 114 116
-0.386207 -0.272414 1.206897 19 119 88
0.043590 -0.048718 1.794872 0 110 36
0.525000 -0.425000 2.500000 131 10 110
1.408333 1.658333 5.833333 97 85 5
0.371429 0.107143 2.500000 136 54 74
0.528571 -0.267857 2.500000 163 20 26
0.278571 -0.400000 2.500000 160 4 0
-0.362069 -0.279310 1.206897 105 58 82
-0.046154 0.051282 1.794872 16 76 30
0.314286 0.307143 2.500000 94 0 37
0.200000 -0.417857 2.500000 104 26 56
-1.433333 1.300000 5.833333 52 0 76
-0.117949 0.033333 1.794872 37 134 105
-0.283333 1.666667 5.833333 63 59 63
1.038889 0.555556 3.888889 76 90 0
0.317857 -0.032143 2.500000 162 0 47
1.934884 1.395349 6.511628 158 127 92
0.350000 -0.539286 2.500000 179 77 106
-0.558333 1.641667 5.833333 5 23 106
-0.112821 0.158974 1.794872 38 79 62
-0.228205 0.053846 1.794872 75 92 0
-0.201818 -0.230909 1.272727 118 144 103
1.427778 -0.122222 3.888889 126 102 2
-0.191176 -0.600000 2.058824 125 70 136
1.583333 0.311111 3.888889 155 84 11
-0.079487 -0.133333 1.794872 53 120 47
0.048718 -0.066667 1.794872 44 127 43
-1.050000 1.066667 5.833333 37 0 44
0.064103 -0.141026 1.794872 71 111 3
1.527778 0.572222 3.888889 163 93 63
0.141667 1.475000 5.833333 37 25 42
1.538889 -0.100000 3.888889 163 67 99
0.482143 -0.414286 2.500000 79 6 47
1.433333 -0.594444 3.888889 127 92 16
1.566667 -0.244444 3.888889 231 79 52
0.818799 -0.660052 2.924282 91 130 129
0.002564 0.017949 1.794872 84 111 14
-1.500000 1.283333 5.833333 0 52 105
1.088889 0.505556 3.888889 117 81 0
-0.300000 0.158621 1.206897 4 106 78
0.514286 0.185714 2.500000 160 37 53
1.633333 0.422222 3.888889 171 130 129
0.234804 -0.259182 0.898156 102 123 110
0.087040 -0.243200 1.792000 133 158 142
0.328571 -0.607143 2.500000 81 11 0
0.069231 0.269231 1.794872 59 96 22
-0.225862 -0.220690 1.206897 14 3 156
0.333649 -0.332133 1.061611 111 93 109
-0.217949 -0.089744 1.794872 32 87 0
1.094444 0.094444 3.888889 49 147 17
-1.641667 1.175000 5.833333 60 36 111
-0.189744 0.097436 1.794872 2 124 8
0.648951 -0.242424 2.610723 124 162 118
0.182143 -0.175000 2.500000 80 13 106
1.225000 1.541667 5.833333 0 5 111
-0.217949 0.033333 1.794872 117 84 16
0.089034 0.034043 1.833061 124 140 129
0.266667 1.391667 5.833333 69 71 25
-0.322414 -0.070690 1.206897 13 20 51
1.400000 -0.444444 3.888889 195 74 1
-0.153846 -0.041026 1.794872 3 136 80
-1.283333 1.375000 5.833333 34 74 9
-0.128205 -0.174359 1.794872 14 135 14
-0.216979 -0.218743 1.234840 99 131 139
-0.332759 -0.187931 1.206897 22 110 81
0.428571 -0.617857 2.500000 21 0 139
-0.650000 1.175000 5.833333 19 118 60
1.527778 0.416667 3.888889 162 116 35
1.355556 -0.661111 3.888889 162 125 80
0.389286 -0.689286 2.500000 122 157 186
1.250000 1.408333 5.833333 0 57 119
1.094444 -0.316667 3.888889 171 63 0
-0.975000 1.033333 5.833333 62 67 113
1.450000 -0.433333 3.888889 123 130 44
1.233333 -0.633333 3.888889 101 118 126
-1.083333 1.241667 5.833333 46 44 142
0.217857 -0.157143 2.500000 38 5 99
-0.253448 -0.056897 1.206897 59 54 72
-0.171795 0.053846 1.794872 59 87 0
-0.116667 1.166667 5.833333 59 39 67
-1.650526 1.852631 5.894737 144 101 182
0.030769 0.297436 1.794872 20 115 68
-0.210256 0.028205 1.794872 61 40 78
0.228571 -0.503571 2.500000 67 51 106
0.267857 -0.075000 2.500000 146 136 0
0.253571 -0.685714 2.500000 40 24 0
0.108333 0.222222 1.944444 0 75 45
1.461111 0.222222 3.888889 126 0 0
-0.200000 1.233333 5.833333 23 56 58
7.850000 -1.275000 17.500000 157 129 186
-1.725000 1.000000 5.833333 23 83 104
-0.791667 1.216667 5.833333 0 82 33
-0.058974 0.133333 1.794872 11 107 56
0.708333 1.283333 5.833333 0 60 64
0.435714 -0.135714 2.500000 69 80 11
0.191667 1.083333 5.833333 47 9 92
0.400000 -0.107143 2.500000 151 3 60
3.725000 1.325000 8.750000 128 110 126
0.346429 -0.675000 2.500000 114 63 0
0.058974 0.258974 1.794872 62 106 45
-0.282759 0.020690 1.206897 10 56 112
-0.286207 0.141379 1.206897 30 0 88
0.225000 -0.225000 2.500000 95 0 31
0.592857 -0.335714 2.500000 156 118 137
-1.033333 1.591667 5.833333 0 61 95
1.461111 -0.088889 3.888889 167 54 0
0.585714 0.360714 2.500000 137 0 35
-0.041026 -0.053846 1.794872 62 56 0
1.797753 0.167790 4.194757 159 144 133
0.453571 0.435714 2.500000 85 35 26
-0.255172 -0.105172 1.206897 12 75 122
-0.266667 1.500000 5.833333 0 0 75
1.758824 0.176471 4.117647 102 102 147
-0.143590 0.276923 1.794872 0 6 85
-0.205128 0.251282 1.794872 92 69 57
0.058333 1.066667 5.833333 54 83 47
0.557143 -0.042857 2.500000 84 111 38
0.143333 -0.143333 2.333333 161 96 147
1.138889 0.227778 3.888889 132 84 9
0.314286 0.071429 2.500000 125 0 83
-0.097436 0.087179 1.794872 60 68 51
0.275000 1.708333 5.833333 29 90 35
1.033333 0.222222 3.888889 158 120 0
-0.219202 -0.274434 1.208199 155 157 80
-0.282759 -0.118966 1.206897 12 44 75
-0.043590 -0.235897 1.794872 0 143 45
0.166516 -0.007240 2.533937 137 108 132
0.285714 0.157143 2.500000 33 13 32
-0.256897 0.084483 1.206897 0 35 114
0.658333 1.583333 5.833333 47 23 31
0.076923 0.053846 1.794872 1 121 70
0.460714 0.275000 2.500000 85 64 0
1.577778 -0.272222 3.888889 187 45 65
-0.133333 0.284615 1.794872 6 46 55
0.332143 -0.246429 2.500000 131 46 74
-0.048718 0.276923 1.794872 74 103 11
-0.337931 0.170690 1.206897 0 68 112
-0.246154 0.115385 1.794872 26 93 24
0.038462 -0.161538 1.794872 0 123 2
0.508333 1.583333 5.833333 24 0 0
-0.115385 -0.261538 1.794872 0 155 0
-0.250000 1.766667 5.833333 44 2 125
-0.228205 -0.120513 1.794872 60 152 34
0.082051 -0.310256 1.794872 116 148 120
1.482353 0.089412 3.294118 107 75 112
-0.179487 0.169231 1.794872 0 85 13
0.028205 0.192308 1.794872 0 87 57
1.511111 0.583333 3.888889 138 63 55
-0.005128 0.146154 1.794872 0 124 19
1.616667 0.116667 3.888889 167 98 21
0.275000 -0.217857 2.500000 167 0 40
-0.286207 0.160345 1.206897 28 87 68
-0.207692 -0.233333 1.794872 48 96 12
1.000000 -0.200000 3.888889 176 49 31
1.311111 -0.211111 3.888889 100 56 64
-0.248718 0.117949 1.794872 102 121 90
0.389286 0.210714 2.500000 176 58 0
0.260714 -0.507143 2.500000 13 40 26
1.033333 1.433333 5.833333 0 69 122
-0.141026 0.297436 1.794872 32 72 0
-0.228205 -0.356410 1.794872 0 109 18
0.378571 0.403571 2.500000 126 12 22
1.188889 0.327778 3.888889 120 118 0
-0.358621 -0.093103 1.206897 86 77 144
-0.616667 1.300000 5.833333 16 60 123
-1.700000 1.675000 5.833333 10 26 116
0.189286 -0.117857 2.500000 100 44 39
-1.416667 1.133333 5.833333 76 0 40
-0.089744 0.156410 1.794872 53 106 16
-0.362069 -0.203448 1.206897 51 32 73
-0.082051 -0.082051 1.794872 46 44 75
-0.351724 0.079310 1.206897 77 33 72
0.242932 1.868063 5.863874 119 133 116
0.535714 0.350000 2.500000 134 100 114
1.144444 0.233333 3.888889 86 51 0
0.557143 -0.389286 2.500000 114 79 48
2.386592 -1.626816 6.256983 117 122 131
-0.176923 -0.035897 1.794872 0 65 115
-0.051282 -0.271795 1.794872 0 59 104
1.100000 1.575000 5.833333 41 66 36
0.079487 -0.035897 1.794872 32 93 72
0.550000 -0.535714 2.500000 132 89 119
1.191667 1.600000 5.833333 18 16 20
-0.750000 1.783333 5.833333 22 98 112
-0.222503 -0.153729 1.415929 117 112 106
-0.360345 0.148276 1.206897 45 42 15
1.561111 0.377778 3.888889 192 60 4
-0.296552 0.127586 1.206897 37 59 111
-0.277603 0.085804 1.766562 115 154 147
1.361111 -0.305556 3.888889 154 0 22
0.097436 -0.330769 1.794872 128 154 121
0.450000 -0.246429 2.500000 127 18 110
-0.266240 0.199680 1.792000 0 77 97
0.367857 -0.528571 2.500000 123 18 32
0.467857 -0.607143 2.500000 73 49 74
-0.238748 -0.207942 1.347774 145 70 172
-1.725000 1.100000 5.833333 0 61 147
1.091667 1.683333 5.833333 78 0 131
-0.008333 1.125000 5.833333 0 21 80
1.555556 -0.577778 3.888889 147 108 49
1.527778 -0.194444 3.888889 128 18 14
-1.350000 1.475000 5.833333 71 98 78
1.250000 0.611111 3.888889 160 85 0
-0.351724 0.048276 1.206897 52 77 116
0.421429 -0.464286 2.500000 43 7 54
0.214286 -0.342857 2.500000 76 19 42
-0.633333 1.616667 5.833333 0 73 147
0.234615 -0.264103 0.897436 152 81 174
-0.269256 -0.293420 1.208199 125 128 130
0.002564 0.300000 1.794872 7 93 72
0.332143 -0.321429 2.500000 134 1 105
-0.351724 -0.063793 1.206897 57 83 104
0.191667 1.416667 5.833333 37 80 66
-0.211390 -0.216856 1.275626 93 182 181
0.250000 -0.571429 2.500000 62 3 44
0.192857 0.267857 2.500000 99 1 85
-0.120513 -0.192308 1.794872 30 100 0
0.517857 0.457143 2.500000 76 181 9
-1.550000 1.666667 5.833333 0 99 77
1.216667 -0.100000 3.888889 105 48 62
-0.858333 1.783333 5.833333 54 37 0
0.429730 -0.618919 1.891892 125 125 135
0.528571 -0.489286 2.500000 120 53 6
-0.071795 -0.082051 1.794872 67 72 45
0.296429 -0.603571 2.500000 115 0 102
0.535714 -0.446429 2.500000 93 65 57
0.539286 0.366071 1.250000 121 163 98
0.510714 -0.353571 2.500000 162 15 28
0.133333 1.541667 5.833333 0 64 74
-0.007692 -0.230769 1.794872 51 64 34
1.277778 -0.327778 3.888889 88 70 55
-0.083333 1.541667 5.833333 37 48 27
0.285714 0.389286 2.500000 94 24 0
0.367857 -0.453571 2.500000 162 66 109
1.423809 -0.966667 3.333333 115 187 108
-0.281034 -0.198276 1.206897 42 68 143
0.210714 0.078571 2.500000 153 0 53
1.425000 1.425000 5.833333 0 54 74
-0.164103 -0.043590 1.794872 104 82 45
1.516667 1.116667 5.833333 13 124 133
0.510714 0.021429 2.500000 136 0 82
-0.229310 -0.181034 1.206897 0 48 82
0.457143 -0.064286 2.500000 167 73 70
-0.158974 -0.271795 1.794872 36 61 52
1.050000 0.577778 3.888889 160 76 0
-0.020513 -0.248718 1.794872 36 98 40
-0.102564 0.023077 1.794872 32 72 29
1.311111 -0.344444 3.888889 175 29 26
0.414286 0.507143 2.500000 90 33 129
0.392857 0.389286 2.500000 147 27 71
-0.061440 -0.363520 1.792000 75 59 66
-0.286207 0.067241 1.206897 18 158 132
0.264286 0.146429 2.500000 135 4 163
0.217857 0.378571 2.500000 7 1 132
0.500000 0.371429 2.500000 126 0 0
0.446429 -0.310714 2.500000 80 30 87
-0.300000 -0.167241 1.206897 112 84 105
0.082051 0.061538 1.794872 149 92 149
-0.275862 -0.193103 1.206897 42 38 70
0.650000 1.216667 5.833333 46 0 70
0.043590 0.174359 1.794872 11 171 54
0.535714 0.417857 2.500000 170 60 65
0.389286 -0.067857 2.500000 101 27 71
-1.235233 1.798964 5.803109 134 139 122
0.510714 -0.182143 2.500000 150 15 1
-1.100000 1.141667 5.833333 45 110 0
-0.158974 -0.241026 1.794872 27 41 0
0.532143 -0.321429 2.500000 132 8 43
0.425000 -0.339286 2.500000 127 0 36
0.578571 -0.132143 2.500000 152 55 22
0.350000 1.541667 5.833333 26 34 18
-0.272414 0.134483 1.206897 65 42 0
0.307143 -0.135714 2.500000 42 12 33
0.066667 -0.066667 1.794872 46 52 31
0.390667 0.225333 0.933333 142 90 141
-0.958333 1.516667 5.833333 0 0 0
0.242857 -0.246429 2.500000 80 13 48
-0.360345 0.051724 1.206897 0 81 75
-0.365517 -0.074138 1.206897 56 75 155
0.061538 -0.033333 1.794872 66 134 0
0.961658 1.790673 5.803109 86 90 120
0.471429 0.300000 2.500000 92 0 75
1.566667 0.111111 3.888889 79 19 63
0.553571 -0.510714 2.500000 193 73 136
1.144444 0.561111 3.888889 173 3 0
-0.075000 1.641667 5.833333 0 0 71
0.525000 0.396429 2.500000 138 72 127
-0.069231 0.238462 1.794872 2 128 53
-0.272414 0.141379 1.206897 34 96 72
1.183333 -0.327778 3.888889 133 36 30
1.608333 1.341667 5.833333 150 89 127
1.105556 0.088889 3.888889 193 146 85
0.510714 -0.492857 2.500000 88 0 83
0.166667 1.633333 5.833333 0 32 56
-0.265517 -0.058621 1.206897 61 51 104
-0.069231 0.302564 1.794872 81 111 0
0.335714 0.292857 2.500000 105 68 0
0.966667 1.633333 5.833333 4 42 108
0.592857 -0.442857 2.500000 124 180 112
-0.305172 0.182759 1.206897 0 47 112
1.575000 1.508333 5.833333 0 86 135
-0.028205 -0.192308 1.794872 52 53 79
-0.367241 0.012069 1.206897 42 81 110
-0.015385 0.307692 1.794872 67 83 100
0.228205 -0.258974 0.897436 145 100 125
0.364286 -0.582143 2.500000 94 0 90
-0.074359 -0.289744 1.794872 90 153 46
-0.256897 0.160345 1.206897 1 10 168
-0.466667 1.475000 5.833333 16 51 49
0.087742 -0.162581 1.806452 169 133 170
0.164009 -0.473804 2.551253 150 170 125
1.216667 0.616667 3.888889 157 97 19
0.182143 -0.271429 2.500000 142 3 87
0.257143 -0.346429 2.500000 85 0 71
1.188889 -0.038889 3.888889 147 80 47
0.410714 -0.575000 2.500000 55 7 64
-0.908333 1.133333 5.833333 0 28 139
-1.266667 1.475000 5.833333 0 0 62
-0.218966 -0.065517 1.206897 149 135 94
0.228571 0.303571 2.500000 64 64 61
-0.005128 0.274359 1.794872 38 67 42
1.305555 0.522222 3.888889 96 92 45
0.416667 1.383333 5.833333 102 36 81
1.155555 -0.027778 3.888889 197 44 41
-0.344828 0.003448 1.206897 0 3 73
1.522222 -0.255556 3.888889 84 83 0
-1.091667 1.533333 5.833333 0 47 67
-0.243103 -0.093103 1.206897 0 53 109
-0.038462 0.297436 1.794872 51 84 0
-0.234483 0.136207 1.206897 0 105 95
0.396429 -0.139286 2.500000 135 21 60
-0.094872 0.125641 1.794872 11 152 11
0.564286 -0.650000 2.500000 112 61 152
1.544444 -0.105556 3.888889 209 56 0
1.491022 0.198142 3.467492 118 121 140
-0.236207 -0.224138 1.206897 73 58 109
1.622222 0.550000 3.888889 102 42 132
-0.064103 -0.302564 1.794872 0 37 28
0.235714 0.457143 2.500000 133 20 0
0.325000 -0.307143 2.500000 179 48 106
0.188235 0.464314 1.464052 93 114 101
-0.383333 1.650000 5.833333 8 24 142
-0.658333 1.566667 5.833333 3 42 114
0.061538 0.269231 1.794872 81 49 96
0.033333 1.150000 5.833333 0 8 90
0.092160 -0.353280 1.792000 142 108 99
0.350000 -0.021429 2.500000 81 70 66
1.605556 0.077778 3.888889 110 40 8
-0.641667 1.108333 5.833333 25 123 165
-0.153846 -0.356410 1.794872 50 164 77
-0.200000 -0.307692 1.794872 101 73 0
-0.238462 -0.148718 1.794872 25 97 0
-0.554545 2.018182 6.363636 147 152 109
-0.277586 0.077586 1.206897 0 0 44
1.288889 0.661111 3.888889 107 52 50
0.388212 -0.353635 1.100196 163 107 176
1.644599 0.022300 3.902439 144 128 112
1.066667 -0.383333 3.888889 98 84 46
-0.324138 -0.255172 1.206897 3 54 128
-0.279310 0.150000 1.206897 81 0 124
0.010256 0.174359 1.794872 106 90 35
0.591667 1.408333 5.833333 14 0 0
-0.916667 1.291667 5.833333 38 161 93
-0.220513 -0.153846 1.794872 3 68 0
-1.083333 1.550000 5.833333 0 0 110
0.564286 0.339286 2.500000 115 114 38
-0.092308 0.207692 1.794872 33 102 74
0.239648 -0.687225 2.466960 79 105 98
-0.071795 0.205128 1.794872 43 148 54
1.125000 1.283333 5.833333 0 134 121
0.417857 -0.439286 2.500000 71 54 42
0.217857 0.446429 2.500000 113 58 0
1.077778 -0.277778 3.888889 84 22 92
-0.041026 -0.197436 1.794872 27 129 25
1.411111 -0.361111 3.888889 124 72 32
-0.218966 -0.146552 1.206897 177 96 119
1.161111 -0.427778 3.888889 106 75 19
1.322222 -0.188889 3.888889 130 83 0
0.321429 0.414286 2.500000 169 0 80
0.171429 -0.050000 2.500000 107 112 151
-1.708333 1.633333 5.833333 0 126 87
0.046154 0.069231 1.794872 10 106 60
0.175000 0.160714 2.500000 122 118 126
-0.341379 0.177586 1.206897 34 33 131
-0.313793 0.177586 1.206897 16 125 8
0.525000 -0.182143 2.500000 126 29 49
0.977778 -0.044444 3.888889 139 103 121
1.108333 1.633333 5.833333 8 66 173
0.166667 1.625000 5.833333 0 100 109
-0.058974 0.079487 1.794872 31 115 49
-0.351724 -0.208621 1.206897 6 46 92
1.475000 1.600000 5.833333 22 116 57
-0.287931 0.089655 1.206897 15 83 111
0.116667 1.125000 5.833333 3 10 142
1.438889 0.638889 3.888889 124 38 84
1.566667 -0.616667 3.888889 202 53 31
0.389286 -0.314286 2.500000 94 0 66
0.058974 -0.302564 1.794872 81 89 46
-0.275000 1.808333 5.833333 158 74 130
-0.275862 -0.027586 1.206897 31 93 91
0.375000 1.700000 5.833333 0 52 147
1.555556 -0.288889 3.888889 255 143 2
1.294444 -0.561111 3.888889 88 68 8
0.357143 -0.142857 2.500000 103 13 40
1.391667 1.650000 5.833333 0 80 146
-0.100000 -0.046154 1.794872 57 144 65
1.655749 -0.306620 3.902439 137 192 129
-0.368966 0.153448 1.206897 0 34 179
0.585714 0.385714 2.500000 154 27 90
-0.350000 -0.031034 1.206897 26 35 163
-1.391667 1.650000 5.833333 64 42 58
-0.348276 0.160345 1.206897 57 118 133
1.188889 -0.666667 3.888889 200 108 0
0.466019 1.840777 5.436893 126 116 69
-0.015385 0.261538 1.794872 35 61 52
-0.097436 0.115385 1.794872 46 47 51
0.916667 1.525000 5.833333 6 0 68
0.235714 0.507143 2.500000 7 53 1
2.942857 2.485714 10.000000 129 111 145
0.564286 0.353571 2.500000 157 50 102
0.225000 0.321429 2.500000 77 38 13
1.500000 -0.050000 3.888889 163 82 0
1.488889 -0.416667 3.888889 158 90 0
1.200000 0.483333 3.888889 133 77 32
-0.289655 0.012069 1.206897 0 43 24
-0.210263 -0.376471 1.401752 112 107 115
-0.251282 -0.061538 1.794872 117 87 164
-0.200000 0.123077 1.794872 72 89 34
-0.294828 -0.065517 1.206897 0 96 57
-0.061538 -0.002564 1.794872 49 167 24
0.339286 -0.510714 2.500000 127 70 124
-0.327413 -0.398456 2.162162 123 148 94
0.275000 -0.610714 2.500000 39 0 93
1.283333 -0.327778 3.888889 185 81 17
1.355556 -0.500000 3.888889 141 72 14
0.033333 0.305128 1.794872 65 58 0
-0.691667 1.466667 5.833333 28 78 97
1.183333 1.308333 5.833333 0 0 152
0.259959 -0.251258 0.761387 143 120 164
-0.235897 0.087179 1.794872 0 92 62
0.392857 -0.335714 2.500000 140 29 34
1.835294 0.600000 4.117647 117 92 110
0.235714 -0.510714 2.500000 165 0 72
0.071795 -0.330769 1.794872 52 95 0
0.010256 -0.176923 1.794872 99 37 73
0.196429 0.371429 2.500000 138 0 0
1.622222 0.488889 3.888889 76 97 0
0.478571 0.335714 2.500000 112 45 79
0.012821 -0.215385 1.794872 63 33 20
-0.075000 1.350000 5.833333 93 97 76
1.600000 1.237113 5.773196 200 105 124
0.314286 -0.239286 2.500000 36 0 66
-0.260345 -0.175862 1.206897 49 99 51
0.225000 -0.428571 2.500000 156 78 120
-0.123077 0.266667 1.794872 10 103 68
-0.351724 -0.012069 1.206897 20 27 27
-0.260345 -0.287931 1.206897 39 64 83
-0.110256 0.105128 1.794872 0 88 97
-0.229310 -0.063793 1.206897 0 99 96
-1.025000 1.691667 5.833333 0 83 69
-0.363793 -0.015517 1.206897 50 82 71
1.290909 0.968182 3.181818 100 183 127
0.571429 0.392857 2.500000 93 55 0
-0.007692 0.212821 1.794872 59 54 7
-0.308621 -0.156897 1.206897 0 59 72
-0.475000 1.625000 5.833333 8 137 131
-0.708333 1.516667 5.833333 9 22 102
-0.143590 -0.258974 1.794872 91 114 89
0.800000 1.266667 5.833333 24 58 77
-0.248718 -0.346154 1.794872 122 135 158
0.582143 -0.582143 2.500000 95 59 51
-0.211064 -0.054468 1.191489 88 110 122
-0.033333 0.271795 1.794872 38 169 147
-0.306897 -0.051724 1.206897 40 0 131
0.396429 0.075000 2.500000 108 12 124
0.275000 -0.314286 2.500000 158 71 56
-0.200000 0.261538 1.794872 0 30 60
1.027778 0.172222 3.888889 195 92 0
0.225000 -0.464286 2.500000 157 0 90
0.253571 -0.478571 2.500000 63 0 86
0.941667 1.633333 5.833333 27 112 107
1.116667 -0.627778 3.888889 109 78 45
0.076923 -0.038462 1.794872 28 71 18
0.300000 0.478571 2.500000 56 24 106
1.511111 0.033333 3.888889 150 73 27
-0.286207 0.072414 1.206897 77 112 82
-0.245760 -0.025600 1.792000 0 53 89
-0.120513 -0.241026 1.794872 108 94 0
1.261111 -0.200000 3.888889 146 117 0
1.561111 0.611111 3.888889 181 12 52
-0.312069 -0.108621 1.206897 0 40 115
0.575000 -0.210714 2.500000 115 24 77
0.582143 -0.014286 2.500000 128 7 99
1.427778 -0.261111 3.888889 103 27 16
-0.341667 1.308333 5.833333 38 0 94
-0.102564 0.005128 1.794872 76 97 71
-0.308621 -0.241379 1.206897 110 54 70
-1.091667 1.366667 5.833333 15 90 130
-0.220513 0.035897 1.794872 3 130 46
1.550000 1.733333 5.833333 25 22 96
-1.708333 1.066667 5.833333 104 84 78
-0.304516 -0.290753 1.204301 146 123 104
-0.033333 1.733333 5.833333 0 45 145
0.182143 0.321429 2.500000 119 71 50
0.208333 1.066667 5.833333 0 52 107
-0.343103 0.108621 1.206897 0 37 44
1.494444 0.372222 3.888889 147 4 0
-0.219539 -0.214270 1.229418 141 99 134
1.550000 -0.383333 3.888889 95 91 68
0.275000 -0.317857 2.500000 127 35 126
-0.366667 1.008333 5.833333 51 95 13
0.528571 -0.439286 2.500000 111 92 98
-0.205128 0.005128 1.794872 0 69 10
1.072222 0.144444 3.888889 130 53 0
-0.202564 -0.300000 1.794872 8 65 4
-0.224138 0.048276 1.206897 18 93 67
0.440541 -0.613513 1.891892 78 123 145
-1.675000 1.608333 5.833333 19 79 79
-1.250000 1.700000 5.833333 32 70 112
1.011111 -0.372222 3.888889 152 123 0
1.173077 -0.550000 2.692308 139 115 143
0.242857 0.192857 2.500000 115 53 0
0.675000 1.341667 5.833333 24 86 121
0.030769 -0.120513 1.794872 32 137 45
1.288889 -0.477778 3.888889 194 31 44
-0.253448 -0.205172 1.206897 0 70 103
-0.268966 -0.262069 1.206897 33 80 80
-1.283333 1.575000 5.833333 0 16 121
-0.374138 0.112069 1.206897 0 16 49
0.367857 -0.525000 2.500000 177 73 55
1.233333 0.100000 3.888889 91 123 45
0.496429 -0.239286 2.500000 39 37 59
1.172222 0.511111 3.888889 206 87 51
0.310714 -0.267857 2.500000 66 31 62
-0.243103 0.053448 1.206897 24 64 80
1.200000 -0.383333 3.888889 180 28 0
0.041026 -0.192308 1.794872 16 37 13
1.450000 1.325000 5.833333 90 65 60
-0.408333 1.016667 5.833333 0 21 116
0.285714 0.153571 2.500000 116 12 96
0.357143 0.042857 2.500000 190 35 67
-0.331034 -0.220690 1.206897 7 119 101
1.135000 1.110000 3.500000 104 136 131
0.400000 0.082143 2.500000 98 0 120
-1.016667 1.600000 5.833333 0 85 178
0.378571 0.064286 2.500000 68 58 85
0.035897 -0.210256 1.794872 47 83 125
-0.007692 -0.161538 1.794872 19 92 112
0.069231 -0.279487 1.794872 54 117 112
-0.210256 -0.051282 1.794872 0 85 38
-0.074359 -0.056410 1.794872 65 51 0
0.435714 0.057143 2.500000 127 11 0
-1.066667 1.008333 5.833333 31 0 52
-1.033333 1.116667 5.833333 41 109 80
1.161111 0.450000 3.888889 148 12 50
-0.355172 -0.029310 1.206897 0 57 115
-0.372414 -0.212069 1.206897 86 92 104
-0.187179 0.105128 1.794872 34 61 44
-0.148718 -0.100000 1.794872 19 56 22
0.341667 1.400000 5.833333 1 33 116
1.533333 0.211111 3.888889 141 0 36
-0.200000 -0.230909 1.272727 113 122 136
0.035897 0.200000 1.794872 95 108 32
0.571429 -0.357143 2.500000 155 71 54
-0.102564 -0.074359 1.794872 2 79 74
0.051282 0.135897 1.794872 0 79 71
-0.125641 0.005128 1.794872 22 66 0
0.866667 1.308333 5.833333 4 91 44
-0.214872 -0.253940 1.243063 128 124 159
-0.228205 0.235897 1.794872 0 111 0
-0.360345 0.203448 1.206897 86 0 62
-0.010256 -0.030769 1.794872 29 66 0
-1.475000 1.716667 5.833333 43 10 29
1.472222 0.011111 3.888889 161 118 84
0.421429 0.400000 2.500000 31 60 58
1.105556 -0.538889 3.888889 168 72 23
-0.336207 0.015517 1.206897 34 138 115
-0.012821 0.305128 1.794872 0 119 13
-0.222414 0.070690 1.206897 0 0 135
-0.184615 -0.353846 1.794872 124 43 0
0.510714 0.350000 2.500000 78 0 115
0.282143 -0.410714 2.500000 153 0 77
-0.355172 -0.127586 1.206897 61 114 26
0.410714 -0.387500 1.250000 120 75 139
1.244444 -0.083333 3.888889 82 16 0
0.482143 0.285714 2.500000 161 70 46
-0.158333 1.216667 5.833333 3 34 87
-0.925000 1.750000 5.833333 4 0 141
0.025000 1.283333 5.833333 0 19 13
-0.237931 -0.184483 1.206897 61 0 99
-0.255172 0.082759 1.206897 8 78 94
-0.193103 0.146552 1.206897 1 0 27
-0.491667 1.108333 5.833333 38 36 89
1.450000 0.227778 3.888889 182 96 32
1.644444 -0.238889 3.888889 142 119 151
-0.184615 -0.069231 1.794872 20 96 79
-0.187179 -0.325641 1.794872 28 123 7
-0.313793 0.091379 1.206897 60 102 163
1.194444 -0.044444 3.888889 152 120 23
1.458333 1.325000 5.833333 35 78 70
0.542857 0.203571 2.500000 127 150 25
0.582143 -0.353571 2.500000 112 29 77
-0.308333 1.450000 5.833333 0 49 103
0.441667 1.341667 5.833333 18 36 125
0.089457 0.178914 1.789137 130 101 126
-0.176923 0.048718 1.794872 0 91 14
-0.025641 0.112821 1.794872 8 132 0
-0.241667 1.266667 5.833333 105 70 61
0.350000 0.025000 2.500000 81 0 23
-1.258333 1.108333 5.833333 0 111 130
-0.277586 -0.122414 1.206897 63 59 135
1.516667 1.341667 5.833333 0 46 90
-0.355172 0.134483 1.206897 0 40 163
1.384512 0.668013 3.771044 106 114 90
0.028205 -0.305128 1.794872 38 133 0
0.385714 -0.510714 2.500000 69 0 62
1.237394 -0.847592 3.172805 114 112 106
1.300000 -0.294444 3.888889 134 142 23
3.052761 -0.647853 6.871166 90 154 99
0.478571 -0.285714 2.500000 163 115 57
-0.135249 -0.206932 0.946746 123 126 154
1.403077 -2.387692 8.615385 126 92 85
-0.356897 -0.179310 1.206897 0 104 104
0.335714 0.485714 2.500000 139 7 91
0.585714 0.089286 2.500000 72 86 91
-1.366667 1.608333 5.833333 31 50 90
0.177778 1.904762 5.925926 111 157 103
-1.508333 1.266667 5.833333 7 56 129
0.225000 0.382143 2.500000 120 68 60
0.503571 0.178571 2.500000 99 145 13
0.546429 0.146429 2.500000 141 0 49
0.253571 0.114286 2.500000 93 53 84
-0.092308 -0.338462 1.794872 51 138 70
-0.089744 -0.153846 1.794872 83 105 50
-0.050000 1.266667 5.833333 63 45 69
0.616667 1.750000 5.833333 36 11 101
0.492857 0.310714 2.500000 152 21 64
1.100000 -0.338889 3.888889 141 46 18
-0.296552 -0.206897 1.206897 32 131 46
-0.074359 -0.030769 1.794872 6 110 39
0.175000 -0.167857 2.500000 101 147 121
1.400000 1.775000 5.833333 0 77 112
-0.067992 -0.196299 0.767649 68 101 184
0.608333 1.416667 5.833333 41 25 96
0.048718 0.279487 1.794872 0 88 24
-1.483333 1.575000 5.833333 101 135 77
0.048718 0.094872 1.794872 67 90 82
0.061538 -0.235897 1.794872 92 44 33
-0.227586 -0.156897 1.206897 43 0 119
1.338889 0.444444 3.888889 134 10 43
0.471429 0.378571 2.500000 170 18 32
-0.179487 0.210256 1.794872 69 42 33
0.708333 1.741667 5.833333 0 55 76
1.400000 -0.211111 3.888889 194 87 0
-0.117949 -0.284615 1.794872 78 91 0
-0.324138 -0.253448 1.206897 36 24 121
-0.277586 -0.005172 1.206897 39 71 148
-0.017949 0.284615 1.794872 8 97 24
1.022222 -0.133333 3.888889 91 95 21
1.459459 0.670270 3.783784 134 151 192
6.550000 3.150000 17.500000 129 135 172
-1.216667 1.050000 5.833333 42 88 110
-0.043590 -0.223077 1.794872 0 87 54
0.683333 1.333333 5.833333 34 13 19
-0.053846 0.261538 1.794872 40 180 48
-0.236207 -0.067241 1.206897 37 21 84
0.207143 0.435714 2.500000 121 28 62
0.007692 -0.064103 1.794872 72 116 11
0.079487 0.105128 1.794872 79 116 0
-0.356897 0.003448 1.206897 0 33 55
0.235714 -0.350000 2.500000 117 45 50
0.410714 -0.017857 2.500000 155 10 76
-0.274138 0.013793 1.206897 41 54 86
-0.196296 -0.329630 1.296296 159 124 105
1.338889 -0.383333 3.888889 113 111 24
0.210714 0.196429 2.500000 70 8 74
1.505556 0.294444 3.888889 186 11 42
1.511111 0.377778 3.888889 108 144 54
0.210714 -0.453571 2.500000 170 70 87
-0.750000 1.141667 5.833333 21 72 52
1.241667 1.733333 5.833333 32 43 76
-0.253448 -0.282759 1.206897 44 17 33
-0.231034 -0.186207 1.206897 0 17 69
0.221429 0.214286 2.500000 68 38 62
-0.007692 -0.056410 1.794872 90 97 0
0.482143 0.096429 2.500000 48 16 27
-1.541667 1.708333 5.833333 15 48 141
0.500000 0.350000 2.500000 114 62 23
-0.250000 -0.143103 1.206897 14 1 119
0.335714 0.482143 2.500000 72 59 48
-0.107692 -0.074359 1.794872 102 73 20
0.435714 0.275000 2.500000 147 42 20
0.568059 -0.363636 1.375921 127 137 140
-1.666667 1.766667 5.833333 15 54 155
-0.382759 0.200000 1.206897 89 94 99
0.111230 0.154011 1.996435 108 146 144
1.774545 -0.384000 4.072727 95 141 109
1.616667 -0.066667 3.888889 111 7 0
1.166667 -0.644444 3.888889 226 89 21
0.915625 -0.621875 2.187500 155 149 153
-0.366667 1.750000 5.833333 66 0 0
1.105556 -0.177778 3.888889 150 107 68
0.500000 0.289286 2.500000 113 22 93
1.568932 1.071845 5.436893 199 136 216
-0.588601 0.994819 5.803109 76 0 61
-0.097436 -0.356410 1.794872 32 118 31
1.583333 1.633333 5.833333 21 45 76
-0.166667 -0.305128 1.794872 0 71 47
1.022222 -0.077778 3.888889 191 167 4
1.541667 1.116667 5.833333 55 39 74
-0.344828 -0.239655 1.206897 74 68 106
0.253571 -0.071429 2.500000 45 18 102
-0.023077 0.256410 1.794872 115 79 59
0.346429 -0.317857 2.500000 87 0 32
0.875000 1.366667 5.833333 26 90 4
1.422222 0.522222 3.888889 208 104 16
1.455556 0.538889 3.888889 113 131 38
1.072222 0.200000 3.888889 163 80 18
0.171429 0.135714 2.500000 57 154 102
-0.216667 1.408333 5.833333 10 78 42
-0.200000 -0.012821 1.794872 114 0 43
0.371429 0.439286 2.500000 96 29 31
-0.166667 0.058974 1.794872 63 195 48
0.017949 0.153846 1.794872 0 127 0
-0.275000 1.691667 5.833333 0 100 78
-1.633333 1.233333 5.833333 0 13 117
0.083333 1.566667 5.833333 23 0 90
0.557143 -0.085714 2.500000 172 0 114
0.267857 -0.560714 2.500000 119 59 83
-0.367241 -0.215517 1.206897 29 119 75
1.433333 0.494444 3.888889 162 70 107
-0.239655 -0.010345 1.206897 52 48 103
0.332143 -0.400000 2.500000 94 45 20
0.221429 -0.160714 2.500000 77 94 78
0.053846 0.274359 1.794872 35 79 100
-0.158974 0.069231 1.794872 33 149 32
-0.178788 -0.310606 1.060606 117 179 85
-0.064103 -0.015385 1.794872 29 70 58
-0.116667 1.066667 5.833333 30 40 61
1.341667 1.583333 5.833333 0 28 110
0.079487 0.151282 1.794872 93 80 38
-0.329310 -0.125862 1.206897 0 84 64
-0.224138 0.174138 1.206897 23 7 59
0.175000 -0.053571 2.500000 91 143 128
-0.203636 -0.234545 1.272727 96 126 115
1.327778 -0.572222 3.888889 118 88 54
1.316667 1.625000 5.833333 41 147 71
-0.370690 0.143103 1.206897 0 19 84
-0.324138 0.081034 1.206897 34 80 47
0.367857 0.450000 2.500000 166 0 40
-0.225641 0.284615 1.794872 39 62 23
1.061111 0.538889 3.888889 56 64 23
0.335714 0.460714 2.500000 86 49 103
0.100000 0.048780 1.707317 89 145 117
0.525000 1.316667 5.833333 4 0 132
0.093252 0.044172 1.717791 118 136 127
-0.263793 -0.055172 1.206897 32 20 9
0.975000 1.216667 5.833333 17 31 74
-0.206897 0.075862 1.206897 144 123 93
-0.133333 1.600000 5.833333 49 83 0
0.310714 -0.410714 2.500000 95 0 103
-0.229310 0.129310 1.206897 68 56 128
-0.291667 1.291667 5.833333 72 0 82
1.416667 0.783333 5.833333 35 23 62
1.305555 -0.211111 3.888889 194 128 0
0.525000 -0.435714 2.500000 102 0 0
0.260714 -0.346429 2.500000 54 61 78
-0.566667 1.433333 5.833333 0 124 71
0.364577 -0.356617 1.114428 122 125 152
-0.082051 -0.020513 1.794872 101 58 0
1.422222 -0.394444 3.888889 45 80 63
-0.017949 0.064103 1.794872 0 5 24
-0.281034 -0.039655 1.206897 0 72 173
1.450000 0.605556 3.888889 75 80 19
1.438889 0.044444 3.888889 157 40 103
-1.408333 1.675000 5.833333 82 5 108
-0.850000 1.083333 5.833333 37 77 72
0.533333 1.650000 5.833333 16 69 77
0.232143 -0.035714 2.500000 202 0 156
0.104459 0.099363 1.783440 87 129 134
1.061111 -0.133333 3.888889 171 77 35
-0.048718 -0.030769 1.794872 20 118 21
1.500000 0.644444 3.888889 47 33 1
1.255556 -0.650000 3.888889 134 106 12
-0.228205 0.012821 1.794872 58 73 94
1.311111 0.294444 3.888889 111 37 0
-0.327586 -0.053448 1.206897 0 72 98
1.455556 0.494444 3.888889 198 110 14
0.025641 -0.269231 1.794872 10 133 109
0.360714 0.042857 2.500000 119 29 0
0.575000 -0.367857 2.500000 140 0 9
1.344444 0.638889 3.888889 112 64 34
-0.265517 0.136207 1.206897 3 103 53
-0.308621 -0.087931 1.206897 0 4 126
1.416667 1.033333 5.833333 35 23 63
-0.318966 -0.208621 1.206897 0 47 40
-0.258621 -0.256897 1.206897 40 85 117
0.589286 -0.303571 2.500000 57 46 52
0.521429 -0.607143 2.500000 117 0 57
0.158333 1.516667 5.833333 13 47 77
-1.616667 1.316667 5.833333 8 33 109
1.583333 0.005556 3.888889 133 73 0
0.235714 0.453571 2.500000 100 192 0
0.151876 -0.420309 2.472406 137 91 132
0.725000 1.791667 5.833333 59 136 52
0.396429 -0.396429 2.500000 112 71 43
1.275000 1.766667 5.833333 55 13 60
-0.215385 0.061538 1.794872 166 160 0
-0.650000 1.216667 5.833333 0 65 118
0.618000 -0.328000 1.400000 148 134 101
0.378571 0.164286 2.500000 178 77 60
0.509255 -0.704289 2.528217 138 132 119
-0.239655 -0.075862 1.206897 18 38 52
-0.043590 -0.358974 1.794872 3 167 0
1.644444 -0.227778 3.888889 123 134 125
1.027778 0.277778 3.888889 111 71 39
1.111111 -0.233333 3.888889 178 133 15
-0.158974 -0.061538 1.794872 24 112 0
-0.367241 0.043103 1.206897 80 0 61
0.460714 -0.285714 2.500000 126 56 26
6.103704 -0.849383 13.827161 89 100 150
0.525000 0.307143 2.500000 135 59 122
-0.097436 -0.051282 1.794872 20 50 0
0.217857 0.271429 2.500000 180 0 88
0.074359 -0.223077 1.794872 67 42 51
0.403571 -0.232143 2.500000 46 26 55
0.203571 0.485714 2.500000 238 18 50
-0.128205 -0.320513 1.794872 40 61 128
1.394444 0.300000 3.888889 239 101 9
0.492857 0.389286 2.500000 132 2 137
-0.883333 1.250000 5.833333 32 0 54
0.560714 0.071429 2.500000 127 87 56
0.392857 -0.425000 2.500000 179 49 37
0.425000 -0.139286 2.500000 145 44 88
0.249443 -0.687751 2.494432 118 78 143
-0.324138 -0.012069 1.206897 0 0 119
-0.203279 0.373771 1.147541 133 164 145
0.475000 -0.021429 2.500000 111 5 59
-0.164103 -0.256410 1.794872 28 54 57
0.991003 -0.116263 3.875432 110 21 0
-0.332759 0.198276 1.206897 6 33 15
-1.583333 1.816667 5.833333 157 147 97
0.977778 0.050000 3.888889 122 116 130
1.611111 -0.594444 3.888889 93 41 0
0.564286 -0.300000 2.500000 138 57 9
-0.171795 0.251282 1.794872 11 151 72
-0.236207 0.117241 1.206897 4 16 79
-0.336207 -0.167241 1.206897 72 6 111
-0.375862 -0.017241 1.206897 63 0 85
0.385714 -0.125000 2.500000 88 23 81
-1.158333 1.508333 5.833333 0 8 23
1.266667 1.208333 5.833333 0 0 0
0.082051 -0.041026 1.794872 166 108 130
-0.182051 0.107692 1.794872 35 99 2
-0.341379 0.086207 1.206897 10 61 135
-0.327586 -0.270690 1.206897 18 17 97
-0.079487 -0.038462 1.794872 0 58 57
1.488112 -0.682517 3.916084 117 109 87
1.316667 1.666667 5.833333 0 0 93
-0.229310 -0.174138 1.206897 136 48 81
1.111111 0.433333 3.888889 78 72 29
-1.191667 1.366667 5.833333 91 35 33
-0.235897 0.112821 1.794872 8 103 25
0.339286 -0.675000 2.500000 102 0 14
-1.641667 1.733333 5.833333 0 18 45
0.517857 -0.021429 2.500000 58 46 40
0.289286 0.321429 2.500000 104 0 29
-0.263226 -0.139355 1.806452 124 169 111
0.478331 -0.424565 1.297798 163 139 135
-0.386207 0.193103 1.206897 60 113 95
-0.110256 0.069231 1.794872 62 47 21
-0.533333 1.083333 5.833333 57 115 61
0.457143 -0.350000 2.500000 88 86 77
-0.250000 -0.055172 1.206897 65 99 60
-0.483333 1.000000 5.833333 0 5 128
0.453571 -0.328571 2.500000 121 85 138
0.375000 -0.042857 2.500000 103 85 87
0.371429 0.357143 2.500000 100 11 121
1.444444 -0.150000 3.888889 176 6 54
1.250000 0.172222 3.888889 101 171 38
0.446429 0.307143 2.500000 125 3 99
-0.082051 0.192308 1.794872 67 0 71
0.264286 -0.478571 2.500000 192 12 58
1.461111 0.066667 3.888889 137 62 67
-0.229310 0.053448 1.206897 0 70 88
-0.758333 1.733333 5.833333 51 54 6
-0.123077 -0.148718 1.794872 73 104 21
-1.333333 1.133333 5.833333 0 54 11
1.261111 0.400000 3.888889 130 7 27
0.482143 -0.200000 2.500000 133 0 82
1.075000 1.675000 5.833333 8 52 33
0.046154 0.253846 1.794872 46 97 54
-0.263793 0.024138 1.206897 32 41 65
0.185714 0.439286 2.500000 59 0 87
-0.079487 -0.094872 1.794872 72 76 0
-0.758333 1.250000 5.833333 1 72 99
-0.076923 -0.169231 1.794872 68 86 0
1.300000 -0.088889 3.888889 104 7 0
0.400000 0.223256 0.930233 158 85 164
0.207143 0.307143 2.500000 66 54 160
-0.176923 0.230769 1.794872 27 109 0
0.020513 0.112821 1.794872 54 121 34
-0.051282 -0.302564 1.794872 13 101 0
1.527778 -0.094444 3.888889 129 82 44
0.378571 0.310714 2.500000 76 0 35
-0.248718 -0.261538 1.794872 93 107 108
1.225000 1.516667 5.833333 0 32 88
-0.296552 -0.146552 1.206897 60 21 139
0.210714 0.042857 2.500000 65 22 66
0.567939 -0.364377 1.424936 152 124 115
-0.600000 1.316667 5.833333 52 57 97
0.786087 1.530435 4.869565 135 112 137
-0.287931 0.186207 1.206897 7 11 87
1.138889 -0.161111 3.888889 98 56 0
-0.220513 0.071795 1.794872 44 153 55
-0.089744 0.184615 1.794872 11 79 0
-0.282759 0.115517 1.206897 42 54 88
1.122222 -0.455556 3.888889 174 57 0
0.988889 -0.416667 3.888889 134 182 133
1.472222 0.427778 3.888889 135 177 31
0.110080 -0.058880 1.792000 139 142 123
0.260714 -0.632143 2.500000 99 35 62
-0.020513 0.302564 1.794872 7 100 37
0.571429 -0.085714 2.500000 75 34 51
1.011765 -1.382353 4.117647 136 132 188
-0.833333 1.441667 5.833333 64 76 40
-0.233333 -0.012821 1.794872 51 73 0
-1.616667 1.158333 5.833333 39 45 63
0.185714 -0.571429 2.500000 160 23 58
0.416667 -0.833333 2.916667 106 111 137
-0.253440 -0.094720 1.792000 102 173 112
-0.171795 -0.317949 1.794872 0 16 56
3.403175 2.933334 8.888889 128 106 121
0.891667 1.425000 5.833333 0 17 33
-1.266667 1.333333 5.833333 43 16 109
0.064103 -0.171795 1.794872 15 130 46
-0.203636 -0.232727 1.272727 116 180 133
1.483333 1.133333 5.833333 0 72 92
0.285714 0.410714 2.500000 50 102 43
-0.234483 -0.115517 1.206897 69 13 100
-0.358621 -0.079310 1.206897 43 106 106
0.539286 -0.567857 2.500000 136 3 78
-0.351724 0.051724 1.206897 23 49 55
-0.274020 0.178810 1.625544 30 92 79
0.340909 -0.336364 1.060606 188 160 161
0.200000 -0.314286 2.500000 110 81 68
1.427778 -0.211111 3.888889 216 78 0
-0.192308 -0.364103 1.794872 75 94 76
1.644138 0.353103 3.862069 175 158 116
0.616667 1.775000 5.833333 28 0 116
0.578571 -0.392857 2.500000 124 0 11
-0.310345 0.193103 1.206897 14 130 126
-0.358333 1.775000 5.833333 0 16 88
-0.258621 -0.213793 1.206897 45 0 73
0.553571 -0.221429 2.500000 119 0 56
1.066667 -0.555556 3.888889 149 47 58
-1.458333 1.025000 5.833333 34 86 181
0.360714 0.275000 2.500000 138 39 156
1.355556 0.344444 3.888889 106 121 42
-0.372414 -0.150000 1.206897 18 113 118
1.361111 0.288889 3.888889 158 175 48
-0.215385 0.035897 1.794872 11 91 33
0.007692 -0.025641 1.794872 3 55 0
1.522222 -0.088889 3.888889 157 48 0
-0.266667 1.600000 5.833333 18 30 81
-1.525000 1.516667 5.833333 55 0 102
0.382143 -0.475000 2.500000 104 98 63
-1.383333 1.575000 5.833333 83 39 70
1.133333 0.161111 3.888889 78 58 4
-0.381034 -0.237931 1.206897 17 107 165
1.355556 -0.138889 3.888889 224 103 52
-0.048718 0.007692 1.794872 98 97 51
0.478571 -0.625000 2.500000 131 0 37
-0.310345 0.118966 1.206897 6 67 80
1.188889 0.066667 3.888889 177 65 0
0.532143 -0.414286 2.500000 133 12 0
0.200000 0.075000 2.500000 129 48 69
-0.232558 0.200000 1.627907 24 99 59
-0.370690 -0.274138 1.206897 0 68 102
-0.253846 -0.066667 1.794872 108 168 155
0.058974 -0.087179 1.794872 48 121 45
0.074359 -0.141026 1.794872 36 30 0
-0.222414 -0.025862 1.206897 9 0 88
-0.130769 0.182051 1.794872 58 127 44
0.485714 -0.150000 2.500000 56 51 115
0.278571 -0.114286 2.500000 98 22 95
1.377778 0.311111 3.888889 193 103 59
1.183333 -0.138889 3.888889 106 74 39
0.317857 0.492857 2.500000 99 0 25
0.216453 -0.608410 2.047532 157 118 119
1.250000 0.255556 3.888889 55 87 57
0.189286 -0.275000 2.500000 123 0 35
-0.217949 -0.002564 1.794872 34 183 63
3.733334 -3.022222 13.827161 103 99 89
0.733333 1.391667 5.833333 11 82 0
-1.840415 1.152332 5.803109 95 0 19
1.305555 0.666667 3.888889 108 136 130
-1.741667 1.400000 5.833333 48 0 156
1.294444 0.105556 3.888889 112 93 18
1.558333 1.316667 5.833333 0 27 46
-0.337931 -0.120690 1.206897 0 105 72
0.478571 -0.139286 2.500000 86 51 90
0.079487 -0.089744 1.794872 26 18 43
0.425000 -0.010714 2.500000 157 60 0
0.475000 0.146429 2.500000 76 73 68
-0.232759 0.144828 1.206897 0 27 97
0.066667 0.205128 1.794872 0 76 54
1.127778 0.027778 3.888889 109 97 18
0.048718 0.100000 1.794872 100 91 89
0.191667 1.575000 5.833333 60 42 132
1.194444 0.094444 3.888889 157 82 58
-0.365517 0.074138 1.206897 37 84 99
0.141667 1.625000 5.833333 0 36 18
0.467857 0.207143 2.500000 85 0 75
0.328571 0.292857 2.500000 197 42 60
-0.320690 -0.262069 1.206897 0 22 81
-0.284277 -0.261635 1.761006 116 129 158
-0.353448 0.032759 1.206897 44 24 106
1.600000 -0.500000 3.888889 160 36 26
0.503571 -0.192857 2.500000 135 2 23
1.305555 -0.172222 3.888889 130 47 0
1.361111 -0.011111 3.888889 212 51 0
0.321429 -0.314286 2.500000 13 83 107
0.528571 -0.517857 2.500000 55 21 53
-0.425000 1.633333 5.833333 18 69 69
-0.220359 -0.042156 1.341317 146 120 125
0.400000 1.525000 5.833333 70 0 106
0.278571 -0.582143 2.500000 196 85 57
-1.025000 1.158333 5.833333 59 0 149
-0.225000 1.291667 5.833333 0 146 59
1.166667 -0.261111 3.888889 137 83 25
1.350000 1.525000 5.833333 15 52 20
-0.258621 0.039655 1.206897 51 55 116
-0.200000 -0.094872 1.794872 91 196 81
1.250000 0.205556 3.888889 68 19 0
0.335714 0.114286 2.500000 79 19 122
0.457143 -0.185714 2.500000 137 31 81
1.644291 -0.044291 3.875432 116 116 136
0.514286 -0.278571 2.500000 32 70 54
1.011111 -0.627778 3.888889 123 81 16
0.012821 0.205128 1.794872 47 123 46
-1.008333 1.675000 5.833333 1 145 133
0.074359 -0.238462 1.794872 58 129 0
-0.339655 -0.168966 1.206897 46 60 57
0.425000 -0.464286 2.500000 134 57 66
0.207143 -0.503571 2.500000 22 154 30
1.422222 0.450000 3.888889 138 98 0
-1.658333 1.341667 5.833333 14 5 38
0.333333 1.483333 5.833333 26 93 28
1.127778 0.183333 3.888889 155 62 16
1.066667 -0.294444 3.888889 146 59 70
0.116364 -0.360000 1.272727 195 82 126
0.606772 -0.552596 2.528217 98 154 133
0.364286 -0.303571 2.500000 139 8 68
1.575000 1.675000 5.833333 9 4 18
1.288889 -0.400000 3.888889 145 116 0
-0.105128 -0.315385 1.794872 22 103 103
0.178571 -0.050000 2.500000 93 123 172
1.055555 0.044444 3.888889 208 86 19
0.089744 0.166667 1.794872 142 113 145
0.033333 0.158974 1.794872 74 148 28
1.066667 -0.311111 3.888889 171 127 0
0.317857 0.007143 2.500000 126 69 21
0.239286 -0.550000 2.500000 48 0 75
0.048718 0.235897 1.794872 41 134 0
-0.350000 1.325000 5.833333 66 68 146
0.396429 0.450000 2.500000 37 0 100
0.058333 1.575000 5.833333 50 123 145
0.287029 0.323827 1.030359 144 129 173
-0.176923 -0.133333 1.794872 83 163 0
-0.161538 -0.258974 1.794872 3 71 36
0.206452 -0.233905 0.768703 114 93 135
1.194444 0.694444 3.888889 156 151 75
0.841667 1.375000 5.833333 6 135 113
0.043590 -0.253846 1.794872 29 126 0
-0.200000 -0.302564 1.794872 75 80 101
-0.333333 1.091667 5.833333 0 66 75
-0.305172 0.062069 1.206897 49 102 107
0.025641 -0.117949 1.794872 21 136 53
3.792593 -2.903704 13.827161 151 144 123
0.371429 -0.067857 2.500000 155 47 36
0.446429 -0.414286 2.500000 122 0 59
0.203571 -0.060714 2.500000 45 43 41
-0.164103 0.038462 1.794872 74 159 23
-0.312320 -0.391680 1.792000 111 116 160
1.261111 -0.033333 3.888889 181 118 36
-0.097436 -0.076923 1.794872 0 77 47
-0.215385 -0.341026 1.794872 57 116 0
-0.725000 1.033333 5.833333 10 61 68
1.475000 1.133333 5.833333 36 78 120
0.101266 -0.340928 1.181435 144 136 150
-1.208333 1.000000 5.833333 96 13 91
-0.230769 -0.276923 1.794872 25 57 33
0.414286 0.292857 2.500000 143 79 39
0.371429 -0.175000 2.500000 76 0 50
0.253571 0.100000 2.500000 123 51 19
-0.017949 -0.153846 1.794872 28 117 3
-0.272414 -0.079310 1.206897 87 132 161
0.378571 0.435714 2.500000 155 0 62
0.203571 0.146429 2.500000 76 0 133
-0.028205 -0.215385 1.794872 16 156 24
-1.083333 1.258333 5.833333 24 159 83
-0.286207 0.165517 1.206897 110 39 139
-0.125000 1.041667 5.833333 50 17 47
1.227778 -0.177778 3.888889 116 95 0
-1.533333 1.366667 5.833333 0 56 43
0.521429 -0.203571 2.500000 81 28 54
-0.322414 0.015517 1.206897 1 31 220
1.200000 1.566667 5.833333 35 131 49
3.713581 -2.962963 13.827161 157 79 136
0.210714 0.414286 2.500000 88 53 53
1.255556 0.383333 3.888889 101 59 0
1.177778 -0.661111 3.888889 61 113 0
-0.268966 0.027586 1.206897 78 26 88
-0.283333 1.000000 5.833333 48 23 92
-0.158974 0.107692 1.794872 41 35 74
-0.225862 -0.024138 1.206897 0 71 108
0.400000 -0.642857 2.500000 121 96 30
-0.320690 -0.005172 1.206897 4 0 78
-0.166667 0.000000 1.794872 57 115 45
0.546429 0.464286 2.500000 150 63 103
-0.272414 0.155172 1.206897 23 43 123
-0.187179 -0.366667 1.794872 53 79 31
-1.216667 1.466667 5.833333 31 95 17
-0.250000 1.775000 5.833333 0 85 50
1.538889 0.511111 3.888889 50 145 0
-0.235897 0.015385 1.794872 27 73 65
1.466667 -0.952381 3.333333 149 162 112
-0.025641 0.043590 1.794872 11 54 16
-0.130769 0.064103 1.794872 33 127 30
0.207143 -0.317857 2.500000 99 39 71
0.583333 1.600000 5.833333 30 79 101
0.517857 -0.017857 2.500000 114 64 100
-0.255172 0.113793 1.206897 17 76 127
-0.367241 0.184483 1.206897 11 37 101
-0.138462 -0.279487 1.794872 13 74 65
1.422222 -0.277778 3.888889 110 32 0
1.714286 1.591209 6.153846 86 105 113
-0.182051 0.300000 1.794872 0 76 0
0.053846 0.089744 1.794872 29 32 16
-1.200000 1.091667 5.833333 11 58 107
-0.508333 1.141667 5.833333 0 102 37
-0.116667 1.500000 5.833333 23 134 115
0.118182 -0.376364 1.272727 115 153 130
-0.220690 -0.020690 1.206897 96 136 137
-0.161538 0.251282 1.794872 21 136 54
-0.244828 0.046552 1.206897 38 0 150
-1.150000 1.458333 5.833333 61 27 96
0.239286 0.182143 2.500000 126 48 129
0.191667 1.766667 5.833333 0 50 20
0.200000 1.566667 5.833333 70 167 43
1.388889 -0.511111 3.888889 158 82 0
1.266667 -0.655556 3.888889 171 60 0
-0.293103 -0.168966 1.206897 139 57 125
-0.102564 -0.289744 1.794872 0 86 0
0.582143 -0.189286 2.500000 61 62 118
0.514286 -0.092857 2.500000 45 41 0
-0.966667 1.116667 5.833333 0 86 108
1.141667 1.341667 5.833333 23 42 136
1.505556 0.605556 3.888889 76 86 0
1.000000 1.775000 5.833333 12 23 102
-3.120988 -3.516049 13.827161 107 150 125
-0.337931 0.103448 1.206897 0 55 132
0.926471 0.367647 2.058824 128 162 108
-0.975000 1.050000 5.833333 24 0 74
-0.184615 -0.243590 1.794872 207 82 22
-0.358621 0.100000 1.206897 58 132 180
-1.616667 1.516667 5.833333 43 68 108
1.194444 0.416667 3.888889 146 33 0
-1.650262 1.834555 5.863874 116 126 98
0.450000 -0.617857 2.500000 48 50 108
0.500000 -0.425000 2.500000 149 0 20
-0.558333 1.158333 5.833333 12 118 54
-0.187179 -0.348718 1.794872 64 110 84
0.400000 0.467857 2.500000 51 3 101
-0.246154 0.266667 1.794872 92 99 0
0.158333 1.300000 5.833333 47 49 149
-0.043590 -0.315385 1.794872 37 69 17
-0.212821 -0.028205 1.794872 45 64 0
0.787565 1.185492 5.803109 7 24 93
-0.094872 0.130769 1.794872 44 34 120
-0.286207 -0.182759 1.206897 62 143 49
-0.267241 -0.234483 1.206897 100 4 134
-0.225381 -0.162437 1.421320 178 143 155
-0.023077 -0.066667 1.794872 0 144 45
0.571429 0.146429 2.500000 102 14 83
0.141667 1.500000 5.833333 0 49 79
1.588889 -0.238889 3.888889 140 136 40
0.492857 -0.414286 2.500000 113 36 102
1.616667 -0.644444 3.888889 180 67 6
0.074359 0.123077 1.794872 76 19 6
-0.148243 -0.373163 1.789137 106 167 110
1.533333 -0.494444 3.888889 172 109 20
-1.108333 1.741667 5.833333 0 38 83
0.357143 0.035714 2.500000 215 5 84
0.207143 -0.010714 2.500000 84 70 53
-0.253448 -0.110345 1.206897 23 43 73
-0.223077 -0.317949 1.794872 8 75 33
-0.071795 -0.192308 1.794872 69 131 86
0.478571 -0.589286 2.500000 86 30 119
-1.050000 1.450000 5.833333 45 144 32
0.618015 -0.525191 1.709924 137 153 54
0.589286 -0.546429 2.500000 54 1 67
1.144444 -0.116667 3.888889 181 50 0
0.328571 -0.142857 2.500000 46 54 124
-0.219202 -0.260626 1.208199 109 142 112
0.600000 -0.371429 2.500000 138 104 120
-0.266667 0.006667 1.555556 115 142 140
1.391667 1.700000 5.833333 26 84 130
0.375000 0.475000 2.500000 125 33 34
0.020513 -0.243590 1.794872 23 195 7
-0.315517 -0.093103 1.206897 10 80 50
-1.000000 1.550000 5.833333 41 21 80
-0.033333 1.325000 5.833333 54 45 82
1.027778 -0.238889 3.888889 128 102 45
-1.733333 1.525000 5.833333 0 79 89
-0.237931 -0.146552 1.206897 11 40 133
-0.025641 0.307692 1.794872 0 98 80
0.589286 0.300000 2.500000 156 27 52
-0.262069 -0.141379 1.206897 104 1 45
-0.005128 0.305128 1.794872 0 95 0
0.285714 0.232143 2.500000 154 91 74
0.002564 -0.210256 1.794872 0 115 34
1.422222 0.405556 3.888889 166 61 13
1.538889 0.272222 3.888889 158 103 25
1.022222 -0.238889 3.888889 142 73 103
0.325000 1.608333 5.833333 0 62 97
0.500000 1.475000 5.833333 37 48 58
-1.416667 1.400000 5.833333 39 45 149
0.174610 -0.092650 2.494432 130 103 93
0.292857 -0.639286 2.500000 138 0 70
-0.355172 -0.220690 1.206897 49 21 0
-0.315517 -0.163793 1.206897 37 57 117
-0.067033 -0.193407 0.769231 164 129 163
1.241667 1.491667 5.833333 0 48 98
-0.232759 0.184483 1.206897 16 28 103
-0.279487 0.256410 1.794872 12 61 75
-1.658333 1.550000 5.833333 0 19 0
0.933333 1.533333 5.833333 65 25 73
1.494444 -0.027778 3.888889 169 134 102
-0.246552 -0.272414 1.206897 33 29 106
1.244444 -0.172222 3.888889 135 99 25
0.242857 0.021429 2.500000 107 90 21
1.177778 0.588889 3.888889 173 54 0
1.055555 -0.361111 3.888889 173 26 77
-0.066667 -0.020513 1.794872 150 97 5
0.125000 1.550000 5.833333 29 81 93
0.571429 0.167857 2.500000 53 142 58
-0.329310 0.089655 1.206897 55 89 89
0.191667 1.808333 5.833333 116 155 117
1.105556 0.227778 3.888889 118 59 0
1.483333 0.072222 3.888889 149 88 0
-1.750000 1.641667 5.833333 39 99 62
0.575000 1.225000 5.833333 0 123 58
1.450000 0.083333 3.888889 91 25 58
-0.156410 -0.256410 1.794872 0 140 39
-0.074359 0.079487 1.794872 26 108 0
0.275000 -0.432143 2.500000 79 0 66
1.533333 0.616667 3.888889 112 50 0
1.533333 1.375000 5.833333 0 10 86
-0.253448 -0.031034 1.206897 41 18 68
1.155555 0.322222 3.888889 187 101 19
1.610561 -0.433003 3.696370 154 180 154
1.361111 -0.138889 3.888889 152 73 0
-0.135897 -0.312821 1.794872 58 125 29
0.442857 0.421429 2.500000 133 118 57
0.478571 0.382143 2.500000 212 100 65
1.472222 -0.500000 3.888889 231 93 56
0.250000 -0.214286 2.500000 101 17 71
-0.583333 1.466667 5.833333 1 69 59
-0.051282 -0.364103 1.794872 8 141 6
0.400000 0.453571 2.500000 124 0 37
-0.733333 1.033333 5.833333 0 37 67
-0.175000 1.500000 5.833333 0 78 106
-0.368966 0.193103 1.206897 0 57 125
-0.233333 0.041026 1.794872 93 121 0
1.011111 -0.116667 3.888889 152 133 78
-1.641667 1.683333 5.833333 0 60 106
0.214286 0.217857 2.500000 130 92 50
0.382143 -0.560714 2.500000 84 55 150
-0.002564 -0.143590 1.794872 81 158 40
-1.633333 1.258333 5.833333 0 69 137
0.289286 0.292857 2.500000 57 26 36
-0.303448 -0.284483 1.206897 0 68 120
1.105556 0.272222 3.888889 148 18 69
0.214286 -0.010714 2.500000 108 30 113
-0.200000 -0.138462 1.794872 0 77 11
-0.270690 -0.125862 1.206897 0 0 87
-0.313793 -0.203448 1.206897 0 133 45
1.625000 1.266667 5.833333 127 132 148
-0.205128 0.061538 1.794872 63 66 14
-0.196429 -0.253571 1.250000 113 124 118
1.550000 -0.288889 3.888889 84 78 27
-0.066667 1.350000 5.833333 0 7 118
1.177778 -0.322222 3.888889 130 139 0
0.517857 -0.339286 2.500000 113 0 79
0.389286 -0.667857 2.500000 169 77 99
0.364286 -0.478571 2.500000 130 0 28
-0.187179 -0.092308 1.794872 127 107 9
-1.491667 1.525000 5.833333 51 55 17
-1.566667 1.408333 5.833333 8 0 148
-0.102564 0.202564 1.794872 37 67 67
-0.294828 0.132759 1.206897 0 128 151
1.216667 1.200000 5.833333 0 0 54
0.557143 -0.467857 2.500000 77 25 27
0.333333 1.575000 5.833333 0 87 139
0.185714 -0.053571 2.500000 104 0 85
0.017949 -0.028205 1.794872 39 118 55
-0.351724 0.025862 1.206897 42 0 98
-0.220513 -0.151282 1.794872 62 58 0
0.346429 0.025000 2.500000 82 0 70
1.383333 -0.288889 3.888889 141 120 66
-0.983333 1.483333 5.833333 45 0 150
-0.028205 -0.020513 1.794872 33 45 0
1.416667 0.183333 3.888889 103 51 0
1.038889 -0.400000 3.888889 86 79 32
0.417857 -0.642857 2.500000 75 0 15
-1.158333 1.700000 5.833333 50 110 81
1.561111 -0.177778 3.888889 169 127 0
-0.074359 -0.153846 1.794872 1 56 47
-0.281034 -0.151724 1.206897 0 118 141
0.464286 0.067857 2.500000 43 9 0
1.616667 -0.405556 3.888889 67 59 0
0.253571 -0.692857 2.500000 122 89 137
1.111111 -0.138889 3.888889 77 14 0
0.084615 -0.330769 1.794872 133 106 93
1.655944 -0.095105 3.916084 112 155 152
0.421429 0.403571 2.500000 140 12 145
-0.325862 -0.101724 1.206897 98 42 85
-1.833333 1.266667 5.833333 28 112 45
0.125000 1.108333 5.833333 33 59 58
0.783333 1.466667 5.833333 0 4 86
-0.105128 -0.356410 1.794872 24 43 0
0.617228 -0.333583 1.398252 125 122 55
-0.033333 -0.223077 1.794872 0 90 30
0.089744 -0.179487 1.794872 114 91 145
-0.246552 -0.020690 1.206897 64 28 125
-1.725000 1.175000 5.833333 16 9 119
-0.281034 0.053448 1.206897 0 95 67
-1.416667 1.458333 5.833333 0 80 21
-0.239655 0.000000 1.206897 100 28 62
-1.840415 1.376166 5.803109 11 0 125
-0.246154 -0.115385 1.794872 0 49 52
0.428571 -0.021429 2.500000 127 47 35
-0.133333 1.591667 5.833333 38 39 0
-0.324555 -0.572242 1.992883 150 136 118
0.160356 -0.103341 2.494432 105 156 154
0.275000 -0.132143 2.500000 34 47 26
-0.508333 1.200000 5.833333 21 101 57
0.053846 0.100000 1.794872 89 128 0
0.941667 1.558333 5.833333 12 62 24
0.483333 1.400000 5.833333 49 51 86
1.516667 1.075000 5.833333 0 0 22
1.294444 -0.616667 3.888889 62 97 35
0.154128 0.418349 2.568807 70 92 99
0.374684 0.202532 0.886076 109 150 129
-0.212265 -0.378473 1.401752 178 159 96
0.210714 -0.657143 2.500000 134 13 54
-0.256897 0.093103 1.206897 0 58 127
0.385714 -0.582143 2.500000 32 26 61
-0.164103 0.120513 1.794872 71 93 71
1.166667 -0.094444 3.888889 196 74 40
-0.320690 0.160345 1.206897 77 59 46
-0.312069 -0.012069 1.206897 18 85 99
0.542857 0.335714 2.500000 102 91 31
-0.169231 0.189744 1.794872 25 45 27
0.182143 0.467857 2.500000 125 15 105
0.557143 0.135714 2.500000 142 16 55
-0.053846 -0.048718 1.794872 35 119 17
-0.048718 0.269231 1.794872 122 75 53
-0.048718 -0.017949 1.794872 49 98 12
-0.305172 0.112069 1.206897 44 115 86
1.142105 1.021053 3.684211 180 148 130
0.066667 0.115385 1.794872 50 137 17
1.505556 0.450000 3.888889 181 66 69
0.931579 -0.994737 3.684211 144 167 141
-0.046154 -0.189744 1.794872 43 105 43
0.015385 0.007692 1.794872 11 8 0
1.372222 0.294444 3.888889 170 100 61
0.289286 -0.196429 2.500000 51 46 73
0.464286 -0.325000 2.500000 111 17 166
1.350000 -0.322222 3.888889 112 99 0
0.094872 -0.320513 1.794872 113 122 146
-0.329310 -0.029310 1.206897 64 0 124
0.567857 0.403571 2.500000 81 0 65
0.392857 0.157143 2.500000 125 34 69
0.564286 0.150000 2.500000 98 99 50
0.922476 -1.011075 3.648208 166 110 149
-0.151282 -0.210256 1.794872 56 157 46
-0.298276 0.158621 1.206897 51 98 130
-0.372414 -0.179310 1.206897 5 2 132
-0.900000 1.291667 5.833333 54 3 91
1.527778 0.283333 3.888889 175 131 33
-0.079487 0.138462 1.794872 6 72 25
-0.241206 -0.162814 1.407035 149 141 149
-0.363793 -0.134483 1.206897 0 119 125
-0.010256 -0.023077 1.794872 40 45 0
-0.028205 0.205128 1.794872 0 170 51
0.591667 1.591667 5.833333 11 53 125
-1.475000 1.383333 5.833333 0 58 74
0.508333 1.325000 5.833333 22 67 47
1.591667 1.800000 5.833333 150 133 103
0.079487 0.141026 1.794872 52 139 96
0.382143 0.025000 2.500000 97 34 75
1.605556 0.111111 3.888889 133 143 89
0.015385 -0.366667 1.794872 0 104 46
0.207143 0.239286 2.500000 111 149 0
-0.150000 1.600000 5.833333 18 52 36
-0.283333 1.300000 5.833333 6 100 134
0.346110 -0.330930 1.062619 87 165 181
-0.092160 -0.366080 1.792000 61 133 31
0.210714 0.371429 2.500000 112 0 57
0.475000 -0.353571 2.500000 141 79 23
0.278571 -0.328571 2.500000 128 0 79
1.553114 -0.732601 4.102564 105 105 130
1.111111 -0.100000 3.888889 113 16 0
-0.346552 -0.277586 1.206897 84 54 52
-0.315517 0.041379 1.206897 48 29 109
-1.583333 1.166667 5.833333 49 0 113
-0.237931 -0.031034 1.206897 0 43 144
0.575000 -0.660714 2.500000 62 0 102
-0.278197 -0.338546 1.030359 79 137 104
0.558333 1.633333 5.833333 31 2 33
-1.791667 1.666667 5.833333 15 93 92
1.394444 -0.133333 3.888889 116 97 64
-0.241379 0.106897 1.206897 5 39 82
1.294444 0.122222 3.888889 188 41 0
1.400000 1.383333 5.833333 0 0 94
1.050000 0.288889 3.888889 174 15 0
1.250000 1.600000 5.833333 39 141 83
-0.050000 1.375000 5.833333 53 115 46
-0.212821 0.102564 1.794872 15 82 45
-0.025641 0.164103 1.794872 74 148 0
-0.329310 0.039655 1.206897 0 49 115
-0.379310 -0.122414 1.206897 70 75 77
-0.289655 -0.127586 1.206897 62 85 115
1.038889 -0.294444 3.888889 169 85 59
-0.251282 -0.038462 1.794872 87 107 133
-0.069231 -0.189744 1.794872 64 29 64
0.250000 0.100000 2.500000 67 35 106
-0.252761 -0.260123 1.717791 127 118 140
-0.341379 -0.286207 1.206897 76 66 133
-1.150000 1.766667 5.833333 146 11 77
1.322222 0.005556 3.888889 188 32 63
-0.525000 1.008333 5.833333 43 94 29
1.417617 0.936788 5.803109 0 61 67
-0.166667 -0.074359 1.794872 94 86 51
1.216667 1.600000 5.833333 0 27 71
-0.208333 1.033333 5.833333 52 0 83
1.383333 1.616667 5.833333 63 90 87
1.483333 -0.372222 3.888889 160 82 0
0.633333 1.358333 5.833333 21 8 61
-0.220690 -0.013793 1.206897 123 150 133
0.503571 0.125000 2.500000 139 9 129
1.312111 -0.680969 3.875432 166 127 90
-1.650000 1.066667 5.833333 8 50 46
0.567857 0.100000 2.500000 125 30 29
0.367857 -0.610714 2.500000 115 0 58
0.389286 -0.025000 2.500000 174 67 97
0.053846 -0.053846 1.794872 0 0 46
1.185037 0.845885 2.793017 113 118 130
0.207143 0.382143 2.500000 181 99 87
0.171429 0.057143 2.500000 125 105 148
-0.283333 1.208333 5.833333 76 104 119
-0.121905 -0.373333 1.777778 169 149 170
-0.303448 -0.124138 1.206897 80 17 10
2.475978 1.886034 6.256983 116 148 111
-1.350000 1.375000 5.833333 5 54 37
0.033333 -0.264103 1.794872 104 104 39
1.277778 0.188889 3.888889 80 23 41
0.410714 -0.467857 2.500000 153 0 36
-0.331034 -0.225862 1.206897 40 42 87
1.188889 0.577778 3.888889 178 1 0
0.242857 0.228571 2.500000 98 25 0
-0.092308 0.258974 1.794872 69 98 50
0.056410 -0.020513 1.794872 4 42 101
0.824242 0.448485 2.121212 131 101 122
0.130783 0.258783 1.947826 0 42 72
-1.208333 1.566667 5.833333 19 33 20
0.985467 0.127336 3.875432 138 108 121
1.511111 -0.366667 3.888889 94 75 48
0.766667 1.783333 5.833333 95 63 158
1.344444 0.400000 3.888889 81 77 36
-0.358621 -0.060345 1.206897 44 96 72
1.558333 1.275000 5.833333 0 23 118
-0.306897 -0.241379 1.206897 8 11 153
-0.079487 0.269231 1.794872 0 75 36
0.977778 0.033333 3.888889 93 168 108
1.050000 -0.400000 3.888889 163 62 36
-0.041026 -0.228205 1.794872 85 78 20
0.158333 1.158333 5.833333 46 114 147
-0.916667 1.050000 5.833333 22 61 122
1.300000 0.255556 3.888889 153 120 58
1.511111 0.088889 3.888889 95 76 96
-0.317241 -0.032759 1.206897 9 53 136
1.227778 0.244444 3.888889 132 74 69
1.566667 -0.466667 3.888889 151 83 43
-0.334483 -0.253448 1.206897 6 85 73
0.492857 -0.517857 2.500000 44 157 104
0.071795 -0.094872 1.794872 96 84 45
-0.329310 0.048276 1.206897 26 18 71
0.048718 0.092308 1.794872 40 74 88
0.560714 0.000000 2.500000 31 35 31
0.328571 0.117857 2.500000 118 0 76
0.850000 1.766667 5.833333 21 0 110
-0.291667 1.100000 5.833333 21 79 35
-0.260345 -0.063793 1.206897 75 86 144
1.588889 0.633333 3.888889 95 62 5
1.427778 -0.133333 3.888889 131 27 12
0.453571 -0.385714 2.500000 121 0 32
-0.425000 1.216667 5.833333 0 71 83
0.592857 -0.496429 2.500000 148 159 104
0.560714 0.435714 2.500000 50 0 65
1.394444 -0.188889 3.888889 176 0 66
1.055555 0.583333 3.888889 100 138 60
-0.223129 -0.217687 1.269841 113 147 144
-0.382759 0.034483 1.206897 93 43 104
-0.683333 1.250000 5.833333 12 78 10
-0.087179 0.161538 1.794872 28 35 41
0.560714 0.103571 2.500000 93 0 78
-0.272414 -0.248276 1.206897 75 0 105
-1.025000 1.750000 5.833333 100 102 24
1.633333 0.472222 3.888889 121 133 122
-0.625000 1.458333 5.833333 0 0 123
-0.275862 -0.100000 1.206897 45 0 55
0.521429 0.400000 2.500000 113 54 80
0.250000 -0.496429 2.500000 127 0 112
0.575000 0.335714 2.500000 98 13 11
-0.363793 -0.217241 1.206897 139 48 129
-0.194872 0.284615 1.794872 0 141 26
0.367857 -0.146429 2.500000 6 69 50
0.460714 -0.335714 2.500000 85 66 0
0.525000 1.383333 5.833333 77 101 76
0.521429 0.471429 2.500000 137 11 61
0.450000 -0.464286 2.500000 114 4 122
0.446429 -0.221429 2.500000 117 9 54
-1.033333 1.491667 5.833333 52 103 125
1.283333 0.255556 3.888889 149 66 0
0.051282 0.002564 1.794872 63 31 28
1.044444 0.116667 3.888889 132 111 22
0.489286 0.092857 2.500000 142 0 129
0.257143 -0.085714 2.500000 147 43 54
-0.141026 0.202564 1.794872 32 100 12
-0.194872 0.079487 1.794872 52 74 105
1.327778 -0.155556 3.888889 78 82 11
-0.217241 -0.239655 1.206897 162 136 121
1.491667 1.491667 5.833333 15 34 81
0.503571 0.228571 2.500000 123 51 40
0.410714 -0.392857 2.500000 42 0 47
0.528571 0.046429 2.500000 92 82 122
0.200000 -0.503571 2.500000 47 50 40
0.350000 0.232143 2.500000 132 0 66
-0.329310 -0.181034 1.206897 29 87 63
1.361111 -0.544444 3.888889 84 104 70
0.503571 -0.271429 2.500000 20 0 6
-1.058333 1.208333 5.833333 2 84 50
-0.317241 0.008621 1.206897 0 82 68
1.422222 0.627778 3.888889 80 81 36
1.583333 1.600000 5.833333 30 42 82
-0.281034 -0.055172 1.206897 68 49 59
1.255556 0.450000 3.888889 103 137 60
-0.100000 0.043590 1.794872 64 141 67
-0.583333 1.400000 5.833333 39 12 95
0.508333 1.558333 5.833333 0 0 89
-0.023077 0.279487 1.794872 0 129 59
0.575000 0.339286 2.500000 169 0 32
-0.161538 0.248718 1.794872 32 83 66
1.441667 1.683333 5.833333 18 63 80
-1.116667 1.466667 5.833333 114 32 95
0.000000 -0.348718 1.794872 79 94 44
-0.500000 1.408333 5.833333 0 126 41
-0.346552 -0.162069 1.206897 0 41 58
-0.274138 -0.270690 1.206897 0 120 19
-0.141026 -0.328205 1.794872 4 134 34
-0.315517 -0.172414 1.206897 35 74 61
-0.130769 0.300000 1.794872 61 3 0
0.185714 -0.642857 2.500000 84 75 57
-1.025000 1.450000 5.833333 47 26 79
1.538889 -0.244444 3.888889 118 76 52
0.167857 -0.050000 2.500000 60 204 156
-0.094872 0.035897 1.794872 64 85 7
0.510714 0.153571 2.500000 56 38 118
0.346429 -0.575000 2.500000 185 65 85
1.216667 -0.216667 3.888889 155 122 0
-1.241667 1.483333 5.833333 0 51 40
-0.301724 -0.070690 1.206897 27 34 140
-0.158333 1.575000 5.833333 4 33 63
0.221429 0.117857 2.500000 103 60 87
0.314286 0.010714 2.500000 158 38 93
1.350000 -0.627778 3.888889 115 65 0
0.533333 1.758333 5.833333 7 22 60
-1.108333 1.791667 5.833333 67 53 85
-0.153846 -0.341026 1.794872 32 72 9
-0.329310 -0.208621 1.206897 0 36 114
-0.218730 -0.077503 1.205597 128 115 114
-0.400000 1.741667 5.833333 30 47 85
0.232143 -0.650000 2.500000 103 15 50
0.166667 1.400000 5.833333 4 83 90
-0.130769 -0.005128 1.794872 0 88 28
0.207143 0.103571 2.500000 132 10 38
-0.133333 -0.261538 1.794872 96 85 43
-0.263793 -0.036207 1.206897 57 7 84
0.498026 -0.416260 1.300813 138 140 148
-0.282759 0.189655 1.206897 0 100 91
0.225000 0.482143 2.500000 84 33 128
1.116667 1.791667 5.833333 0 81 40
-0.866667 1.133333 5.833333 64 0 74
-0.346552 -0.191379 1.206897 64 74 72
1.275000 1.450000 5.833333 74 145 72
0.425000 0.110714 2.500000 106 0 74
-0.363793 -0.234483 1.206897 0 11 66
1.372222 -0.566667 3.888889 140 44 91
1.438889 0.388889 3.888889 141 87 32
0.510714 -0.178571 2.500000 190 47 19
-0.141667 1.225000 5.833333 51 17 66
0.066667 1.050000 5.833333 0 45 67
1.416667 -0.438889 3.888889 126 89 64
1.222222 -0.250000 3.888889 121 27 11
-0.291379 0.117241 1.206897 14 51 71
-0.220896 -0.372139 1.393035 116 137 179
-0.205128 -0.212821 1.794872 0 56 0
0.225000 0.235714 2.500000 141 13 0
-0.303448 -0.281034 1.206897 106 88 107
-0.248276 -0.110345 1.206897 23 43 93
0.189286 -0.167857 2.500000 84 18 46
0.100000 1.483333 5.833333 0 34 53
-0.370690 -0.153448 1.206897 29 139 239
3.488889 -0.400000 7.777778 125 154 182
-0.329310 0.100000 1.206897 48 32 47
1.522222 0.311111 3.888889 152 127 0
0.557143 -0.585714 2.500000 180 0 54
-0.205128 -0.089744 1.794872 80 121 0
-1.650000 1.008333 5.833333 44 24 81
-1.450000 1.450000 5.833333 59 67 101
-0.182051 0.105128 1.794872 24 59 50
-0.310345 -0.151724 1.206897 67 37 57
-0.966667 1.166667 5.833333 127 46 117
1.265505 0.702439 3.902439 138 153 165
-0.200000 0.002564 1.794872 68 79 0
-0.858333 1.241667 5.833333 36 38 77
0.307143 0.450000 2.500000 115 20 83
0.589286 0.403571 2.500000 136 0 40
1.572222 -0.150000 3.888889 145 102 44
-0.191228 0.077193 1.228070 124 129 118
0.342857 -0.064286 2.500000 51 29 113
0.028205 -0.289744 1.794872 38 117 22
-0.301724 0.108621 1.206897 31 60 124
1.333333 0.577778 3.888889 172 41 22
1.477778 -0.611111 3.888889 172 154 0
1.094444 -0.522222 3.888889 136 63 0
-1.475000 1.425000 5.833333 35 73 0
1.188889 0.394444 3.888889 135 33 43
-0.815385 0.900000 2.692308 145 112 122
-0.351724 -0.165517 1.206897 78 93 137
-0.225862 -0.286207 1.206897 16 28 99
-1.075000 1.550000 5.833333 7 140 156
0.514286 0.121429 2.500000 45 0 0
-0.212821 -0.207692 1.794872 86 129 82
-0.033333 1.591667 5.833333 77 78 113
-0.608333 1.133333 5.833333 0 38 88
-0.153846 0.117949 1.794872 27 109 27
-0.343103 -0.184483 1.206897 78 18 136
-0.195633 0.521689 1.630277 127 118 179
-1.783333 1.733333 5.833333 42 40 137
0.005128 0.115385 1.794872 30 78 26
-1.608333 1.375000 5.833333 74 21 102
-0.286207 0.101724 1.206897 36 57 145
0.546429 -0.407143 2.500000 95 80 11
1.116667 -0.333333 3.888889 206 122 0
1.516667 1.775000 5.833333 53 0 123
0.783333 1.608333 5.833333 0 71 96
-0.074359 0.274359 1.794872 54 124 7
1.583333 1.591667 5.833333 8 50 80
-0.312069 -0.153448 1.206897 87 73 10
-0.441667 1.216667 5.833333 6 27 63
0.214286 -0.082143 2.500000 130 26 10
2.503627 0.613472 5.803109 135 119 121
0.069231 -0.307692 1.794872 101 76 37
-0.135897 0.130769 1.794872 53 53 0
0.467857 -0.514286 2.500000 134 98 65
0.400000 -0.517857 2.500000 108 29 0
-0.066667 -0.041026 1.794872 57 94 20
-0.074359 0.225641 1.794872 90 114 0
0.439286 0.078571 2.500000 112 80 0
-1.341667 1.500000 5.833333 0 77 162
-0.268124 -0.336612 1.020036 146 136 136
0.339286 0.485714 2.500000 128 0 76
-0.217949 0.269231 1.794872 5 140 30
0.808333 1.450000 5.833333 38 68 0
1.183333 -0.183333 3.888889 125 23 60
1.169374 -0.549420 2.598608 110 133 102
0.228571 0.082143 2.500000 172 31 39
1.394444 0.355556 3.888889 175 27 0
-0.092308 -0.082051 1.794872 0 5 59
1.061111 -0.050000 3.888889 184 101 46
1.116667 0.627778 3.888889 159 8 64
-0.368966 0.077586 1.206897 105 0 26
0.071795 0.084615 1.794872 17 77 28
0.596429 -0.325000 2.500000 157 130 122
0.260714 -0.364286 2.500000 94 93 67
3.130435 -2.265838 6.956522 130 163 146
-0.231034 -0.055172 1.206897 60 107 97
1.158333 1.233333 5.833333 0 86 73
0.972222 0.327778 3.888889 147 97 149
-0.230769 0.141026 1.794872 53 136 72
1.294444 -0.600000 3.888889 140 66 16
1.100000 0.238889 3.888889 120 27 97
0.358333 1.250000 5.833333 74 44 128
-0.365517 0.044828 1.206897 9 0 112
-0.946597 1.817801 5.863874 143 133 121
-0.566667 1.466667 5.833333 0 63 93
-0.005128 0.120513 1.794872 8 60 89
-0.287931 -0.189655 1.206897 23 92 112
0.346429 0.503571 2.500000 150 50 88
0.082183 0.249117 1.797753 27 33 99
0.384655 -0.814322 2.864450 81 135 117
0.235714 -0.125000 2.500000 102 102 0
1.388889 0.355556 3.888889 84 158 36
0.326376 -0.326376 1.062619 93 121 101
-1.225000 1.258333 5.833333 38 60 95
0.033333 1.600000 5.833333 52 0 78
-0.238462 0.202564 1.794872 61 55 31
0.303571 -0.157143 2.500000 143 78 81
1.931034 1.379310 6.436781 128 122 120
0.417857 -0.464286 2.500000 146 135 118
-1.058333 0.950000 5.833333 0 21 111
1.425000 1.250000 5.833333 43 41 39
1.150000 0.477778 3.888889 124 105 0
0.528571 -0.446429 2.500000 119 0 66
1.355556 -0.594444 3.888889 112 71 17
1.650000 0.388889 3.888889 124 91 159
0.189286 -0.114286 2.500000 70 10 107
-0.135897 -0.194872 1.794872 93 51 0
-0.281034 0.070690 1.206897 75 0 41
-0.305172 -0.096552 1.206897 0 89 98
1.266667 -0.027778 3.888889 120 106 54
-0.174359 -0.102564 1.794872 24 122 0
-0.115385 0.107692 1.794872 81 86 3
0.550000 0.125000 2.500000 58 114 64
1.005556 -0.583333 3.888889 184 87 18
1.575000 1.350000 5.833333 0 125 105
0.307143 -0.482143 2.500000 134 14 76
0.246429 -0.335714 2.500000 71 91 81
0.525000 -0.628571 2.500000 126 0 25
-0.005128 -0.084615 1.794872 13 128 0
-0.224138 0.051724 1.206897 80 53 23
1.441667 1.125000 5.833333 0 48 63
0.400000 1.725000 5.833333 11 33 82
-0.005128 0.061538 1.794872 33 55 0
0.367857 0.500000 2.500000 173 27 30
-0.012821 -0.153846 1.794872 43 110 31
0.020513 0.100000 1.794872 64 104 33
0.043590 -0.192308 1.794872 34 158 89
-0.176923 0.235897 1.794872 0 67 9
-0.241379 -0.050000 1.206897 6 134 88
0.271429 0.078571 2.500000 150 57 82
0.446429 0.371429 2.500000 210 0 69
-0.194872 0.282051 1.794872 62 72 32
1.227778 -0.422222 3.888889 44 92 56
0.353571 -0.667857 2.500000 120 2 87
0.435714 0.425000 2.500000 110 38 8
0.988070 -0.449123 3.929825 122 82 145
-0.064103 -0.143590 1.794872 8 128 0
-1.533333 1.583333 5.833333 23 86 88
1.033333 0.450000 3.888889 107 48 0
-0.048718 0.053846 1.794872 48 116 0
0.317857 0.414286 2.500000 137 91 96
-0.296552 0.081034 1.206897 30 84 85
0.275000 0.307143 2.500000 159 6 26
0.235714 -0.357143 2.500000 132 27 80
-0.079487 0.292308 1.794872 63 76 42
0.375000 0.053571 2.500000 118 58 113
-0.365517 0.131034 1.206897 0 52 143
0.396429 0.428571 2.500000 109 21 93
0.557143 -0.382143 2.500000 59 50 106
-0.232759 -0.013793 1.206897 83 100 159
-0.237931 -0.291379 1.206897 166 96 123
1.583333 -0.138889 3.888889 103 156 13
-0.591667 1.641667 5.833333 91 50 16
1.511111 -0.333333 3.888889 148 100 2
-0.950943 1.137107 3.522012 156 149 133
-0.233333 0.069231 1.794872 19 37 41
0.225000 -0.053571 2.500000 155 0 102
-0.102564 -0.048718 1.794872 0 79 0
0.300000 -0.271429 2.500000 113 50 100
0.314286 -0.567857 2.500000 132 24 113
0.961111 0.144444 3.888889 142 129 112
-0.310345 0.189655 1.206897 63 18 99
-0.092308 -0.328205 1.794872 27 103 0
0.467857 0.378571 2.500000 106 57 56
-0.164103 -0.135897 1.794872 14 141 28
1.166667 -0.322222 3.888889 110 95 8
6.200000 -4.140000 14.000000 140 148 153
-0.171795 -0.289744 1.794872 53 74 0
-1.241667 1.025000 5.833333 8 0 103
0.207143 -0.592857 2.500000 66 102 0
-0.303448 -0.053448 1.206897 18 9 52
-0.281034 0.196552 1.206897 0 13 30
-0.691667 1.216667 5.833333 21 0 18
-0.225862 -0.191379 1.206897 0 66 79
0.260714 0.114286 2.500000 101 0 42
1.338889 0.083333 3.888889 148 91 0
1.200000 -0.033333 3.888889 179 51 3
-0.275862 -0.175862 1.206897 0 71 123
0.038462 -0.348718 1.794872 0 99 47
-0.210256 -0.320513 1.794872 60 78 37
0.808333 1.383333 5.833333 29 63 0
-0.205128 -0.112821 1.794872 0 100 3
1.266667 -0.305556 3.888889 156 77 0
1.333333 1.741667 5.833333 0 32 125
0.342857 -0.385714 2.500000 166 33 0
-0.066667 -0.107692 1.794872 0 28 27
-0.005128 -0.230769 1.794872 0 72 20
1.238889 -0.527778 3.888889 61 96 27
0.285714 -0.653571 2.500000 139 0 10
-0.232759 0.034483 1.206897 12 66 116
1.264605 0.703780 3.848797 181 147 106
-0.120513 -0.197436 1.794872 93 102 36
0.264286 0.250000 2.500000 78 1 48
-0.241379 -0.251724 1.206897 0 39 114
-0.212821 0.015385 1.794872 69 67 0
-0.350000 1.691667 5.833333 58 87 104
1.383333 -0.466667 3.888889 162 65 69
0.076923 -0.207692 1.794872 43 136 52
-0.056410 0.105128 1.794872 6 161 0
-1.283333 1.291667 5.833333 26 25 58
-0.650000 1.350000 5.833333 69 24 84
-0.305172 -0.286207 1.206897 1 115 174
1.405555 0.616667 3.888889 152 87 0
0.185714 -0.603571 2.500000 93 73 74
0.387302 -0.352381 1.111111 108 136 104
-0.284483 0.015517 1.206897 8 30 101
0.225000 -0.414286 2.500000 137 64 76
-0.243590 -0.069231 1.794872 67 29 75
0.482143 0.257143 2.500000 43 7 55
1.233333 1.466667 5.833333 19 28 128
1.138889 -0.288889 3.888889 201 41 2
-0.237931 0.003448 1.206897 18 41 26
1.216667 -0.077778 3.888889 213 69 0
0.492857 -0.117857 2.500000 163 19 84
0.500000 -0.557143 2.500000 102 52 75
1.172222 -0.600000 3.888889 174 66 20
-1.058333 1.566667 5.833333 39 34 78
0.246429 0.428571 2.500000 109 66 18
0.292857 0.125000 2.500000 122 0 97
-1.641667 1.083333 5.833333 10 15 126
0.360714 -0.253571 2.500000 88 56 82
0.175000 -0.275000 2.500000 167 108 99
0.400000 0.150000 2.500000 136 20 91
-0.017949 0.094872 1.794872 60 174 0
-0.300000 -0.137931 1.206897 8 16 0
-0.298276 -0.120690 1.206897 25 0 143
-0.225862 -0.151724 1.206897 49 63 68
-0.236207 -0.172414 1.206897 29 120 90
0.568037 0.370776 1.278539 96 138 142
-0.306897 -0.108621 1.206897 21 111 91
-0.030769 0.207692 1.794872 27 81 4
1.183333 -0.616667 3.888889 171 146 0
-0.372414 0.081034 1.206897 0 78 96
-0.372414 0.194828 1.206897 20 32 136
1.600000 1.650000 5.833333 144 138 124
1.533333 0.555556 3.888889 145 70 6
-1.775000 1.125000 5.833333 26 0 82
-1.308333 1.525000 5.833333 23 156 37
1.177778 0.338889 3.888889 184 67 0
1.377778 -0.255556 3.888889 167 51 71
0.258333 1.800000 5.833333 124 113 138
0.020513 0.038462 1.794872 47 144 59
1.131579 1.021053 3.684211 133 121 173
1.207220 0.716245 4.043321 123 109 99
0.335714 0.125000 2.500000 69 18 126
0.391667 1.475000 5.833333 14 18 39
0.683333 1.516667 5.833333 57 46 18
1.338403 1.119392 4.258555 129 115 94
-0.363495 -0.403883 2.174757 113 119 111
0.795897 -0.660513 2.871795 165 143 134
-1.133333 1.575000 5.833333 40 51 14
0.539286 0.046429 2.500000 130 18 76
1.083333 1.375000 5.833333 2 14 13
1.283333 -0.444444 3.888889 151 74 0
0.264286 0.328571 2.500000 44 70 74
1.555556 0.205556 3.888889 178 19 64
-0.194220 -0.331098 1.294798 127 102 138
0.035897 -0.020513 1.794872 1 76 30
1.350000 0.000000 3.888889 150 122 0
0.171429 -0.375000 2.500000 113 110 138
-0.350000 1.300000 5.833333 37 41 81
-0.377586 0.101724 1.206897 27 49 33
1.624870 1.575130 5.803109 90 84 141
-0.230769 0.164103 1.794872 16 71 66
-0.441667 1.441667 5.833333 42 67 55
0.475000 0.446429 2.500000 68 28 52
1.545000 0.505000 3.500000 101 119 99
1.588889 0.333333 3.888889 227 45 0
-0.171795 0.146154 1.794872 72 175 54
-0.270690 -0.246552 1.206897 49 44 99
0.385714 -0.089286 2.500000 119 0 57
-0.012821 0.128205 1.794872 85 81 3
1.401550 -2.418605 8.682171 132 103 144
0.225000 0.289286 2.500000 98 14 98
0.507143 0.432143 2.500000 164 46 54
-0.320690 -0.260345 1.206897 81 11 97
0.522642 0.390566 1.320755 130 151 132
0.000000 -0.307692 1.794872 0 58 17
1.555556 0.644444 3.888889 113 104 36
0.314286 -0.010714 2.500000 46 0 65
0.416667 1.241667 5.833333 20 76 106
-0.600000 1.766667 5.833333 106 103 94
-0.220513 -0.197436 1.794872 72 118 84
-0.362069 0.044828 1.206897 18 103 0
-1.058333 1.400000 5.833333 34 2 131
-0.138462 -0.089744 1.794872 98 127 72
-0.097436 0.097436 1.794872 24 78 3
0.482143 0.267857 2.500000 153 31 93
1.644599 0.061324 3.902439 113 116 119
-0.255172 -0.184483 1.206897 21 24 143
1.416667 -0.300000 3.888889 109 66 24
1.272222 0.094444 3.888889 137 85 0
2.445455 1.400000 6.363636 98 133 102
-0.382759 -0.248276 1.206897 40 20 109
-0.228205 0.146154 1.794872 64 128 19
3.775000 0.375000 8.750000 112 161 112
-0.219202 -0.003452 1.208199 130 127 94
-0.348276 -0.291379 1.206897 112 99 141
0.400000 0.339286 2.500000 87 13 44
0.585714 -0.639286 2.500000 109 15 25
0.282143 -0.017857 2.500000 180 74 12
-1.641667 1.275000 5.833333 54 42 54
1.533333 0.105556 3.888889 161 164 54
-0.182051 0.292308 1.794872 114 111 14
0.564286 -0.592857 2.500000 64 40 64
1.100000 1.808333 5.833333 88 155 146
0.051282 -0.192308 1.794872 74 28 0
1.058333 1.441667 5.833333 0 68 84
-0.051282 -0.161538 1.794872 47 45 31
1.105556 -0.411111 3.888889 123 0 42
0.275000 -0.517857 2.500000 132 6 77
1.561111 0.072222 3.888889 109 9 0
-0.983333 1.541667 5.833333 12 33 39
0.525000 -0.407143 2.500000 102 0 51
-1.766667 1.575000 5.833333 10 56 159
0.028205 0.051282 1.794872 48 71 0
-0.489119 -0.572021 2.901554 147 146 135
-0.234483 -0.039655 1.206897 0 23 71
-0.301724 0.094828 1.206897 76 34 158
0.020513 0.174359 1.794872 37 69 4
1.272222 -0.227778 3.888889 129 48 42
-0.200000 0.200000 1.794872 0 89 41
-0.236207 -0.186207 1.206897 25 94 69
-0.991667 1.441667 5.833333 46 57 74
0.276786 -0.392857 1.250000 125 190 84
1.372222 -0.288889 3.888889 201 146 25
0.267857 0.107143 2.500000 79 20 35
-0.213976 -0.032771 1.349398 147 119 153
-1.391667 1.558333 5.833333 71 86 74
0.267857 -0.321429 2.500000 103 15 0
-0.708333 1.225000 5.833333 0 47 146
-1.383333 1.291667 5.833333 0 10 72
0.457143 -0.221429 2.500000 134 0 5
0.310714 -0.160714 2.500000 111 21 82
-0.176923 -0.335897 1.794872 49 149 30
-0.225862 -0.167241 1.206897 0 121 97
-0.833333 1.575000 5.833333 46 57 75
-0.212821 -0.210256 1.794872 0 130 33
-0.368966 -0.067241 1.206897 10 57 166
1.444444 -0.038889 3.888889 104 107 0
1.477778 -0.088889 3.888889 171 52 22
-0.270690 -0.015517 1.206897 24 89 0
0.991003 -0.548097 3.875432 140 67 0
-0.343103 -0.186207 1.206897 21 117 164
0.417857 -0.107143 2.500000 110 10 0
-0.048718 0.061538 1.794872 32 65 0
-0.076923 -0.048718 1.794872 0 88 36
-0.183856 -0.311491 1.063628 91 119 80
0.994444 -0.400000 3.888889 93 43 0
0.446429 0.021429 2.500000 81 1 79
0.741667 1.266667 5.833333 17 2 117
0.442857 0.453571 2.500000 60 0 96
0.221429 0.067857 2.500000 84 47 60
-0.148718 0.097436 1.794872 0 88 35
0.250000 -0.267857 2.500000 65 59 111
-0.486234 -0.623377 2.909091 126 110 125
-1.800000 1.775000 5.833333 28 29 139
-0.339293 -0.595426 2.328482 126 69 195
-0.115385 0.279487 1.794872 14 96 42
-0.053846 0.248718 1.794872 27 77 0
0.214286 0.325000 2.500000 96 37 31
-0.135897 -0.333333 1.794872 24 71 11
-0.125440 -0.363520 1.792000 64 167 28
1.188889 0.416667 3.888889 152 86 26
-0.115385 0.084615 1.794872 113 136 0
-0.368966 0.074138 1.206897 112 23 135
-0.205128 -0.192308 1.794872 16 62 35
-0.274138 0.075862 1.206897 49 114 77
-0.246552 0.060345 1.206897 38 71 126
0.475000 0.489286 2.500000 60 0 57
-1.848705 1.666321 5.803109 58 69 107
-0.306897 0.081034 1.206897 7 99 78
-0.383497 -0.418075 2.200393 119 147 154
0.553571 -0.121429 2.500000 133 0 0
0.084751 -0.259390 1.797753 136 134 153
1.283333 -0.194444 3.888889 232 71 60
1.088889 -0.150000 3.888889 171 24 0
0.178571 -0.264286 2.500000 103 119 130
-0.017949 0.184615 1.794872 32 26 31
-0.207692 0.271795 1.794872 0 64 35
1.105556 -0.422222 3.888889 128 0 7
-1.325000 1.058333 5.833333 2 11 133
0.475000 0.342857 2.500000 91 90 31
1.483333 -0.483333 3.888889 177 153 0
-0.253846 0.151282 1.794872 108 130 96
-0.331034 -0.198276 1.206897 74 153 64
-0.367241 0.179310 1.206897 79 110 102
1.233333 1.566667 5.833333 19 20 57
-1.108333 1.316667 5.833333 0 21 141
-1.325000 1.558333 5.833333 64 90 50
0.414286 0.032143 2.500000 109 8 120
-0.300000 1.775000 5.833333 61 51 58
-0.541667 1.275000 5.833333 25 60 66
-0.248276 0.008621 1.206897 76 72 95
0.460714 -0.242857 2.500000 122 0 43
1.926761 -1.678873 7.887324 146 97 150
-0.224138 0.189655 1.206897 40 87 129
0.496429 -0.164286 2.500000 116 62 28
1.372222 -0.372222 3.888889 186 116 24
-0.363793 0.031034 1.206897 27 9 101
0.300000 -0.442857 2.500000 115 0 82
-0.300000 0.046552 1.206897 0 76 106
0.539286 0.392857 2.500000 105 0 67
-0.217241 0.056897 1.206897 93 114 148
-0.202564 0.061538 1.794872 0 42 52
0.428571 0.175000 2.500000 56 46 135
0.310714 -0.185714 2.500000 207 0 115
0.017949 -0.020513 1.794872 123 91 25
0.089314 -0.216906 1.786284 148 134 96
1.461111 0.083333 3.888889 73 90 49
0.450000 0.453571 2.500000 125 57 77
0.553571 -0.139286 2.500000 127 0 134
0.923279 -1.038689 3.672131 148 85 135
-0.303448 -0.046552 1.206897 0 66 62
-0.303448 -0.075862 1.206897 0 63 72
-0.291379 0.067241 1.206897 50 0 105
0.528571 0.185714 2.500000 80 100 66
0.560714 -0.639286 2.500000 101 5 62
1.255556 -0.550000 3.888889 174 57 61
0.417857 0.003571 2.500000 165 21 115
-1.391667 1.750000 5.833333 0 47 81
-0.207692 -0.212821 1.794872 6 146 0
0.076923 -0.238462 1.794872 16 85 7
0.525000 -0.482143 2.500000 85 50 17
1.438889 0.061111 3.888889 122 78 0
0.342857 -0.096429 2.500000 150 44 86
-0.392516 -0.658628 2.328482 130 74 146
-1.483333 1.566667 5.833333 55 18 47
-0.251685 -0.056501 1.797753 114 150 128
-0.700000 1.800000 5.833333 121 141 81
-0.991667 1.433333 5.833333 42 108 89
-0.322414 -0.053448 1.206897 68 27 30
0.564286 -0.092857 2.500000 97 2 37
-0.117949 0.302564 1.794872 90 50 41
1.122222 0.316667 3.888889 78 68 55
0.250000 0.492857 2.500000 106 0 54
0.263918 0.981443 5.773196 27 71 123
0.307143 -0.678571 2.500000 149 34 0
1.902362 0.157480 4.409449 115 121 139
1.211111 -0.533333 3.888889 150 36 28
-0.346552 0.106897 1.206897 36 0 110
0.500000 -0.171429 2.500000 0 18 63
0.000000 0.161538 1.794872 0 129 69
-0.253440 -0.273920 1.792000 126 75 101
0.528571 0.196429 2.500000 117 23 0
-0.224138 -0.082759 1.206897 0 12 14
1.399303 -0.680139 3.902439 146 125 161
0.966667 1.708333 5.833333 0 31 18
1.416667 0.127778 3.888889 117 99 101
-0.048718 -0.064103 1.794872 50 88 60
-0.048718 0.248718 1.794872 63 22 0
-0.051282 -0.176923 1.794872 12 123 0
0.250000 -0.603571 2.500000 145 3 98
-0.152774 -0.421161 1.445161 98 56 112
-0.658333 1.041667 5.833333 40 97 156
0.485714 -0.050000 2.500000 138 99 146
0.002564 0.161538 1.794872 48 131 0
-0.260345 0.086207 1.206897 40 73 37
-0.241026 0.007692 1.794872 92 43 41
0.064103 -0.205128 1.794872 0 148 115
1.066667 1.741667 5.833333 0 51 111
-0.158974 -0.082051 1.794872 58 111 55
-0.281034 -0.008621 1.206897 60 90 0
-0.234615 -0.211538 1.346154 91 112 83
1.111111 -0.333333 3.888889 228 55 36
0.475000 -0.025000 2.500000 153 36 88
0.267857 0.028571 2.500000 149 0 1
1.266667 -0.661111 3.888889 122 171 39
0.771670 -0.491062 1.888702 136 119 113
0.457143 -0.346429 2.500000 108 0 47
2.124017 0.265502 4.890830 141 106 103
-0.275862 -0.218966 1.206897 27 107 143
0.553571 0.178571 2.500000 108 0 86
0.464286 0.475000 2.500000 16 60 70
0.314286 0.242857 2.500000 100 56 97
-0.153846 -0.151282 1.794872 48 163 93
-0.110256 -0.266667 1.794872 3 60 36
-0.234483 -0.075862 1.206897 0 0 54
-0.287931 -0.065517 1.206897 14 82 155
-0.058974 0.115385 1.794872 73 154 8
1.583333 0.572222 3.888889 182 143 0
0.425000 0.207143 2.500000 65 5 59
1.583333 -0.633333 3.888889 142 81 0
0.482143 -0.057143 2.500000 79 35 45
-0.370690 -0.013793 1.206897 0 68 67
0.058974 -0.100000 1.794872 43 114 0
0.485714 0.507143 2.500000 69 65 40
0.560714 -0.239286 2.500000 101 66 32
-0.315517 0.110345 1.206897 96 62 128
-1.300000 1.475000 5.833333 0 91 96
0.300000 0.257143 2.500000 145 31 72
-0.365517 0.017241 1.206897 67 57 137
-0.591667 1.516667 5.833333 45 42 0
-0.025641 0.105128 1.794872 93 70 41
-0.317241 0.086207 1.206897 44 0 106
-0.222414 -0.037931 1.206897 51 0 205
-0.212821 0.300000 1.794872 36 9 93
1.775000 1.800000 5.833333 106 100 147
-0.425000 1.000000 5.833333 0 42 126
-0.215385 -0.130769 1.794872 109 82 77
-0.105128 0.266667 1.794872 33 53 0
-0.015385 0.228205 1.794872 102 92 3
1.511111 -0.644444 3.888889 183 79 8
0.210714 -0.260714 2.500000 112 99 96
-0.318966 -0.239655 1.206897 4 49 164
-0.053846 -0.289744 1.794872 45 130 47
0.983333 1.525000 5.833333 0 20 44
-1.291667 1.400000 5.833333 76 70 32
1.450000 0.322222 3.888889 101 134 0
-0.408333 1.566667 5.833333 45 71 0
0.375000 0.046429 2.500000 163 63 79
0.250340 0.509388 1.523810 113 104 101
-0.262069 0.008621 1.206897 0 29 119
-0.315517 0.203448 1.206897 0 133 106
0.582143 -0.210714 2.500000 135 61 101
0.020513 0.069231 1.794872 57 71 11
-0.130769 -0.146154 1.794872 80 109 37
0.002564 0.123077 1.794872 25 86 0
0.257143 -0.353571 2.500000 116 52 102
1.366667 0.255556 3.888889 57 113 45
0.005128 0.038462 1.794872 0 81 40
-0.372414 -0.031034 1.206897 83 114 74
-0.071795 0.161538 1.794872 79 92 40
0.064103 -0.261538 1.794872 115 73 48
-0.533333 1.625000 5.833333 52 73 64
0.278571 0.117857 2.500000 11 15 65
-0.353448 -0.091379 1.206897 43 49 56
-0.191285 -0.157318 1.251397 120 161 136
0.282143 0.500000 2.500000 98 106 110
1.572222 0.533333 3.888889 113 44 0
-0.303448 0.141379 1.206897 93 24 167
-0.241379 -0.244828 1.206897 0 50 63
0.183333 1.483333 5.833333 0 19 62
1.622222 -0.238889 3.888889 176 99 63
0.375839 -0.690828 2.505593 161 128 129
0.865835 -0.558603 2.793017 134 74 113
-0.125641 -0.307692 1.794872 0 18 33
-0.234146 -0.273171 1.517615 121 92 166
-1.466667 1.183333 5.833333 13 75 115
0.485714 0.185714 2.500000 64 63 128
0.439286 0.189286 2.500000 95 11 123
-0.091667 1.591667 5.833333 17 53 87
-1.800000 1.475000 5.833333 0 59 58
-0.262069 -0.151724 1.206897 106 24 53
-0.766667 1.300000 5.833333 0 26 106
-0.100000 1.550000 5.833333 18 39 58
0.191667 1.625000 5.833333 0 41 51
0.390089 -0.348860 1.110010 150 140 119
-0.274138 -0.005172 1.206897 0 104 128
-0.174359 -0.210256 1.794872 0 136 45
0.141667 1.783333 5.833333 48 8 73
-0.282759 -0.275862 1.206897 112 84 102
-0.891667 1.158333 5.833333 0 138 90
0.953425 0.115068 3.835616 117 134 136
-0.253440 0.145920 1.792000 143 135 80
0.307143 0.042857 2.500000 72 54 74
0.242857 -0.560714 2.500000 116 69 58
-0.171795 -0.038462 1.794872 129 118 73
1.355556 0.222222 3.888889 108 91 30
0.111429 -0.537143 2.000000 107 87 67
1.377778 -0.344444 3.888889 174 28 0
1.027778 -0.261111 3.888889 165 106 0
-0.786571 0.897842 2.685851 115 123 94
0.310714 -0.603571 2.500000 129 52 18
-0.105128 0.182051 1.794872 0 107 50
1.144444 0.205556 3.888889 146 160 0
-0.038462 -0.323077 1.794872 79 12 40
0.289286 -0.242857 2.500000 57 0 0
1.133333 0.083333 3.888889 105 94 15
1.083333 1.708333 5.833333 8 22 20
0.976552 0.209655 3.862069 118 115 135
0.214863 0.483963 1.460235 133 89 125
-0.332759 -0.184483 1.206897 22 45 113
-1.050000 1.808333 5.833333 114 133 136
-0.351724 0.041379 1.206897 0 0 116
0.427617 -0.684187 2.494432 196 8 17
-0.048718 -0.038462 1.794872 52 126 29
1.208333 1.783333 5.833333 49 34 36
0.364286 -0.425000 2.500000 148 9 16
-0.367241 -0.091379 1.206897 81 0 102
-0.370690 0.043103 1.206897 43 60 72
0.158333 1.050000 5.833333 0 45 122
1.588889 0.300000 3.888889 143 34 60
0.267857 0.103571 2.500000 84 47 3
0.147957 -0.251183 2.408602 126 125 101
0.271429 -0.175000 2.500000 85 49 59
1.166667 -0.272222 3.888889 137 67 35
1.027778 -0.505556 3.888889 130 46 0
-1.808333 1.650000 5.833333 55 31 38
1.005556 -0.244444 3.888889 118 106 61
-0.275684 0.273108 1.803543 0 116 110
0.525000 -0.632143 2.500000 85 48 96
1.322222 0.116667 3.888889 175 108 0
-0.833333 1.066667 5.833333 25 90 49
-0.282759 -0.163793 1.206897 94 20 8
-0.215385 -0.041026 1.794872 32 130 0
1.227778 0.316667 3.888889 188 134 90
0.383333 1.275000 5.833333 84 53 71
0.242857 -0.657143 2.500000 47 0 70
0.326376 -0.323340 1.062619 157 106 171
0.192857 -0.646429 2.500000 165 33 106
-0.135897 0.079487 1.794872 0 100 37
-1.808333 1.566667 5.833333 49 23 109
-0.301724 -0.165517 1.206897 15 40 116
0.891667 1.200000 5.833333 0 4 94
0.232143 -0.532143 2.500000 107 62 75
-0.225641 -0.235897 1.794872 11 91 21
1.461111 0.133333 3.888889 189 106 62
0.033333 1.108333 5.833333 0 78 74
1.025000 1.650000 5.833333 0 22 4
0.668599 -0.123671 2.705314 108 95 110
-0.010256 -0.317949 1.794872 11 199 40
-0.002564 -0.341026 1.794872 105 94 99
-0.370690 0.027586 1.206897 40 63 96
-0.030769 -0.351282 1.794872 30 173 50
-0.202842 0.026230 1.224044 123 120 70
-0.367241 -0.112069 1.206897 16 95 132
0.460714 -0.192857 2.500000 46 0 94
0.539286 -0.435714 2.500000 128 43 54
0.566667 1.591667 5.833333 14 0 75
-0.975000 1.333333 5.833333 14 3 28
0.700000 1.208333 5.833333 43 73 174
0.439286 -0.310714 2.500000 39 9 71
0.182143 0.146429 2.500000 139 0 26
0.275000 0.471429 2.500000 140 113 55
0.535714 0.357143 2.500000 101 33 35
0.210714 0.410714 2.500000 119 62 80
-0.268966 -0.270690 1.206897 6 86 104
1.550000 -0.216667 3.888889 190 152 1
-0.243590 0.000000 1.794872 0 120 21
-1.000000 1.266667 5.833333 49 39 72
1.333333 -0.155556 3.888889 115 66 0
1.516667 0.611111 3.888889 176 105 0
0.601342 -0.053691 2.505593 139 113 124
0.316667 1.591667 5.833333 13 131 197
0.221429 0.457143 2.500000 129 2 58
1.141667 1.583333 5.833333 0 38 48
-1.133333 1.466667 5.833333 26 78 68
-0.368966 0.058621 1.206897 37 14 114
0.177384 -0.684701 2.483370 87 107 100
-0.008333 1.275000 5.833333 39 102 108
-0.363793 -0.043103 1.206897 43 17 179
0.314286 0.260714 2.500000 130 2 87
0.289286 -0.392857 2.500000 138 15 52
1.188889 -0.633333 3.888889 164 145 50
-0.189744 -0.223077 1.794872 38 53 23
0.578571 0.035714 2.500000 78 103 101
-0.300000 0.024138 1.206897 72 89 107
-0.300000 0.077586 1.206897 0 100 116
0.517857 -0.660714 2.500000 110 79 96
-0.289655 0.181034 1.206897 67 145 57
1.555556 -0.105556 3.888889 149 41 0
-0.112821 0.276923 1.794872 21 63 46
-0.141667 1.516667 5.833333 18 61 53
0.775000 1.650000 5.833333 0 70 118
-0.141667 1.741667 5.833333 16 1 102
-0.348276 -0.118966 1.206897 0 39 53
1.150000 -0.061111 3.888889 144 34 0
1.575000 1.016667 5.833333 53 68 61
0.266667 1.875000 5.833333 120 135 121
0.385714 0.282143 2.500000 96 0 66
0.528571 -0.178571 2.500000 88 43 84
0.446429 -0.314286 2.500000 103 56 96
1.205556 0.005556 3.888889 90 51 0
-0.025641 -0.320513 1.794872 0 37 36
-0.616667 1.183333 5.833333 14 0 100
-0.268966 -0.175862 1.206897 69 52 168
1.138889 0.616667 3.888889 137 49 0
-0.200000 0.020513 1.794872 6 194 36
0.008333 1.791667 5.833333 0 103 125
1.033333 -0.300000 3.888889 102 95 87
-0.270690 -0.215517 1.206897 0 107 103
-0.128205 -0.046154 1.794872 58 138 4
1.300000 -0.044444 3.888889 148 61 0
0.012821 -0.176923 1.794872 60 66 31
0.539286 0.096429 2.500000 139 26 117
0.088889 -0.159477 1.830065 155 114 132
-0.100000 1.275000 5.833333 0 0 102
-0.231034 -0.203448 1.206897 35 0 43
0.020513 0.110256 1.794872 59 84 73
-0.263793 -0.260345 1.206897 20 44 46
0.608333 1.275000 5.833333 5 71 109
1.450000 1.566667 5.833333 29 50 113
1.611073 0.669896 3.875432 104 114 142
0.382143 0.096429 2.500000 70 0 46
0.557143 0.446429 2.500000 93 0 81
-0.255172 -0.015517 1.206897 42 67 68
-0.466667 1.500000 5.833333 53 45 86
0.378571 -0.296429 2.500000 94 0 111
0.303571 0.396429 2.500000 108 9 36
1.316667 -0.050000 3.888889 150 56 0
1.372222 0.338889 3.888889 162 55 0
-0.325862 0.012069 1.206897 0 47 43
0.246429 -0.003571 2.500000 143 47 68
1.316667 -0.538889 3.888889 163 61 4
-0.248276 -0.160345 1.206897 0 91 142
1.516667 0.288889 3.888889 218 108 63
-0.117949 0.210256 1.794872 0 36 5
0.816667 1.725000 5.833333 64 0 130
0.171047 0.367038 2.494432 11 0 92
0.421429 0.167857 2.500000 111 5 76
-0.202564 0.248718 1.794872 39 109 88
-0.372414 -0.112069 1.206897 59 89 119
0.480925 -0.408786 1.294798 114 101 83
-0.353448 -0.067241 1.206897 30 122 90
0.414286 -0.228571 2.500000 152 0 98
1.644444 0.400000 3.888889 135 155 76
1.405555 -0.433333 3.888889 153 91 33
1.611111 0.377778 3.888889 104 50 8
-0.197436 -0.066667 1.794872 0 142 126
-0.367241 0.087931 1.206897 30 35 108
-0.306897 0.077586 1.206897 0 98 81
-0.324138 -0.258621 1.206897 48 48 109
-1.833333 1.300000 5.833333 2 62 145
-0.035897 -0.238462 1.794872 38 85 0
-0.331034 -0.174138 1.206897 0 57 142
0.084615 -0.189744 1.794872 115 119 88
1.388889 0.283333 3.888889 116 81 58
1.638754 0.337716 3.875432 94 144 112
0.571429 0.292857 2.500000 96 78 38
0.525000 0.339286 2.500000 125 0 24
-0.281034 0.008621 1.206897 25 71 166
1.477778 -0.644444 3.888889 66 95 19
1.138889 -0.338889 3.888889 114 83 0
1.516667 1.016667 5.833333 0 28 87
-0.228205 0.184615 1.794872 0 172 35
0.250000 0.425000 2.500000 113 8 52
0.250000 -0.232143 2.500000 147 1 38
0.111304 0.222609 1.947826 31 76 109
0.264286 0.025000 2.500000 142 44 112
1.400000 -0.650000 3.888889 117 37 76
-0.300000 0.043103 1.206897 9 6 102
-0.666667 1.791667 5.833333 49 51 89
1.316667 1.341667 5.833333 0 60 53
-0.149223 1.807254 5.803109 118 122 142
0.950000 1.333333 5.833333 51 46 44
0.442857 -0.046429 2.500000 49 44 40
-0.282759 0.089655 1.206897 31 75 82
-1.258333 1.450000 5.833333 3 54 107
0.285714 0.103571 2.500000 50 38 57
-0.246552 -0.150000 1.206897 96 59 150
-0.082051 0.079487 1.794872 86 121 0
1.083333 1.508333 5.833333 33 104 79
1.588889 0.494444 3.888889 129 66 16
0.382143 -0.685714 2.500000 129 81 86
0.966667 1.550000 5.833333 45 60 80
1.561111 -0.150000 3.888889 200 89 0
0.335714 -0.678571 2.500000 106 54 11
0.444444 -0.686222 2.488889 155 139 106
0.317857 -0.578571 2.500000 2 0 67
1.233333 -0.211111 3.888889 171 4 2
-0.300000 -0.067241 1.206897 35 60 75
1.291667 1.741667 5.833333 45 32 43
0.557143 -0.050000 2.500000 144 0 86
-0.294828 0.187931 1.206897 0 91 126
-0.123077 -0.297436 1.794872 75 34 0
-0.187179 0.292308 1.794872 121 81 9
-0.082051 -0.094872 1.794872 47 51 24
1.141667 1.200000 5.833333 0 78 55
-1.650000 1.591667 5.833333 23 7 70
0.033333 -0.097436 1.794872 43 80 56
0.275000 -0.507143 2.500000 132 0 1
1.511111 -0.094444 3.888889 138 84 83
1.005556 0.661111 3.888889 104 99 38
0.553571 -0.257143 2.500000 138 0 95
-0.592184 -0.879080 2.574713 142 111 123
1.072222 -0.133333 3.888889 78 79 0
-0.690710 1.906011 6.120219 142 166 131
-0.033333 0.207692 1.794872 0 80 54
1.644599 0.044599 3.902439 123 118 139
-0.295131 -0.343071 1.048689 126 171 104
0.239286 0.196429 2.500000 104 55 87
0.056410 0.094872 1.794872 59 110 60
-0.492308 -0.911681 3.190883 143 119 140
0.567857 0.082143 2.500000 161 122 15
1.638889 -0.227778 3.888889 160 111 116
0.357143 -0.035714 2.500000 80 55 42
0.342857 0.400000 2.500000 160 29 55
0.997988 -0.508652 2.253521 107 127 172
-0.056410 0.225641 1.794872 18 72 0
1.572222 -0.105556 3.888889 151 47 47
0.585714 0.014286 2.500000 121 0 25
-0.274138 -0.205172 1.206897 0 96 78
1.150000 -0.488889 3.888889 138 155 0
-1.525000 1.616667 5.833333 0 30 68
0.221429 -0.607143 2.500000 114 17 148
1.275000 0.070833 2.916667 148 138 113
-0.950000 1.750000 5.833333 0 104 116
0.084615 -0.115385 1.794872 146 103 96
-0.074359 0.264103 1.794872 2 37 61
-1.683333 1.333333 5.833333 8 88 67
-0.069231 -0.074359 1.794872 116 61 65
1.588889 0.483333 3.888889 129 104 18
1.605556 -0.344444 3.888889 177 44 0
1.100000 0.177778 3.888889 173 72 0
-0.341379 0.170690 1.206897 0 99 45
0.089744 -0.305128 1.794872 129 109 137
-0.379310 0.162069 1.206897 0 63 118
0.532143 -0.010714 2.500000 76 82 26
0.392857 -0.303571 2.500000 117 30 63
0.535714 0.403571 2.500000 95 12 57
-0.750000 1.466667 5.833333 0 20 0
-1.550000 1.608333 5.833333 0 42 0
1.525000 1.758333 5.833333 0 42 99
-0.108333 1.741667 5.833333 0 58 123
-0.089744 -0.164103 1.794872 72 44 36
1.172222 0.533333 3.888889 169 27 42
1.127778 0.444444 3.888889 117 97 22
0.182143 0.000000 2.500000 55 12 18
0.425000 -0.089286 2.500000 93 29 70
-0.255172 -0.158621 1.206897 7 68 123
1.461111 -0.166667 3.888889 101 72 49
-0.344828 0.184483 1.206897 0 0 122
-0.991667 1.233333 5.833333 33 73 79
1.055555 -0.333333 3.888889 181 29 0
-0.315517 -0.181034 1.206897 0 0 193
0.850000 1.583333 5.833333 69 48 123
-0.260345 -0.246552 1.206897 63 104 70
-0.346552 0.024138 1.206897 31 25 150
-0.324138 0.046552 1.206897 0 0 119
-0.092308 -0.279487 1.794872 0 94 0
-0.208776 -0.127483 1.293303 78 87 119
0.478571 -0.257143 2.500000 131 0 60
1.294444 0.100000 3.888889 144 95 8
-0.294737 -0.405263 1.228070 120 131 140
-0.265896 0.178035 1.618497 85 4 158
-0.048718 -0.217949 1.794872 68 87 27
0.028205 -0.015385 1.794872 33 54 0
0.592857 -0.560714 2.500000 100 114 112
1.422222 -0.411111 3.888889 93 71 1
-0.370690 -0.125862 1.206897 16 0 73
0.508333 1.500000 5.833333 24 79 19
-0.156410 0.038462 1.794872 100 83 9
-0.275000 1.616667 5.833333 14 40 159
-1.083333 1.125000 5.833333 36 65 78
0.203571 -0.360714 2.500000 163 45 19
-0.120513 0.284615 1.794872 32 142 51
-0.550000 1.341667 5.833333 35 113 81
-0.002564 -0.187179 1.794872 0 75 8
-0.408333 1.183333 5.833333 0 77 53
-1.091667 1.200000 5.833333 27 52 0
1.044444 -0.644444 3.888889 154 84 5
0.375000 -0.485714 2.500000 94 16 104
0.228571 -0.578571 2.500000 164 0 74
-0.279310 -0.063793 1.206897 100 0 118
-0.263793 -0.150000 1.206897 50 22 138
-1.808333 1.383333 5.833333 34 9 75
0.432143 0.260714 2.500000 55 53 93
1.588889 -0.111111 3.888889 126 72 10
1.066667 1.225000 5.833333 63 97 81
0.464286 0.075000 2.500000 63 31 0
-0.950000 1.025000 5.833333 0 11 117
-1.316667 1.525000 5.833333 20 100 70
0.435714 -0.535714 2.500000 129 0 82
0.371429 0.242857 2.500000 84 59 112
-0.291379 0.087931 1.206897 73 81 93
0.235714 0.221429 2.500000 113 8 43
3.600000 -3.040000 14.000000 167 123 113
-0.069231 -0.087179 1.794872 38 126 35
1.038889 0.244444 3.888889 143 74 19
0.592857 -0.300000 2.500000 151 97 123
-0.500000 1.775000 5.833333 57 31 79
1.016667 0.416667 3.888889 108 0 56
-0.263793 0.005172 1.206897 65 72 76
0.010256 -0.169231 1.794872 0 113 57
1.216667 -0.316667 3.888889 25 69 1
-1.833333 1.600000 5.833333 58 18 63
1.411111 -0.533333 3.888889 114 86 0
-1.483333 1.625000 5.833333 9 41 169
-0.254458 -0.327711 1.349398 179 151 140
0.475000 -0.375000 2.500000 175 72 40
0.435714 0.196429 2.500000 115 0 51
1.511419 0.658823 3.875432 96 115 83
-0.348276 0.046552 1.206897 57 85 87
0.449832 -0.614141 1.885522 122 133 151
-0.310345 0.187931 1.206897 8 155 24
1.116667 1.375000 5.833333 10 0 128
0.467857 0.039286 2.500000 116 20 62
-0.539130 0.047826 3.043478 126 117 131
0.271429 -0.582143 2.500000 77 33 31
0.134375 0.365625 2.187500 0 123 134
-0.566667 1.675000 5.833333 22 93 66
-0.255172 0.029310 1.206897 80 35 137
-0.012821 -0.300000 1.794872 60 200 22
0.182143 -0.410714 2.500000 42 57 186
-0.229310 -0.270690 1.206897 86 90 94
0.483333 -0.405556 1.296296 101 103 123
-0.265517 -0.093103 1.206897 64 155 154
-0.064103 0.282051 1.794872 116 112 44
0.945078 1.798964 5.803109 110 110 74
0.178571 -0.014286 2.500000 125 126 118
0.150000 1.241667 5.833333 0 43 82
1.355556 0.322222 3.888889 142 71 15
-0.182051 -0.023077 1.794872 45 55 7
0.550000 0.296429 2.500000 118 30 82
1.308333 1.566667 5.833333 0 90 96
-0.200000 0.141026 1.794872 12 119 12
-1.650000 1.675000 5.833333 0 0 9
0.542857 -0.392857 2.500000 121 18 45
0.300000 -0.135714 2.500000 121 65 60
-0.225862 0.089655 1.206897 0 119 95
1.241667 1.675000 5.833333 55 0 96
-0.350000 0.055172 1.206897 15 54 131
-0.225862 -0.022414 1.206897 78 68 163
-0.875000 1.808333 5.833333 174 141 95
0.012821 -0.197436 1.794872 103 75 0
0.345349 0.188372 0.813953 119 127 99
0.023077 0.212821 1.794872 26 77 0
-0.169231 0.043590 1.794872 22 94 0
-1.766667 1.533333 5.833333 73 54 55
0.510714 -0.314286 2.500000 116 25 107
1.411111 0.366667 3.888889 119 117 2
-0.381034 -0.075862 1.206897 56 129 96
-1.183333 1.308333 5.833333 35 52 127
-0.241379 0.203448 1.206897 116 107 67
0.000000 -0.328205 1.794872 0 128 67
-0.274138 -0.139655 1.206897 0 49 35
0.410714 0.375000 2.500000 90 37 61
0.785965 2.208187 6.549707 112 131 129
-0.833333 1.033333 5.833333 23 50 49
1.088889 -0.038889 3.888889 157 57 44
-0.374138 0.106897 1.206897 0 63 149
0.115895 -0.280080 2.253521 124 100 121
1.607882 1.615764 5.517241 139 108 110
-0.260345 -0.065517 1.206897 135 32 70
-0.028205 0.012821 1.794872 0 74 0
-0.250000 -0.081034 1.206897 16 102 173
0.582143 -0.025000 2.500000 124 16 130
-0.097436 -0.300000 1.794872 26 54 78
0.002564 0.035897 1.794872 38 80 32
-1.322314 -1.414876 4.628099 114 123 129
1.008333 1.691667 5.833333 57 49 65
-0.241379 -0.022414 1.206897 97 165 77
0.539286 0.246429 2.500000 83 70 66
-0.256897 -0.291379 1.206897 135 109 88
0.816667 1.391667 5.833333 0 33 87
0.492857 -0.600000 2.500000 83 0 95
-0.750000 1.333333 5.833333 37 3 0
1.055555 -0.622222 3.888889 153 89 35
1.311111 0.450000 3.888889 176 67 41
0.403571 0.146429 2.500000 86 9 0
1.550000 0.166667 3.888889 161 61 0
-0.093968 -0.373333 1.777778 187 172 129
-0.541667 1.200000 5.833333 22 69 22
-0.002564 0.064103 1.794872 78 79 22
-0.675000 1.341667 5.833333 116 46 99
1.408333 0.600000 5.833333 21 21 139
0.410714 0.414286 2.500000 165 12 111
0.633333 1.275000 5.833333 74 70 101
0.010256 0.156410 1.794872 85 51 59
-0.061538 0.274359 1.794872 63 82 16
-0.289915 0.032821 1.914530 183 160 114
-0.043590 -0.356410 1.794872 33 59 50
0.417857 0.017857 2.500000 52 41 43
-1.408333 1.525000 5.833333 100 54 88
-0.575000 1.133333 5.833333 51 22 141
-0.343103 -0.155172 1.206897 69 55 157
0.417857 0.292857 2.500000 189 32 0
-0.125196 -0.368075 1.752739 116 126 144
0.278571 0.275000 2.500000 96 21 6
-1.741667 1.066667 5.833333 72 31 122
-0.379310 0.046552 1.206897 0 109 144
-0.174359 0.161538 1.794872 0 161 50
-0.258333 1.041667 5.833333 13 45 80
0.084615 -0.182051 1.794872 128 131 115
-0.225641 -0.102564 1.794872 0 11 0
1.584615 1.553846 5.384615 146 155 109
1.388889 0.255556 3.888889 105 115 25
4.363636 -0.596364 10.181818 134 69 94
-1.525388 1.765803 5.803109 91 62 101
-0.298276 -0.129310 1.206897 16 14 117
-0.343103 -0.265517 1.206897 10 132 137
0.357143 0.446429 2.500000 109 0 115
1.391667 0.683333 5.833333 0 65 49
-0.243590 -0.343590 1.794872 78 61 0
0.314286 -0.371429 2.500000 130 36 44
1.061111 0.483333 3.888889 121 115 30
0.100000 1.475000 5.833333 0 0 82
0.596429 -0.142857 2.500000 167 126 121
-0.263793 0.167241 1.206897 21 44 59
0.300000 -0.142857 2.500000 87 73 112
0.525000 -0.564286 2.500000 169 39 42
0.264310 -0.251258 0.761387 166 38 119
-0.033333 0.123077 1.794872 27 20 0
0.467857 -0.567857 2.500000 68 3 112
0.135714 0.303571 2.500000 18 14 82
1.294444 0.305556 3.888889 176 29 20
-0.207692 -0.161538 1.794872 1 50 0
0.521429 -0.314286 2.500000 114 0 83
-0.346552 -0.117241 1.206897 48 2 69
-0.850000 -2.475000 8.750000 162 115 214
0.282143 -0.575000 2.500000 160 26 111
-1.325000 1.075000 5.833333 23 50 104
0.500000 -0.064286 2.500000 135 89 97
-0.274138 -0.112069 1.206897 15 152 172
0.104960 -0.355840 1.792000 146 128 113
-1.175000 1.716667 5.833333 31 2 45
0.525000 1.633333 5.833333 5 94 46
-0.084615 0.087179 1.794872 41 45 43
-0.084615 0.123077 1.794872 86 123 18
-0.038462 -0.276923 1.794872 71 93 0
-0.237931 -0.029310 1.206897 0 74 4
0.149241 0.072885 2.429501 146 154 142
0.066667 -0.297436 1.794872 122 171 55
-0.025000 1.700000 5.833333 47 60 67
1.583333 0.500000 3.888889 122 75 0
-0.305172 0.170690 1.206897 0 115 115
-0.274138 0.191379 1.206897 0 83 61
1.122222 -0.594444 3.888889 120 98 50
1.266667 -0.105556 3.888889 151 129 0
-0.030769 -0.294872 1.794872 77 109 0
-0.058333 1.608333 5.833333 0 50 28
1.527778 0.138889 3.888889 131 82 0
1.322222 0.533333 3.888889 163 143 120
0.525000 1.416667 5.833333 29 85 89
-1.333333 1.141667 5.833333 33 73 87
-0.017949 0.143590 1.794872 8 86 27
0.496429 -0.446429 2.500000 99 0 73
-0.174359 -0.051282 1.794872 48 51 61
1.122222 -0.150000 3.888889 168 63 0
0.464286 0.046429 2.500000 72 0 83
1.527778 0.605556 3.888889 169 71 66
1.072281 -0.690526 3.929825 124 98 156
-0.541667 1.133333 5.833333 4 13 12
1.494444 0.555556 3.888889 147 135 48
1.055555 0.061111 3.888889 154 163 49
0.625000 1.541667 5.833333 28 49 80
-0.283333 1.266667 5.833333 36 112 112
-0.356897 0.051724 1.206897 0 92 96
-0.174359 0.123077 1.794872 43 91 4
0.314286 -0.464286 2.500000 108 9 0
0.457143 0.489286 2.500000 71 71 16
-0.071795 0.056410 1.794872 60 86 2
0.525000 0.103571 2.500000 117 0 78
-0.800000 1.216667 5.833333 0 12 66
1.183333 -0.316667 3.888889 152 85 0
-0.322414 0.179310 1.206897 61 143 119
-0.791667 1.625000 5.833333 6 135 56
-0.334483 -0.213793 1.206897 0 49 118
0.271429 0.214286 2.500000 133 0 96
0.912500 -0.606250 2.187500 186 137 153
7.690322 1.316129 18.064516 170 171 109
1.072222 0.555556 3.888889 67 93 22
0.095024 0.077047 1.797753 64 141 117
0.441286 -0.622673 1.895093 94 83 147
1.200000 0.633333 3.888889 148 28 0
1.400000 -0.066667 3.888889 135 68 0
0.525000 0.367857 2.500000 73 0 44
-0.192308 0.061538 1.794872 65 26 82
-0.220513 0.061538 1.794872 0 104 0
0.101911 -0.180892 1.783440 146 143 131
-1.683333 1.825000 5.833333 149 104 89
0.228571 0.507143 2.500000 131 98 102
-0.194872 -0.146154 1.794872 38 131 101
0.410714 -0.360714 2.500000 64 68 0
0.525000 -0.578571 2.500000 116 0 75
0.983333 0.044444 3.888889 140 56 116
0.589286 0.282143 2.500000 131 64 63
1.050000 -0.322222 3.888889 232 77 43
0.278571 -0.364286 2.500000 191 81 28
-0.176923 0.012821 1.794872 0 87 0
-0.123077 -0.315385 1.794872 0 106 42
0.915050 0.283612 3.745819 168 111 138
1.588889 -0.405556 3.888889 78 81 55
-0.287931 -0.229310 1.206897 28 10 89
0.203571 -0.328571 2.500000 104 17 82
1.450000 -0.133333 3.888889 158 124 58
-0.243103 0.156897 1.206897 0 73 154
-0.064103 -0.210256 1.794872 24 127 69
-0.089744 -0.200000 1.794872 58 77 54
1.283333 1.766667 5.833333 5 25 88
0.285714 -0.514286 2.500000 180 0 48
0.339286 -0.328571 2.500000 86 98 53
0.292857 -0.071429 2.500000 54 0 29
1.350000 0.094444 3.888889 190 34 44
-0.144898 -0.424490 1.428571 154 116 127
-0.094872 0.110256 1.794872 55 42 17
0.425000 -0.235714 2.500000 77 27 109
0.491667 1.400000 5.833333 33 0 39
-0.125641 0.030769 1.794872 114 50 0
0.282143 0.210714 2.500000 22 0 82
0.225000 0.192857 2.500000 135 17 90
1.477778 -0.205556 3.888889 119 61 0
1.188889 -0.238889 3.888889 63 87 65
-0.356897 -0.215517 1.206897 0 82 92
1.658031 -1.119171 5.803109 128 168 129
-1.233333 1.375000 5.833333 26 61 91
-1.183333 1.433333 5.833333 71 51 77
0.367857 -0.553571 2.500000 56 80 41
-0.366667 1.808333 5.833333 114 120 141
-0.010256 0.087179 1.794872 46 92 9
-0.046154 -0.348718 1.794872 59 82 11
-0.360345 0.200000 1.206897 0 93 76
-0.310345 -0.268966 1.206897 140 7 81
1.111111 -0.027778 3.888889 102 28 26
-0.250000 1.591667 5.833333 0 138 39
-0.184615 -0.189744 1.794872 67 66 1
-0.192308 -0.061538 1.794872 0 20 13
-0.218966 -0.087931 1.206897 180 158 91
-0.194872 -0.005128 1.794872 24 38 54
-0.020513 0.151282 1.794872 8 105 34
1.008333 1.616667 5.833333 14 59 55
-0.112821 0.066667 1.794872 1 89 76
-0.346552 0.050000 1.206897 8 60 97
1.394444 -0.094444 3.888889 198 85 18
-0.229310 -0.151724 1.206897 48 48 95
0.242857 0.385714 2.500000 184 74 141
0.525000 0.021429 2.500000 106 6 105
-0.368966 -0.043103 1.206897 25 59 117
0.439286 -0.292857 2.500000 183 0 105
1.377778 -0.416667 3.888889 93 45 43
-0.140975 -0.039692 0.958084 120 116 114
-0.317241 -0.258621 1.206897 0 30 28
0.175000 -0.196429 2.500000 110 141 107
-0.017949 -0.348718 1.794872 122 58 0
-1.791667 1.283333 5.833333 0 34 76
0.339286 0.257143 2.500000 158 0 90
0.028205 0.225641 1.794872 60 121 18
0.945946 0.183784 3.783784 155 157 135
-0.258621 -0.113793 1.206897 67 75 102
-1.058333 1.625000 5.833333 7 3 92
-0.007692 -0.043590 1.794872 44 119 29
-1.416667 1.650000 5.833333 0 83 103
-0.248276 -0.212069 1.206897 64 64 102
1.594444 0.522222 3.888889 97 73 24
0.307163 1.068195 3.209169 145 108 162
0.271429 -0.325000 2.500000 77 23 52
1.416667 -0.538889 3.888889 110 116 26
1.272222 0.283333 3.888889 123 39 0
0.203571 0.482143 2.500000 94 38 54
2.450000 1.725000 8.750000 127 82 125
0.271429 0.450000 2.500000 95 20 109
1.411111 -0.350000 3.888889 115 45 27
0.079487 -0.353846 1.794872 25 67 65
-1.783333 1.783333 5.833333 24 63 108
1.616667 -0.616667 3.888889 118 52 75
0.008333 1.208333 5.833333 0 45 114
-0.123077 -0.146154 1.794872 45 125 34
4.250980 3.545098 10.980392 127 137 109
-0.625000 1.425000 5.833333 24 10 126
-1.008333 1.791667 5.833333 1 0 64
0.403571 0.428571 2.500000 99 47 115
0.606897 -0.571197 2.271805 99 177 102
0.766667 1.291667 5.833333 0 57 38
0.011765 -1.194118 4.117647 129 121 171
-0.135135 -0.209459 0.945946 165 172 115
-0.233333 -0.071795 1.794872 26 84 0
-0.301724 -0.231034 1.206897 61 127 104
0.414286 0.050000 2.500000 31 51 33
-0.658333 1.100000 5.833333 36 52 112
1.372222 -0.544444 3.888889 171 58 0
1.066667 1.191667 5.833333 26 93 100
-1.016667 1.500000 5.833333 0 127 0
-1.708333 1.816667 5.833333 106 162 156
-0.333333 1.200000 5.833333 3 53 97
0.082051 0.297436 1.794872 0 4 89
0.603571 0.182143 2.500000 164 79 132
-0.164103 0.089744 1.794872 56 49 25
-0.291379 0.072414 1.206897 83 55 122
1.238889 -0.144444 3.888889 84 75 0
0.325000 -0.642857 2.500000 138 40 72
-0.225862 0.034483 1.206897 26 38 72
1.327778 -0.450000 3.888889 142 46 0
-0.525000 1.275000 5.833333 0 110 44
1.488889 -0.261111 3.888889 183 132 0
1.444444 0.050000 3.888889 116 101 0
1.177778 -0.472222 3.888889 175 149 0
-0.308621 -0.024138 1.206897 50 43 86
0.592857 0.153571 2.500000 112 145 127
0.535714 -0.246429 2.500000 100 95 15
0.482143 -0.053571 2.500000 78 39 74
0.257143 -0.092857 2.500000 171 11 23
0.023077 -0.069231 1.794872 46 87 41
0.516667 1.391667 5.833333 0 57 112
-0.216667 1.641667 5.833333 33 16 3
-0.244828 0.079310 1.206897 85 40 101
-0.174359 -0.176923 1.794872 78 114 0
-0.296552 -0.024138 1.206897 50 85 107
-0.416667 1.741667 5.833333 22 0 0
0.360714 0.064286 2.500000 117 88 114
-0.087179 -0.056410 1.794872 34 49 21
1.116667 0.522222 3.888889 128 26 16
-0.092308 -0.110256 1.794872 0 30 62
-0.007692 -0.271795 1.794872 0 109 49
0.517857 -0.367857 2.500000 60 0 119
-0.374138 -0.034483 1.206897 65 135 70
-0.117949 0.238462 1.794872 56 113 77
1.853107 1.392090 6.327683 147 135 154
-0.033333 0.302564 1.794872 80 103 10
2.528571 -2.057143 10.000000 78 148 116
-1.841667 1.408333 5.833333 2 30 90
0.600000 0.164286 2.500000 123 151 154
0.539286 0.332143 2.500000 81 0 62
-0.298276 0.041379 1.206897 86 47 0
1.166667 -0.061111 3.888889 89 134 0
0.084615 -0.353846 1.794872 140 79 119
-0.087179 -0.271795 1.794872 0 119 0
-0.028205 0.069231 1.794872 12 119 0
0.485714 0.117857 2.500000 166 0 22
0.357143 0.182143 2.500000 86 46 28
0.232143 0.239286 2.500000 175 14 0
0.182143 -0.525000 2.500000 115 99 52
0.391667 1.725000 5.833333 44 100 90
1.516667 0.600000 3.888889 97 77 7
1.233333 -0.305556 3.888889 222 147 0
-0.332759 -0.193103 1.206897 30 84 0
-0.284483 0.003448 1.206897 11 113 67
0.942105 -0.994737 3.684211 134 107 125
1.277778 0.516667 3.888889 108 103 2
1.261111 0.422222 3.888889 103 78 0
0.046154 -0.320513 1.794872 54 113 27
0.364286 -0.457143 2.500000 128 92 12
0.275000 0.410714 2.500000 145 0 0
-1.166667 1.125000 5.833333 14 71 120
0.030769 0.035897 1.794872 0 52 36
0.367857 0.057143 2.500000 111 41 62
1.050000 -0.672222 3.888889 117 77 140
0.282143 -0.339286 2.500000 161 42 0
1.325000 1.508333 5.833333 0 8 114
0.492857 0.189286 2.500000 38 92 0
1.477778 0.266667 3.888889 130 67 10
-0.143590 -0.133333 1.794872 49 55 45
-0.115385 -0.143590 1.794872 71 48 2
-0.975000 1.316667 5.833333 35 118 235
1.561111 -0.461111 3.888889 135 69 24
0.025641 0.007692 1.794872 21 58 0
-0.046154 -0.194872 1.794872 37 126 39
-0.115385 -0.292308 1.794872 5 42 48
0.421429 0.000000 2.500000 132 108 60
0.442857 0.135714 2.500000 63 0 112
0.141667 1.425000 5.833333 0 76 32
0.335714 -0.364286 2.500000 122 0 63
0.532143 -0.335714 2.500000 164 10 0
0.257143 -0.639286 2.500000 131 0 76
-0.783333 1.783333 5.833333 34 75 74
-0.179487 -0.364103 1.794872 104 148 69
-0.441667 1.550000 5.833333 0 34 0
-0.293103 -0.182759 1.206897 0 57 78
1.025000 1.491667 5.833333 0 151 110
1.005556 0.283333 3.888889 186 100 0
-0.229810 -0.244986 1.517615 111 190 117
0.069231 0.094872 1.794872 58 43 21
1.538889 0.338889 3.888889 107 111 33
0.353571 0.035714 2.500000 129 24 17
-0.370690 -0.068966 1.206897 18 49 143
1.100000 1.741667 5.833333 0 21 86
-0.117949 0.166667 1.794872 71 32 0
0.557143 -0.032143 2.500000 70 4 100
-0.138462 -0.325641 1.794872 84 78 24
-1.408333 1.208333 5.833333 1 53 36
-0.286207 -0.253448 1.206897 5 85 133
-0.315517 0.051724 1.206897 46 54 138
-0.296552 -0.258621 1.206897 100 5 89
-1.856995 1.450777 5.803109 76 60 13
0.437188 -0.393651 1.269841 161 101 109
1.477778 0.555556 3.888889 163 94 30
-0.053846 0.235897 1.794872 0 63 36
0.344200 -0.177386 0.822320 99 158 197
0.475000 1.241667 5.833333 21 54 62
1.355556 -0.305556 3.888889 127 70 0
-0.176923 0.112821 1.794872 36 104 37
0.589286 0.250000 2.500000 102 51 66
-1.458333 1.775000 5.833333 29 65 56
0.074359 -0.010256 1.794872 81 35 18
1.061111 -0.238889 3.888889 116 101 122
0.178571 -0.328571 2.500000 112 132 123
0.017949 0.187179 1.794872 46 59 0
0.292857 0.189286 2.500000 151 116 19
0.666667 1.225000 5.833333 0 38 169
0.242316 -0.687751 2.494432 123 133 109
0.933333 1.608333 5.833333 51 65 174
-1.856995 1.086010 5.803109 0 77 149
-0.329310 -0.244828 1.206897 0 46 57
-0.308621 -0.150000 1.206897 45 43 96
0.812000 -0.576000 2.800000 135 101 107
-0.151282 -0.133333 1.794872 0 18 0
0.546429 -0.207143 2.500000 108 0 48
0.442857 -0.417857 2.500000 130 61 54
-0.334483 -0.029310 1.206897 1 71 133
-0.141026 0.276923 1.794872 58 95 64
1.283333 0.611111 3.888889 117 134 0
-0.166667 -0.110256 1.794872 53 43 3
1.138889 0.294444 3.888889 195 83 61
0.064103 -0.035897 1.794872 161 34 18
-0.318966 -0.093103 1.206897 32 94 110
-0.179487 -0.100000 1.794872 0 66 0
0.000000 0.158974 1.794872 89 167 13
-0.033333 -0.002564 1.794872 133 118 0
0.517857 -0.185714 2.500000 120 9 82
-0.332759 0.158621 1.206897 0 13 93
-0.097436 -0.020513 1.794872 14 117 11
0.378571 0.407143 2.500000 100 34 28
0.972222 -0.577778 3.888889 133 127 160
1.138889 -0.361111 3.888889 141 31 0
2.880000 2.379130 9.739130 136 144 166
-0.346552 -0.220690 1.206897 22 14 130
0.482143 -0.589286 2.500000 193 6 51
-0.284483 -0.060345 1.206897 81 50 146
-0.277586 -0.077586 1.206897 0 109 115
-0.268863 0.018451 1.845140 138 130 168
-0.331034 -0.129310 1.206897 54 38 133
0.064103 -0.258974 1.794872 28 91 7
0.908333 1.633333 5.833333 0 122 103
-0.200000 -0.351282 1.794872 70 184 27
-0.133333 -0.100000 1.794872 0 33 45
-0.301724 0.027586 1.206897 0 33 37
-0.251724 -0.150000 1.206897 106 25 103
-0.331034 0.181034 1.206897 70 95 143
1.583333 -0.533333 3.888889 91 57 17
0.539286 -0.157143 2.500000 157 89 0
-0.866667 1.700000 5.833333 17 6 112
1.116667 0.038889 3.888889 126 34 1
-0.296552 -0.243103 1.206897 0 82 114
-0.123077 0.233333 1.794872 0 32 0
0.783333 1.450000 5.833333 21 22 56
0.289286 0.467857 2.500000 96 76 26
1.577778 -0.483333 3.888889 154 98 0
1.333333 0.594444 3.888889 120 113 127
-0.346552 -0.196552 1.206897 62 26 119
0.446429 0.303571 2.500000 44 11 27
-0.246154 -0.112821 1.794872 60 152 51
-1.166667 1.083333 5.833333 0 22 10
0.450000 -0.017857 2.500000 141 121 0
0.232143 0.160714 2.500000 128 81 14
0.516667 1.816667 5.833333 139 132 125
1.254355 0.680139 3.902439 118 123 187
0.535714 0.317857 2.500000 130 20 15
0.092308 -0.169231 1.794872 71 117 128
-0.337931 0.079310 1.206897 108 75 91
-0.239655 0.160345 1.206897 0 118 115
-0.331034 0.144828 1.206897 33 56 112
-0.305172 -0.193103 1.206897 12 58 108
0.515094 0.394340 1.320755 87 104 131
-0.714286 1.564286 5.000000 77 130 175
0.122334 -0.286519 2.253521 127 131 135
1.541667 1.683333 5.833333 17 20 58
0.392857 0.407143 2.500000 91 49 51
0.326066 -0.332133 1.061611 108 139 121
0.217857 -0.221429 2.500000 105 61 37
0.364286 0.067857 2.500000 96 12 65
0.196429 0.260714 2.500000 212 59 49
0.066667 1.533333 5.833333 1 0 56
1.233333 -0.572222 3.888889 145 42 0
-0.329310 0.060345 1.206897 66 139 56
1.305555 0.588889 3.888889 136 84 22
-0.355172 0.132759 1.206897 24 102 24
1.550000 1.283333 5.833333 0 0 108
-0.200000 -0.328205 1.794872 0 97 8
1.533333 -0.338889 3.888889 211 95 16
1.094444 0.200000 3.888889 155 61 34
1.255556 -0.322222 3.888889 210 141 0
-0.466667 1.775000 5.833333 34 0 135
0.564286 0.232143 2.500000 79 70 97
1.500000 0.316667 3.888889 104 71 54
1.411111 -0.144444 3.888889 149 146 85
-0.110256 -0.074359 1.794872 19 101 37
-0.220513 -0.166667 1.794872 93 20 95
0.214286 -0.564286 2.500000 64 43 25
-0.138462 0.007692 1.794872 36 97 22
-1.075000 1.200000 5.833333 39 87 121
0.233333 -0.264103 0.897436 136 150 147
0.090032 -0.257235 1.800643 169 139 103
1.183333 -0.066667 3.888889 132 68 75
1.792350 1.827322 6.120219 96 150 115
-0.212821 0.033333 1.794872 87 35 5
0.701907 -1.037602 3.051771 137 135 150
-0.362069 0.022414 1.206897 87 23 62
0.200000 -0.092857 2.500000 142 34 30
-1.141667 1.366667 5.833333 0 85 55
-0.115385 0.258974 1.794872 48 81 79
-0.116667 1.266667 5.833333 7 61 97
1.466667 0.366667 3.888889 144 102 0
0.000000 -0.087179 1.794872 40 56 50
1.538889 -0.327778 3.888889 126 163 69
0.028205 0.087179 1.794872 0 105 82
-0.300000 -0.201724 1.206897 0 111 108
1.550000 0.111111 3.888889 180 137 3
1.033333 0.066667 3.888889 100 100 32
-0.350000 0.101724 1.206897 18 85 18
0.335714 0.453571 2.500000 108 32 114
-0.583333 1.216667 5.833333 27 77 88
1.111111 -0.161111 3.888889 193 95 55
1.605556 0.138889 3.888889 149 115 0
1.600000 -0.016667 3.888889 144 105 44
1.538889 0.500000 3.888889 153 122 70
-0.017949 0.307692 1.794872 0 47 64
1.388080 0.662252 3.708609 132 70 102
1.372222 0.055556 3.888889 167 88 43
0.585714 -0.228571 2.500000 79 29 49
-0.346552 -0.208621 1.206897 0 109 103
-0.210256 0.241026 1.794872 53 108 6
-0.172640 -0.154143 1.078998 132 136 146
-0.343103 -0.070690 1.206897 60 120 99
0.030769 0.158974 1.794872 48 127 8
0.360714 0.032143 2.500000 71 49 45
-0.164103 -0.284615 1.794872 34 77 39
-0.123077 -0.305128 1.794872 40 91 0
1.033333 1.800000 5.833333 167 125 135
-0.125641 -0.323077 1.794872 36 108 0
0.354167 -0.837500 2.916667 123 167 129
1.222222 0.494444 3.888889 197 54 0
-0.184615 -0.158974 1.794872 57 116 51
-0.322414 0.074138 1.206897 43 71 102
-0.356897 0.081034 1.206897 37 7 45
0.471429 -0.625000 2.500000 80 0 73
-0.023077 0.000000 1.794872 50 101 79
-0.233333 0.035897 1.794872 0 136 36
-0.375000 1.708333 5.833333 0 24 148
-0.591667 1.050000 5.833333 15 21 140
0.550000 1.591667 5.833333 0 75 72
0.496429 0.282143 2.500000 93 58 0
0.641667 -0.979167 2.916667 149 176 106
1.211960 0.706977 3.720930 97 117 87
-0.260345 -0.151724 1.206897 15 52 150
1.461111 0.077778 3.888889 135 151 0
-0.217949 -0.294872 1.794872 83 38 0
0.824242 0.445455 2.121212 112 95 111
1.450000 0.577778 3.888889 200 36 23
0.023040 -0.371200 1.792000 154 102 152
1.194444 -0.338889 3.888889 138 65 0
1.508333 1.683333 5.833333 0 16 128
-0.138462 -0.276923 1.794872 93 97 41
1.125000 1.641667 5.833333 0 32 50
0.457143 -0.139286 2.500000 75 19 97
0.650000 1.341667 5.833333 0 44 0
-1.050000 1.650000 5.833333 23 112 60
0.589286 -0.650000 2.500000 127 0 117
-0.300000 -0.115517 1.206897 53 83 61
2.502326 -1.674419 6.511628 122 107 132
-0.233333 0.153846 1.794872 76 137 79
0.143820 0.298427 2.516854 0 12 89
-0.270690 -0.160345 1.206897 35 0 94
0.353571 -0.032143 2.500000 92 0 0
0.428571 0.078571 2.500000 135 45 84
-1.633333 1.508333 5.833333 20 114 77
0.332143 -0.128571 2.500000 47 0 65
-1.833333 1.675000 5.833333 16 7 84
-1.791667 1.741667 5.833333 19 69 114
-0.324138 -0.267241 1.206897 8 58 98
0.750000 1.725000 5.833333 0 59 86
-0.293103 0.137931 1.206897 38 31 34
-0.223350 -0.164467 1.421320 147 135 124
0.410714 0.407143 2.500000 45 94 0
0.433333 1.241667 5.833333 31 30 8
-0.379310 -0.175862 1.206897 72 0 129
-0.315517 0.127586 1.206897 42 90 123
-0.315517 -0.155172 1.206897 0 0 140
0.373418 0.200000 0.886076 121 138 108
-0.210345 -0.139655 1.206897 95 166 94
-0.041026 -0.148718 1.794872 30 93 40
0.041026 -0.146154 1.794872 0 130 0
0.492857 0.157143 2.500000 150 23 183
-0.325862 -0.267241 1.206897 11 33 107
-1.125000 1.775000 5.833333 0 116 94
1.266667 1.458333 5.833333 0 43 46
1.138889 -0.205556 3.888889 112 78 46
-0.107692 0.187179 1.794872 73 122 32
1.516667 0.200000 3.888889 110 48 71
-0.583333 1.225000 5.833333 33 90 11
1.227778 -0.466667 3.888889 133 67 65
0.403571 -0.485714 2.500000 82 23 81
-0.298276 -0.022414 1.206897 53 97 165
0.647442 -0.267907 2.604651 126 89 183
1.600000 0.638889 3.888889 143 0 67
-1.520721 1.679279 5.045045 72 135 106
-1.675000 1.175000 5.833333 115 85 40
-0.223077 -0.225641 1.794872 36 148 52
-0.220513 -0.112821 1.794872 29 0 11
-0.015385 0.148718 1.794872 116 38 0
0.848033 0.745342 2.318841 105 97 90
1.494444 0.344444 3.888889 164 127 0
0.342857 0.096429 2.500000 126 6 52
-0.332759 -0.105172 1.206897 23 47 31
-0.220452 -0.060280 1.205597 106 175 155
-0.313793 -0.056897 1.206897 0 45 160
-0.227586 0.156897 1.206897 45 0 130
0.214286 -0.371429 2.500000 74 13 111
0.069231 -0.120513 1.794872 0 21 38
-0.475000 1.558333 5.833333 0 79 103
-0.210256 -0.069231 1.794872 39 59 91
0.328571 -0.160714 2.500000 119 51 114
0.025641 -0.333333 1.794872 21 147 11
-0.281034 -0.205172 1.206897 88 33 122
-1.526154 1.788718 5.743590 118 79 122
0.360714 -0.510714 2.500000 122 133 59
1.600000 0.222222 3.888889 54 97 6
-0.360345 0.162069 1.206897 81 41 106
0.541667 1.458333 5.833333 69 101 106
0.296429 -0.075000 2.500000 114 72 44
-0.076923 -0.005128 1.794872 44 77 0
-0.320690 0.205172 1.206897 80 37 83
0.008333 1.025000 5.833333 35 43 44
0.421429 -0.371429 2.500000 119 57 13
0.325000 -0.460714 2.500000 107 15 41
0.988889 -0.216667 3.888889 106 134 143
0.875000 1.241667 5.833333 0 28 60
1.061111 0.111111 3.888889 156 82 0
1.227778 -0.533333 3.888889 136 0 0
-0.308333 1.483333 5.833333 13 5 56
-0.130769 -0.238462 1.794872 88 70 38
0.433333 1.275000 5.833333 54 91 95
0.010256 -0.015385 1.794872 0 83 0
-0.089744 0.079487 1.794872 65 125 25
-0.207692 -0.097436 1.794872 72 165 85
0.116667 1.041667 5.833333 0 37 55
1.433333 -0.233333 3.888889 117 80 15
-0.374138 -0.210345 1.206897 0 96 36
-0.007692 -0.176923 1.794872 101 56 0
0.125000 1.425000 5.833333 74 42 109
-0.597285 -0.640724 2.533937 102 103 112
1.461111 -0.072222 3.888889 206 103 0
-0.115385 -0.271795 1.794872 59 92 23
0.149241 -0.402603 2.429501 150 123 144
-0.220513 0.128205 1.794872 72 91 30
0.514286 -0.407143 2.500000 66 88 34
1.366667 -0.544444 3.888889 222 109 25
-0.035897 0.048718 1.794872 38 86 95
1.055555 0.277778 3.888889 155 69 0
-0.164103 0.243590 1.794872 71 60 41
0.521429 0.082143 2.500000 43 13 73
-0.753363 1.585650 5.022421 111 152 146
-0.362069 -0.101724 1.206897 0 24 88
-0.253846 -0.202564 1.794872 161 125 115
1.455556 0.161111 3.888889 185 161 0
0.725000 1.216667 5.833333 25 69 122
-0.310345 0.106897 1.206897 1 13 41
-0.293103 -0.236207 1.206897 40 2 141
1.388889 0.466667 3.888889 147 97 0
-0.260345 -0.234483 1.206897 28 93 96
-0.225000 1.108333 5.833333 19 60 99
-0.508333 1.558333 5.833333 0 33 70
1.555556 0.305556 3.888889 150 69 93
0.158333 1.116667 5.833333 0 26 76
0.464286 -0.146429 2.500000 137 0 0
0.591537 0.399109 2.494432 33 53 179
1.505556 -0.555556 3.888889 188 97 47
0.592857 -0.196429 2.500000 199 61 143
-0.334483 0.124138 1.206897 9 33 47
1.141667 1.375000 5.833333 26 56 80
1.244444 -0.605556 3.888889 182 80 67
0.521429 -0.100000 2.500000 86 4 20
-0.775000 1.266667 5.833333 13 29 37
0.457143 0.203571 2.500000 66 90 61
0.450000 -0.221429 2.500000 103 34 48
0.541667 1.250000 5.833333 25 89 119
-0.325000 1.641667 5.833333 60 14 83
1.605556 0.238889 3.888889 140 66 97
-0.020513 0.025641 1.794872 84 116 29
-0.329310 -0.018966 1.206897 28 47 122
-0.225641 -0.369231 1.794872 41 141 9
0.410714 -0.082143 2.500000 116 55 57
-0.318966 0.037931 1.206897 3 45 129
0.310714 0.417857 2.500000 191 36 35
0.289286 -0.260714 2.500000 60 39 38
-0.110256 0.071795 1.794872 12 157 39
0.464286 -0.085714 2.500000 127 23 114
0.200000 0.460714 2.500000 133 79 30
-1.841667 1.725000 5.833333 0 0 150
0.410714 -0.635714 2.500000 57 0 0
-1.750000 1.183333 5.833333 37 41 78
-0.251724 0.189655 1.206897 92 55 45
1.205556 -0.094444 3.888889 113 85 0
0.575000 -0.182143 2.500000 121 96 42
1.011111 -0.422222 3.888889 97 24 64
-0.020513 -0.007692 1.794872 62 80 0
-1.808333 1.325000 5.833333 0 52 57
0.525000 1.500000 5.833333 41 66 65
1.233333 -0.116667 3.888889 50 138 11
0.439286 0.110714 2.500000 92 74 41
1.238889 0.355556 3.888889 119 94 34
-0.337931 -0.267241 1.206897 0 157 48
1.311111 -0.538889 3.888889 172 88 0
-0.350000 -0.222414 1.206897 40 69 97
0.425000 -0.032143 2.500000 36 42 82
-0.226000 -0.382000 1.400000 140 118 83
1.455556 -0.088889 3.888889 154 105 82
0.641667 -0.987500 2.916667 133 134 116
0.683333 1.258333 5.833333 107 65 26
-0.010256 -0.212821 1.794872 69 146 33
0.264286 0.210714 2.500000 165 18 81
-0.348276 -0.148276 1.206897 93 25 137
0.203571 -0.603571 2.500000 110 81 5
1.183333 0.327778 3.888889 74 68 0
-0.500000 1.316667 5.833333 0 73 128
0.772559 -0.667018 2.955145 87 146 137
0.035897 -0.069231 1.794872 117 106 53
0.442857 0.246429 2.500000 78 22 65
0.441667 1.775000 5.833333 68 129 31
0.015385 -0.274359 1.794872 35 125 43
0.189286 -0.157143 2.500000 95 1 27
0.321429 0.160714 2.500000 50 34 105
0.891667 1.791667 5.833333 0 37 79
-0.087179 0.176923 1.794872 0 156 8
1.344444 0.050000 3.888889 89 78 0
-0.791667 1.075000 5.833333 8 100 98
1.144444 -0.255556 3.888889 159 94 20
-1.425000 1.575000 5.833333 0 33 109
1.000000 0.544444 3.888889 104 53 47
1.338889 -0.550000 3.888889 100 113 33
0.564286 -0.535714 2.500000 154 53 135
1.369565 0.039130 3.043478 146 117 145
0.232143 -0.575000 2.500000 54 30 44
0.069231 -0.305128 1.794872 113 98 67
0.333333 1.350000 5.833333 0 85 96
-0.164103 0.071795 1.794872 34 118 15
1.600000 -0.427723 3.696370 123 183 126
0.417857 -0.371429 2.500000 85 5 58
0.525000 -0.064286 2.500000 134 11 36
0.303571 0.060714 2.500000 129 43 63
0.350000 -0.517857 2.500000 88 0 43
1.027778 0.383333 3.888889 182 23 30
0.457143 -0.053571 2.500000 174 53 71
0.500000 -0.514286 2.500000 132 0 51
0.546429 0.364286 2.500000 64 38 0
1.200000 1.625000 5.833333 52 89 63
1.377778 -0.355556 3.888889 159 135 96
0.582143 -0.482143 2.500000 99 43 93
1.516667 1.141667 5.833333 37 48 54
-0.220690 0.056897 1.206897 137 126 166
-0.056410 0.264103 1.794872 94 95 18
-0.158333 1.183333 5.833333 38 52 88
-0.166667 0.107692 1.794872 10 4 100
0.555440 1.765803 5.803109 1 38 71
1.161111 -0.544444 3.888889 102 55 2
-0.391667 1.558333 5.833333 85 5 155
-0.079487 0.187179 1.794872 0 30 0
-1.833333 1.808333 5.833333 90 120 151
-0.005128 0.194872 1.794872 25 63 63
0.683333 1.466667 5.833333 12 59 71
-0.327586 0.177586 1.206897 0 72 149
1.638889 -0.255556 3.888889 146 154 136
0.200000 -0.407143 2.500000 206 61 23
-0.092308 0.282051 1.794872 111 117 0
0.378571 -0.660714 2.500000 110 78 66
-0.282759 0.003448 1.206897 17 63 114
0.149772 -0.460274 2.557078 184 149 140
0.200000 -0.132143 2.500000 192 34 63
0.242857 0.410714 2.500000 51 0 96
0.196429 0.364286 2.500000 78 47 35
3.772840 -2.923457 13.827161 122 60 109
-0.100000 1.391667 5.833333 0 122 0
1.020243 -0.641295 2.267206 112 129 131
0.246429 0.435714 2.500000 132 7 19
1.405555 0.583333 3.888889 148 144 45
-0.200000 -0.010256 1.794872 0 59 63
-0.015385 -0.182051 1.794872 104 128 16
6.200000 -4.220000 14.000000 126 141 57
-1.650000 1.666667 5.833333 114 31 42
0.372093 -0.822739 2.894057 85 105 131
0.028205 0.261538 1.794872 130 107 74
0.521429 -0.103571 2.500000 104 140 57
-0.381034 0.086207 1.206897 0 65 97
0.575000 -0.253571 2.500000 148 0 90
0.567857 0.407143 2.500000 118 34 39
-0.483333 1.525000 5.833333 0 38 13
1.311111 0.150000 3.888889 186 71 0
0.517857 0.175000 2.500000 161 80 130
0.578571 -0.453571 2.500000 84 31 0
-0.366667 1.033333 5.833333 29 77 100
0.232143 -0.628571 2.500000 135 21 58
1.461111 -0.205556 3.888889 113 173 0
1.338889 -0.422222 3.888889 125 19 32
0.508834 -0.359953 1.319199 153 105 154
-0.123077 -0.320513 1.794872 54 145 0
-0.061538 -0.010256 1.794872 12 135 6
0.367857 -0.592857 2.500000 175 70 146
-0.169231 0.097436 1.794872 84 138 0
-1.125000 1.141667 5.833333 0 142 42
0.546429 0.400000 2.500000 124 7 43
1.283333 -0.055556 3.888889 156 66 9
0.282143 0.285714 2.500000 87 0 112
-0.161538 -0.166667 1.794872 7 69 70
-1.583333 1.708333 5.833333 18 28 114
-0.217672 -0.260309 0.785414 113 114 109
0.232051 -0.258974 0.897436 155 107 78
0.020513 -0.312821 1.794872 47 107 47
-0.220200 0.053274 1.243063 114 116 135
0.453571 0.425000 2.500000 225 78 98
-0.303448 0.151724 1.206897 1 24 98
1.241667 1.550000 5.833333 110 23 5
0.041667 1.633333 5.833333 13 0 108
0.466667 1.350000 5.833333 54 22 143
-0.258333 1.541667 5.833333 16 33 50
-0.182051 -0.035897 1.794872 7 67 82
-0.262069 0.091379 1.206897 21 71 104
1.605556 -0.194444 3.888889 154 44 20
0.335714 0.282143 2.500000 88 38 86
-0.135897 0.028205 1.794872 0 66 85
-1.458333 1.408333 5.833333 0 115 115
1.358333 1.275000 5.833333 83 92 75
0.460714 -0.328571 2.500000 150 0 34
0.979931 -0.537024 3.875432 123 183 177
1.577778 0.016667 3.888889 144 116 8
-0.091667 1.333333 5.833333 40 23 91
1.155555 0.038889 3.888889 125 78 47
0.076923 -0.143590 1.794872 111 110 96
1.605556 0.133333 3.888889 123 53 40
-0.691667 1.550000 5.833333 17 0 13
-0.219231 -0.044231 1.346154 127 120 104
1.175000 1.625000 5.833333 0 55 76
0.076923 -0.182051 1.794872 50 82 0
-0.217949 -0.274359 1.794872 121 1 39
1.327778 -0.388889 3.888889 153 79 58
-0.007692 -0.179487 1.794872 13 88 34
1.533333 1.008333 5.833333 21 50 100
0.435714 -0.489286 2.500000 111 0 16
-0.092308 -0.243590 1.794872 59 134 29
0.025000 1.691667 5.833333 13 140 136
-0.310345 -0.010345 1.206897 8 2 159
-0.225000 1.758333 5.833333 45 134 58
0.278571 -0.146429 2.500000 89 69 62
-0.250000 -0.131034 1.206897 20 84 131
0.435714 -0.292857 2.500000 119 30 15
1.685854 -0.983415 5.463415 163 91 119
0.858333 1.691667 5.833333 28 107 113
0.234464 0.510176 1.519674 142 132 157
-0.038462 -0.105128 1.794872 53 54 0
0.578571 -0.260714 2.500000 83 85 54
-0.223077 -0.238462 1.794872 0 35 30
-0.353448 0.039655 1.206897 56 37 103
0.364286 -0.560714 2.500000 82 15 66
-0.146154 0.235897 1.794872 0 171 114
-0.475000 1.608333 5.833333 68 0 14
0.514286 0.007143 2.500000 103 51 112
1.594444 0.394444 3.888889 168 115 0
1.061111 0.555556 3.888889 149 36 12
-0.334483 -0.131034 1.206897 25 81 114
0.539286 -0.460714 2.500000 57 38 109
1.022222 -0.405556 3.888889 111 61 0
-0.591667 1.133333 5.833333 66 64 75
1.438889 0.450000 3.888889 163 104 57
0.558333 1.475000 5.833333 40 0 17
1.327778 -0.516667 3.888889 156 151 39
0.033333 -0.007692 1.794872 24 33 8
-1.141667 1.233333 5.833333 32 61 109
-0.210256 -0.089744 1.794872 8 86 0
0.189286 -0.564286 2.500000 86 53 96
-0.207692 -0.153846 1.794872 56 96 0
0.025641 0.256410 1.794872 3 25 35
0.439286 -0.664286 2.500000 184 12 16
0.575000 -0.317857 2.500000 142 0 31
-0.202564 -0.276923 1.794872 45 121 11
-0.141026 -0.325641 1.794872 158 50 71
-0.058333 1.516667 5.833333 0 38 43
0.133333 1.733333 5.833333 29 15 22
0.500000 -0.139286 2.500000 168 24 40
-0.197436 -0.248718 1.794872 101 82 19
-0.051282 0.238462 1.794872 0 116 37
-0.309508 0.136393 1.836066 118 133 102
0.510714 -0.292857 2.500000 138 85 60
1.244444 -0.011111 3.888889 143 145 88
0.517857 -0.135714 2.500000 102 41 28
0.002564 0.041026 1.794872 43 41 0
1.558333 1.733333 5.833333 0 16 20
-0.116667 1.508333 5.833333 64 39 102
0.193750 0.464583 1.458333 159 101 94
1.616667 -0.361111 3.888889 163 112 64
-0.225000 1.400000 5.833333 30 37 143
0.466667 1.433333 5.833333 0 9 37
-0.382759 -0.151724 1.206897 33 72 71
-0.224138 -0.018966 1.206897 0 120 78
0.389286 -0.375000 2.500000 147 22 55
0.008333 1.666667 5.833333 30 71 144
-1.458333 1.716667 5.833333 32 20 82
-0.220690 -0.041379 1.206897 91 117 121
0.048718 0.000000 1.794872 0 105 44
-0.441667 1.241667 5.833333 2 31 79
5.814634 0.858537 13.658537 101 111 198
-0.176923 0.153846 1.794872 90 91 0
0.683333 1.641667 5.833333 0 83 91
-1.208333 1.500000 5.833333 0 127 105
-0.133333 1.683333 5.833333 0 88 39
1.305555 -0.244444 3.888889 123 66 0
-0.064103 -0.051282 1.794872 20 59 24
0.264286 0.453571 2.500000 113 110 75
0.475000 0.385714 2.500000 91 7 0
-0.235897 0.028205 1.794872 51 68 74
0.242857 0.307143 2.500000 57 82 46
-1.433333 1.375000 5.833333 32 96 106
1.466667 1.175000 5.833333 39 94 83
-0.282759 0.187931 1.206897 4 48 69
-0.533333 1.350000 5.833333 81 80 142
1.255556 -0.655556 3.888889 131 80 70
1.508333 1.316667 5.833333 0 70 61
-1.840415 1.724352 5.803109 0 22 121
1.200000 0.211111 3.888889 144 104 0
-0.138462 0.292308 1.794872 22 104 0
-1.041667 1.658333 5.833333 0 0 86
0.467857 -0.671429 2.500000 145 0 83
-0.265353 -0.042036 1.839080 123 128 142
-0.348276 0.150000 1.206897 0 83 163
0.425000 -0.653571 2.500000 83 0 112
1.316667 0.338889 3.888889 60 49 31
-0.148148 0.291358 0.864198 129 134 120
-0.051282 0.097436 1.794872 90 44 0
0.541667 1.300000 5.833333 15 67 108
-0.263793 -0.065517 1.206897 0 81 90
0.353571 0.428571 2.500000 150 72 41
0.392871 -0.354851 1.108911 100 92 126
0.625000 1.250000 5.833333 0 11 16
-0.035897 0.141026 1.794872 34 52 27
0.357143 -0.157143 2.500000 85 48 76
0.350000 -0.382143 2.500000 26 35 61
-0.224138 0.082759 1.206897 37 82 131
0.985467 0.000000 3.875432 67 153 133
1.027778 0.338889 3.888889 127 81 36
0.492857 -0.475000 2.500000 83 0 81
-1.608333 1.416667 5.833333 69 5 87
-0.262069 -0.218966 1.206897 66 32 62
-0.374138 0.146552 1.206897 55 57 41
-0.243590 -0.123077 1.794872 56 113 65
0.303571 -0.628571 2.500000 60 0 56
0.965975 -0.627386 2.323652 90 110 115
-0.379310 -0.256897 1.206897 1 36 154
-0.365517 -0.282759 1.206897 65 78 176
0.478571 -0.046429 2.500000 134 0 68
-0.315517 -0.284483 1.206897 46 37 91
-0.331034 0.172414 1.206897 0 117 126
0.111693 0.212216 1.954625 15 0 60
0.453571 -0.210714 2.500000 104 0 0
-0.244828 0.027586 1.206897 62 0 111
1.183333 1.633333 5.833333 93 1 96
-0.200000 1.391667 5.833333 60 20 107
-1.083333 1.591667 5.833333 17 95 49
-1.208333 1.450000 5.833333 16 87 37
-0.353448 -0.224138 1.206897 59 109 215
-0.633333 1.600000 5.833333 34 81 86
-0.265517 0.060345 1.206897 33 120 98
1.075000 1.250000 5.833333 0 74 55
1.588889 -0.188889 3.888889 154 48 0
0.241667 1.775000 5.833333 23 120 77
0.296429 0.321429 2.500000 151 69 81
1.355556 -0.533333 3.888889 161 94 13
-0.516667 1.275000 5.833333 63 0 99
1.172222 -0.433333 3.888889 200 25 99
1.266667 1.200000 5.833333 31 75 44
0.264286 -0.239286 2.500000 86 92 73
0.575000 -0.296429 2.500000 152 34 108
-0.008333 1.258333 5.833333 0 103 138
1.061111 -0.444444 3.888889 112 46 38
1.500000 -0.238889 3.888889 147 73 0
0.633333 1.658333 5.833333 37 82 90
0.400000 0.389286 2.500000 193 100 97
1.322222 -0.222222 3.888889 69 88 20
0.171429 -0.489286 2.500000 121 124 120
1.138889 -0.116667 3.888889 194 173 58
0.517857 0.482143 2.500000 86 0 5
0.015385 -0.169231 1.794872 0 136 0
0.425000 1.233333 5.833333 46 29 71
0.457143 0.010714 2.500000 111 25 42
-0.221818 -0.220000 1.272727 100 133 113
1.372222 -0.661111 3.888889 182 80 0
-0.107692 -0.194872 1.794872 52 77 0
-0.239655 0.072414 1.206897 94 144 87
-0.007692 -0.097436 1.794872 63 125 8
-0.115385 -0.048718 1.794872 0 85 37
0.257143 -0.428571 2.500000 136 0 44
1.600000 1.058333 5.833333 114 145 148
0.015385 0.000000 1.794872 49 59 108
-0.243590 -0.356410 1.794872 31 78 48
1.105556 0.411111 3.888889 173 65 41
0.296429 -0.450000 2.500000 144 0 29
-0.241379 -0.046552 1.206897 39 79 113
-0.043590 0.238462 1.794872 7 149 0
-0.339655 -0.244828 1.206897 0 83 110
-0.200000 1.641667 5.833333 17 53 75
0.239286 -0.092857 2.500000 90 0 82
0.264286 -0.285714 2.500000 47 21 62
-0.196069 -0.331098 1.294798 144 110 140
-0.350000 1.333333 5.833333 0 88 125
0.010256 -0.220513 1.794872 0 109 61
1.566667 -0.127778 3.888889 102 49 32
1.116667 0.200000 3.888889 87 74 56
0.012821 0.248718 1.794872 30 97 37
-0.916667 1.275000 5.833333 17 90 40
0.435714 -0.360714 2.500000 72 27 54
0.378571 -0.471429 2.500000 96 29 34
1.033333 -0.450000 3.888889 204 14 34
0.177778 -0.448000 2.488889 154 129 93
5.725301 0.867470 13.493976 143 105 124
0.239286 -0.525000 2.500000 158 0 108
-0.102564 -0.071795 1.794872 10 113 0
-1.008333 1.333333 5.833333 80 0 40
0.089744 -0.046154 1.794872 107 162 132
0.583333 1.525000 5.833333 27 61 22
-0.146154 0.005128 1.794872 97 74 86
0.645455 2.163636 6.363636 163 100 144
-0.325000 1.291667 5.833333 6 52 101
0.378571 -0.425000 2.500000 137 4 74
-0.237931 -0.156897 1.206897 0 42 74
-0.362069 -0.200000 1.206897 14 67 141
-0.232759 -0.200000 1.206897 0 62 162
0.464286 -0.450000 2.500000 135 101 47
0.752719 -0.521986 2.647754 110 150 117
0.675000 1.200000 5.833333 12 89 25
0.766667 1.600000 5.833333 0 76 98
0.207143 0.078571 2.500000 75 39 96
0.866667 1.425000 5.833333 6 4 98
-0.296552 -0.075862 1.206897 22 53 78
-0.325000 1.375000 5.833333 35 50 59
0.149891 -0.421786 2.440087 184 174 145
1.001439 0.253237 4.028777 136 114 143
-0.235897 0.176923 1.794872 30 105 27
1.550000 -0.450000 3.888889 139 71 0
1.150000 0.183333 3.888889 129 108 118
1.222222 0.472222 3.888889 130 140 0
-0.217476 -0.120820 1.208199 83 138 156
1.605556 -0.288889 3.888889 101 133 7
1.141667 1.458333 5.833333 0 56 91
1.447619 -0.957143 3.333333 115 87 94
0.275000 0.010714 2.500000 156 39 90
0.350000 1.200000 5.833333 0 38 120
-0.017949 -0.317949 1.794872 35 74 0
1.400000 0.288889 3.888889 118 142 0
1.427778 -0.644444 3.888889 158 60 45
0.982069 -0.115862 3.862069 109 100 201
0.791667 1.733333 5.833333 25 65 83
0.557143 -0.378571 2.500000 93 66 59
-0.265517 -0.055172 1.206897 78 115 47
0.242857 -0.482143 2.500000 150 71 141
-0.166667 0.223077 1.794872 54 131 28
1.594444 0.333333 3.888889 84 86 51
-0.360345 -0.003448 1.206897 81 142 131
-0.125641 -0.348718 1.794872 0 72 112
0.708333 1.666667 5.833333 0 108 0
-0.069231 -0.094872 1.794872 76 91 0
-0.298276 0.022414 1.206897 0 5 36
1.138889 0.577778 3.888889 180 87 44
0.020513 0.135897 1.794872 24 79 45
-0.933333 1.633333 5.833333 0 145 102
0.410714 0.460714 2.500000 125 45 35
-0.360345 -0.001724 1.206897 35 45 60
1.644138 0.364138 3.862069 172 110 194
-0.966667 1.466667 5.833333 40 133 75
-1.625000 1.325000 5.833333 0 51 140
0.994444 0.072222 3.888889 172 73 0
0.267857 -0.503571 2.500000 87 34 72
0.182143 0.096429 2.500000 129 0 91
-0.234483 0.177586 1.206897 23 78 72
0.546429 -0.575000 2.500000 123 54 119
1.555556 0.633333 3.888889 76 84 2
0.407143 -0.635714 2.500000 161 6 45
0.264286 -0.003571 2.500000 156 0 90
0.283333 1.225000 5.833333 31 0 41
-0.310345 0.172414 1.206897 8 123 94
0.038462 -0.030769 1.794872 35 141 41
-0.061538 0.305128 1.794872 19 65 8
-0.229310 -0.158621 1.206897 0 0 101
1.272222 0.511111 3.888889 133 85 0
0.435714 0.060714 2.500000 160 61 2
0.221429 0.467857 2.500000 166 47 79
-0.356897 0.008621 1.206897 11 38 43
-1.616667 1.216667 5.833333 10 82 97
0.633333 1.566667 5.833333 47 51 60
0.414286 -0.435714 2.500000 143 8 18
-1.116667 1.633333 5.833333 37 20 116
-0.367241 -0.087931 1.206897 0 69 50
0.382143 -0.178571 2.500000 108 5 108
-0.355172 -0.275862 1.206897 11 14 139
-0.355556 -0.295146 1.208199 100 160 149
1.638889 0.005556 3.888889 134 135 90
0.766667 1.208333 5.833333 0 14 65
-0.083333 1.725000 5.833333 93 61 89
-0.097436 0.002564 1.794872 0 61 57
-1.218653 1.782383 5.803109 0 90 37
0.415514 -0.609781 1.888702 112 110 141
0.307143 -0.521429 2.500000 138 119 22
0.625000 1.616667 5.833333 2 39 68
1.023529 -1.388235 4.117647 169 120 158
-0.279310 0.001724 1.206897 20 12 123
-0.115385 0.215385 1.794872 82 116 15
0.553571 -0.567857 2.500000 115 60 100
-1.533023 1.719070 5.209302 122 109 121
-0.148480 -0.371200 1.792000 101 139 73
1.416667 -0.383333 3.888889 46 71 0
-1.300000 1.225000 5.833333 0 44 26
-0.232759 -0.110345 1.206897 55 67 116
0.410714 -0.628571 2.500000 160 53 96
1.172222 -0.661111 3.888889 108 71 0
0.542857 0.007143 2.500000 109 67 118
-0.176923 -0.141026 1.794872 40 79 47
-0.213733 -0.225718 1.398252 123 108 153
-0.360451 -0.342428 1.401752 109 104 97
1.238889 -0.572222 3.888889 51 93 41
0.410714 -0.242857 2.500000 162 11 3
-0.381034 -0.113793 1.206897 31 53 68
0.428571 -0.407143 2.500000 197 105 35
0.482143 -0.689286 2.500000 168 98 146
-0.566667 1.600000 5.833333 8 107 101
1.035636 -0.715636 4.072727 171 131 120
1.820074 0.523420 4.163569 131 143 106
0.327894 -0.324858 1.062619 138 105 136
-0.320690 -0.215517 1.206897 59 0 109
0.396429 0.017857 2.500000 101 54 53
0.051282 0.094872 1.794872 41 134 45
-0.184615 -0.146154 1.794872 42 31 9
0.002564 -0.107692 1.794872 91 58 33
0.883333 1.508333 5.833333 67 49 113
0.260714 0.246429 2.500000 99 0 91
1.205556 -0.377778 3.888889 190 73 23
-0.783333 1.325000 5.833333 0 77 41
-1.483333 1.741667 5.833333 45 76 68
-0.320690 -0.217241 1.206897 27 44 99
0.066667 0.248718 1.794872 0 78 4
-0.028205 0.266667 1.794872 14 90 7
-0.362069 -0.001724 1.206897 57 160 65
0.357942 -0.694407 2.505593 152 132 101
-0.200000 -0.151282 1.794872 82 74 33
-0.207692 -0.279487 1.794872 0 176 20
-0.363793 0.153448 1.206897 58 47 106
0.235714 0.407143 2.500000 110 54 81
-1.616667 1.050000 5.833333 58 0 133
-0.094872 0.248718 1.794872 78 118 5
0.553571 0.017857 2.500000 99 4 0
1.391667 1.400000 5.833333 8 107 104
-0.120513 -0.269231 1.794872 61 137 0
-0.180357 -0.230357 1.250000 116 96 123
-0.079487 0.015385 1.794872 37 75 11
-0.241026 -0.161538 1.794872 63 116 63
1.266667 0.488889 3.888889 196 65 68
0.232293 0.508005 1.519674 117 152 125
0.023077 -0.041026 1.794872 71 164 0
0.033333 0.235897 1.794872 27 60 38
1.258333 1.500000 5.833333 1 45 122
0.033333 0.294872 1.794872 29 50 84
0.012800 -0.674133 2.986667 136 114 97
0.217857 -0.360714 2.500000 81 22 36
1.211111 0.005556 3.888889 111 164 0
0.076923 -0.264103 1.794872 63 124 37
1.277778 0.583333 3.888889 75 107 99
0.582143 0.185714 2.500000 147 25 35
1.250000 0.294444 3.888889 92 6 67
0.225000 1.275000 5.833333 142 0 65
-0.094872 0.207692 1.794872 35 72 11
0.385714 -0.357143 2.500000 120 1 73
0.030769 0.287179 1.794872 80 62 31
-1.725000 1.300000 5.833333 5 34 91
1.475000 1.233333 5.833333 31 64 87
-0.195595 0.079295 1.233480 144 153 110
-0.575000 1.758333 5.833333 25 59 55
-0.356897 -0.112069 1.206897 6 68 62
-0.386207 0.053448 1.206897 58 6 89
-1.683333 1.766667 5.833333 0 29 45
1.505556 0.327778 3.888889 184 43 47
0.041026 -0.235897 1.794872 66 32 0
1.211111 0.672222 3.888889 115 125 99
1.405555 0.372222 3.888889 132 84 0
-0.005128 -0.312821 1.794872 45 45 12
0.166120 0.048087 3.060109 145 180 86
-0.296552 -0.222414 1.206897 0 120 71
-0.076923 0.046154 1.794872 6 84 69
-1.058333 1.175000 5.833333 54 0 116
0.250000 0.210714 2.500000 124 57 56
0.214286 -0.221429 2.500000 111 47 72
0.048718 0.182051 1.794872 24 74 76
0.503571 0.025000 2.500000 114 83 20
0.433333 1.333333 5.833333 20 70 111
0.392857 -0.453571 2.500000 103 21 97
0.496429 -0.246429 2.500000 75 40 16
-1.141667 1.425000 5.833333 19 43 44
-0.236207 0.136207 1.206897 0 14 112
-0.007692 0.189744 1.794872 70 67 0
3.468531 -0.458741 7.832168 152 128 144
-0.310345 0.177586 1.206897 45 5 124
0.535714 -0.292857 2.500000 124 53 95
1.033333 1.791667 5.833333 7 49 129
-0.533333 1.125000 5.833333 16 111 10
0.791667 1.700000 5.833333 5 0 61
1.158333 1.466667 5.833333 6 74 116
-0.182051 -0.141026 1.794872 0 83 53
-1.191667 1.491667 5.833333 28 17 62
0.278571 -0.532143 2.500000 111 1 70
-0.279310 0.193103 1.206897 0 33 89
-0.841667 1.816667 5.833333 150 129 138
-0.377586 -0.034483 1.206897 132 67 106
1.819259 0.515556 4.148148 127 95 82
0.532143 0.107143 2.500000 152 65 90
1.227778 -0.283333 3.888889 87 26 77
-0.282759 0.012069 1.206897 38 30 95
0.475000 0.035714 2.500000 77 37 73
-0.248276 0.182759 1.206897 0 117 50
0.528571 -0.660714 2.500000 125 0 109
1.544444 0.572222 3.888889 151 123 13
-0.329310 0.025862 1.206897 72 68 107
0.321429 -0.096429 2.500000 0 44 67
-0.257627 -0.331235 1.355932 149 136 100
-0.030769 -0.251282 1.794872 0 45 12
0.507143 -0.232143 2.500000 117 8 58
1.583333 1.491667 5.833333 0 46 29
0.189286 -0.071429 2.500000 94 41 19
-0.189744 -0.276923 1.794872 87 26 50
0.346429 -0.146429 2.500000 86 6 105
-0.333333 1.816667 5.833333 176 131 109
-1.600000 1.383333 5.833333 0 59 122
-0.164103 -0.189744 1.794872 112 74 4
0.030769 -0.279487 1.794872 5 67 56
-0.291379 -0.053448 1.206897 17 80 89
0.016667 1.183333 5.833333 110 64 106
0.741667 1.808333 5.833333 123 150 127
-0.074359 -0.258974 1.794872 95 29 0
1.323836 0.070137 3.068493 115 97 166
-0.239655 0.060345 1.206897 0 85 35
2.086667 0.260000 4.666667 126 122 166
0.216408 -0.684701 2.483370 115 135 93
-0.061538 -0.061538 1.794872 43 85 0
-0.382759 -0.205172 1.206897 51 77 46
-0.115385 0.128205 1.794872 37 109 44
1.122222 -0.211111 3.888889 172 169 17
0.808333 1.666667 5.833333 46 88 67
0.503571 0.385714 2.500000 130 42 77
0.428571 -0.332143 2.500000 103 18 76
-1.475000 1.500000 5.833333 0 34 64
1.561111 -0.377778 3.888889 173 118 38
0.525000 -0.035714 2.500000 98 44 17
4.485714 -1.228571 10.000000 128 127 153
-0.391667 1.100000 5.833333 19 53 42
0.061538 0.243590 1.794872 67 75 13
-0.791667 1.650000 5.833333 19 66 68
-0.310811 0.156757 1.891892 134 162 120
-0.341379 -0.125862 1.206897 22 70 40
-0.718222 1.571556 4.977778 106 143 138
-0.094872 0.105128 1.794872 0 87 95
0.553571 -0.396429 2.500000 43 0 38
0.467857 0.128571 2.500000 135 1 66
0.170667 -0.273778 2.488889 171 147 117
0.146405 -0.334641 2.440087 129 122 83
-1.225000 1.216667 5.833333 0 121 74
0.219608 0.483137 1.464052 69 116 117
-0.327586 0.058621 1.206897 91 60 96
0.353571 -0.396429 2.500000 80 0 10
-0.133333 0.123077 1.794872 114 124 9
-0.050000 1.683333 5.833333 82 64 0
1.266667 1.675000 5.833333 73 79 126
1.233333 0.438889 3.888889 193 76 61
-1.033333 1.266667 5.833333 13 1 115
1.283333 -0.438889 3.888889 179 88 21
-0.171795 0.233333 1.794872 13 125 0
-0.941667 1.358333 5.833333 63 32 36
0.144000 3.696000 11.200000 128 149 157
-1.125000 1.491667 5.833333 6 64 152
0.203571 -0.203571 2.500000 89 69 64
-0.331034 0.127586 1.206897 126 65 61
-0.191667 1.425000 5.833333 40 91 39
-0.224138 -0.187931 1.206897 6 94 191
0.453571 0.228571 2.500000 82 0 0
0.591667 1.783333 5.833333 0 32 126
0.232143 -0.096429 2.500000 88 39 36
1.058333 1.416667 5.833333 62 50 80
-0.320690 0.191379 1.206897 87 67 86
1.100000 -0.544444 3.888889 136 82 0
1.150000 0.138889 3.888889 79 68 0
0.064103 0.069231 1.794872 42 92 0
0.207143 -0.092857 2.500000 85 23 54
-0.230769 0.158974 1.794872 22 38 52
0.528571 -0.682143 2.500000 184 74 118
-0.328348 -0.261565 1.947826 104 139 166
1.127778 0.605556 3.888889 108 28 1
0.002564 -0.148718 1.794872 67 43 1
2.390909 1.390909 6.363636 84 124 109
0.023077 0.107692 1.794872 0 86 50
0.043590 -0.184615 1.794872 0 114 32
1.008333 1.383333 5.833333 54 62 51
-1.808333 1.508333 5.833333 10 0 35
-0.678571 1.571429 5.000000 117 144 170
-0.232759 -0.281034 1.206897 13 35 157
-0.192308 -0.305128 1.794872 0 52 28
-0.234464 -0.267028 1.519674 154 136 101
-0.502981 -0.745799 3.035230 94 110 134
-0.120513 0.287179 1.794872 102 121 0
1.333333 -0.627778 3.888889 91 109 7
0.178571 0.178571 2.500000 160 162 165
0.486842 -0.350000 1.842105 170 154 127
0.250000 -0.089286 2.500000 126 1 84
-0.850000 1.408333 5.833333 39 27 0
0.357143 -0.135714 2.500000 160 0 89
-0.275000 1.591667 5.833333 0 84 24
1.083333 0.316667 3.888889 105 93 70
-0.250000 -0.194828 1.206897 34 107 14
0.353571 0.025000 2.500000 72 0 22
1.177778 0.016667 3.888889 192 17 25
-0.298276 -0.056897 1.206897 0 79 103
0.364286 -0.632143 2.500000 160 0 38
1.172222 -0.622222 3.888889 153 128 9
-0.316667 1.091667 5.833333 104 8 31
1.275000 1.800000 5.833333 95 116 131
0.578571 -0.567857 2.500000 132 34 22
-0.358621 -0.250000 1.206897 0 112 50
0.350000 -0.039286 2.500000 86 53 79
-0.267241 -0.115517 1.206897 16 76 33
0.247826 0.500000 1.521739 99 154 124
-0.331034 0.158621 1.206897 56 18 116
0.766667 1.433333 5.833333 0 7 124
0.575000 1.316667 5.833333 120 66 85
1.394444 0.338889 3.888889 70 35 0
-1.041667 1.375000 5.833333 22 31 31
-0.372414 -0.181034 1.206897 0 58 102
-0.248276 -0.268966 1.206897 37 78 69
-0.079487 -0.151282 1.794872 58 129 76
-0.362069 0.172414 1.206897 30 84 52
1.383333 -0.333333 3.888889 156 122 5
-0.329310 0.144828 1.206897 19 1 105
-0.074359 0.228205 1.794872 50 10 108
0.300000 1.408333 5.833333 34 86 71
1.577778 -0.061111 3.888889 127 86 0
0.142857 0.267857 2.500000 0 102 2
1.611111 0.088889 3.888889 160 47 0
-0.303448 0.070690 1.206897 0 16 148
-0.374138 0.158621 1.206897 0 89 79
-0.289655 0.137931 1.206897 38 50 121
-0.329310 0.094828 1.206897 131 11 126
-0.071795 -0.258974 1.794872 67 69 7
1.650794 1.566138 5.925926 140 118 93
0.300000 -0.067857 2.500000 70 33 103
0.307143 -0.557143 2.500000 133 0 0
0.178174 -0.452561 2.494432 105 164 118
0.532143 -0.025000 2.500000 64 0 73
-0.179487 0.058974 1.794872 24 69 33
1.033333 0.533333 3.888889 202 82 40
0.446429 0.103571 2.500000 121 24 96
0.058974 -0.248718 1.794872 99 176 25
1.538889 0.611111 3.888889 170 68 0
-0.229310 -0.163793 1.206897 42 24 117
-0.074359 -0.135897 1.794872 153 107 26
-0.110256 -0.041026 1.794872 27 81 28
-0.358621 0.122414 1.206897 43 25 115
1.516667 1.741667 5.833333 0 61 43
1.200000 -0.011111 3.888889 55 55 32
0.175000 -0.217857 2.500000 125 150 137
1.411111 0.611111 3.888889 90 128 0
1.391667 1.533333 5.833333 28 69 129
-0.248718 0.094872 1.794872 158 168 127
-0.172474 -0.157074 1.077960 132 111 129
0.232143 -0.339286 2.500000 40 118 60
1.325000 1.758333 5.833333 25 21 88
-0.875000 1.141667 5.833333 27 0 71
1.427778 -0.305556 3.888889 206 131 56
0.988889 -0.322222 3.888889 135 121 112
-0.891667 1.141667 5.833333 0 45 17
2.390909 1.409091 6.363636 165 124 122
1.369565 0.043478 3.043478 133 113 113
1.525000 1.241667 5.833333 0 19 87
-0.166667 -0.056410 1.794872 61 78 0
0.600000 0.150000 2.500000 122 131 134
0.235714 -0.100000 2.500000 83 18 24
1.083333 -0.400000 3.888889 159 70 34
0.094118 -0.141176 1.830065 116 135 117
1.183333 0.533333 3.888889 119 83 43
0.217857 0.382143 2.500000 134 73 143
-1.541667 1.616667 5.833333 21 112 59
0.181737 0.238753 2.494432 183 36 0
0.417857 0.435714 2.500000 28 0 40
-0.015385 -0.046154 1.794872 35 51 69
-0.883333 1.783333 5.833333 50 6 95
-0.286207 0.093103 1.206897 61 10 128
1.366667 0.172222 3.888889 160 59 0
1.644444 0.438889 3.888889 119 133 109
0.467857 0.364286 2.500000 203 88 82
0.403571 0.482143 2.500000 141 0 147
1.305555 -0.111111 3.888889 83 123 0
0.200000 -0.557143 2.500000 66 120 13
3.737405 -0.500763 8.549619 142 106 115
-0.175000 1.625000 5.833333 34 133 110
-0.189744 -0.053846 1.794872 46 143 41
0.053846 0.020513 1.794872 53 105 65
-0.128205 -0.123077 1.794872 44 31 0
-1.375000 1.091667 5.833333 49 25 84
0.228571 -0.310714 2.500000 68 86 95
3.779527 1.310236 8.818897 150 136 98
-0.130769 0.235897 1.794872 34 91 15
1.166667 0.661111 3.888889 132 68 0
0.182143 -0.071429 2.500000 143 99 0
-1.308333 1.441667 5.833333 27 42 52
-0.294828 -0.275862 1.206897 66 83 63
0.049778 -0.526222 2.488889 162 136 139
0.232143 -0.292857 2.500000 148 37 114
-0.382759 -0.234483 1.206897 62 124 139
0.827273 0.442424 2.121212 111 120 169
0.500000 1.541667 5.833333 2 63 28
-0.219202 -0.169148 1.208199 125 146 136
0.189286 0.289286 2.500000 104 56 88
-0.105128 -0.038462 1.794872 27 103 48
-0.329310 0.062069 1.206897 52 33 105
1.038889 0.200000 3.888889 122 110 60
-1.575000 1.475000 5.833333 0 24 45
-1.166667 1.425000 5.833333 25 40 28
0.432143 -0.450000 2.500000 128 21 159
0.025000 1.500000 5.833333 36 0 0
-0.002564 -0.046154 1.794872 0 101 65
-0.365517 -0.222414 1.206897 5 72 112
1.608290 1.691192 5.803109 144 165 118
1.400000 0.238889 3.888889 113 117 55
-0.110256 -0.082051 1.794872 33 169 123
-0.315026 0.994819 5.803109 61 70 70
0.988889 -0.266667 3.888889 108 86 121
0.435714 0.303571 2.500000 190 29 17
0.385714 0.257143 2.500000 119 115 0
-0.356897 -0.246552 1.206897 62 13 136
-0.074359 0.112821 1.794872 22 92 24
1.127778 0.261111 3.888889 125 86 40
-0.816667 1.116667 5.833333 47 94 163
-0.367241 -0.065517 1.206897 50 8 127
-0.287931 -0.284483 1.206897 0 36 64
0.173451 -0.148673 2.477876 131 141 162
1.144444 0.405556 3.888889 125 0 11
-0.279310 -0.034483 1.206897 70 76 107
-0.243590 -0.264103 1.794872 62 108 27
-0.092308 0.294872 1.794872 36 110 56
0.296429 -0.285714 2.500000 91 30 21
0.442857 -0.132143 2.500000 167 6 78
1.058333 1.633333 5.833333 83 88 95
-0.210256 0.117949 1.794872 34 70 23
1.455556 0.411111 3.888889 161 26 43
-0.374138 -0.058621 1.206897 83 8 137
1.577778 0.216667 3.888889 133 70 28
0.314286 0.246429 2.500000 155 61 91
-0.483333 1.683333 5.833333 0 100 65
-0.875000 1.658333 5.833333 0 79 69
-0.368966 -0.194828 1.206897 0 4 138
0.496296 -0.422222 1.296296 155 158 134
0.421429 -0.142857 2.500000 105 0 33
0.553571 0.264286 2.500000 127 98 131
1.775000 1.791667 5.833333 112 148 145
-0.370428 -0.414008 2.178988 124 134 108
-0.966667 1.383333 5.833333 38 49 21
0.016667 1.075000 5.833333 13 61 103
0.041026 -0.148718 1.794872 9 54 0
0.225000 1.700000 5.833333 0 94 51
-0.255172 -0.022414 1.206897 6 49 42
0.585714 0.425000 2.500000 135 39 36
-0.633333 1.433333 5.833333 31 1 72
-0.107006 -0.374522 1.783440 94 133 163
-0.112821 -0.015385 1.794872 0 16 27
1.475000 1.425000 5.833333 9 8 65
-0.089744 0.210256 1.794872 45 77 0
-0.212821 -0.125641 1.794872 52 119 19
1.222222 -0.316667 3.888889 147 101 0
-0.069088 -0.201782 0.767649 110 121 131
0.158333 1.233333 5.833333 112 79 121
0.432143 -0.260714 2.500000 113 78 54
0.385714 -0.146429 2.500000 49 24 65
-1.041667 1.125000 5.833333 59 44 72
1.591667 1.716667 5.833333 6 71 52
0.051282 -0.058974 1.794872 51 44 80
-0.491667 1.433333 5.833333 70 61 78
-0.272414 -0.062069 1.206897 7 48 76
0.275000 -0.092857 2.500000 67 44 11
-1.175000 1.650000 5.833333 41 36 118
0.725000 1.391667 5.833333 0 3 19
1.455556 -0.244444 3.888889 128 104 43
-0.275000 1.416667 5.833333 48 77 51
0.200000 -0.178571 2.500000 131 46 37
1.616667 0.261111 3.888889 151 67 9
-0.028205 -0.089744 1.794872 39 68 28
0.239286 -0.475000 2.500000 178 29 97
-0.308621 -0.081034 1.206897 77 139 163
1.700000 0.644444 3.888889 164 139 98
1.191667 1.758333 5.833333 0 93 116
-0.216667 1.483333 5.833333 63 112 65
-0.005128 0.220513 1.794872 44 70 90
0.464286 -0.532143 2.500000 131 81 50
-0.266227 -0.123888 1.845140 148 130 136
1.333333 0.244444 3.888889 184 70 0
1.010830 0.392780 4.043321 151 79 106
1.650000 -0.227778 3.888889 89 153 141
-0.066667 1.391667 5.833333 0 90 161
1.600000 1.350000 5.833333 127 127 144
0.010256 0.269231 1.794872 18 95 28
-0.294828 -0.155172 1.206897 62 76 164
-0.339655 0.162069 1.206897 58 11 70
0.521429 0.389286 2.500000 125 36 56
-1.041667 0.766667 5.833333 25 21 76
-0.198214 -0.248214 1.250000 159 176 168
-0.035897 -0.215385 1.794872 10 80 0
-0.053846 0.156410 1.794872 55 111 0
-1.133333 1.333333 5.833333 31 102 120
-1.775000 1.100000 5.833333 0 66 111
-1.225000 1.091667 5.833333 0 44 61
-0.274138 -0.206897 1.206897 120 0 147
-0.141667 1.175000 5.833333 0 80 37
1.183333 0.127778 3.888889 210 40 12
0.189286 0.250000 2.500000 60 0 6
1.220619 1.179381 5.773196 0 124 112
0.253571 -0.203571 2.500000 168 84 46
-0.110256 -0.346154 1.794872 44 123 10
1.133333 0.455556 3.888889 76 34 13
0.033333 0.271795 1.794872 33 143 54
1.350000 0.494444 3.888889 122 71 53
-0.074359 0.012821 1.794872 0 173 0
1.094444 0.361111 3.888889 140 43 0
0.325000 -0.167857 2.500000 196 0 98
0.233493 -0.773206 2.679426 146 146 155
-0.262069 -0.063793 1.206897 30 0 85
-0.248718 -0.069231 1.794872 133 147 118
1.550000 1.725000 5.833333 24 26 125
-0.120513 0.202564 1.794872 83 100 91
-0.525000 1.108333 5.833333 32 31 65
-1.516667 1.375000 5.833333 8 0 115
1.422222 0.505556 3.888889 190 22 16
1.566667 -0.488889 3.888889 63 15 0
-1.325000 1.383333 5.833333 0 81 66
-0.284483 -0.210345 1.206897 0 0 159
0.075000 1.183333 5.833333 41 120 53
1.150000 -0.533333 3.888889 166 88 0
0.066667 -0.256410 1.794872 28 74 28
0.335714 0.171429 2.500000 96 42 105
0.061538 0.071795 1.794872 48 144 59
0.571429 -0.339286 2.500000 168 40 119
-0.379310 -0.036207 1.206897 38 48 66
-0.293103 -0.053448 1.206897 111 61 115
-0.227586 -0.277586 1.206897 16 58 118
1.388889 0.638889 3.888889 185 64 5
-0.858333 1.633333 5.833333 42 94 151
-0.066895 -0.201782 0.767649 120 154 144
-0.274587 0.021122 1.848185 120 108 142
-1.525000 1.550000 5.833333 29 0 119
0.550000 -0.425000 2.500000 141 41 97
0.382143 -0.557143 2.500000 124 0 22
-1.766667 1.416667 5.833333 11 67 39
0.994444 0.300000 3.888889 168 68 41
1.525000 1.583333 5.833333 0 118 128
-0.210345 -0.143103 1.206897 147 107 137
-0.246154 0.251282 1.794872 30 72 24
1.350000 -0.011111 3.888889 128 82 25
-0.733333 1.041667 5.833333 0 22 68
-0.238462 0.176923 1.794872 59 71 67
0.716667 1.475000 5.833333 0 62 106
-0.533333 1.258333 5.833333 64 44 116
-0.386207 0.024138 1.206897 101 111 118
-0.208333 1.616667 5.833333 0 38 150
0.168610 -0.642152 2.511211 151 83 150
-0.374138 -0.234483 1.206897 0 0 90
0.521429 0.214286 2.500000 131 21 119
0.460714 0.089286 2.500000 103 0 64
1.538889 0.533333 3.888889 70 92 43
-0.377586 -0.287931 1.206897 4 84 144
-0.153846 0.200000 1.794872 88 44 35
0.564286 -0.503571 2.500000 120 46 43
1.588889 0.411111 3.888889 191 57 45
1.461111 -0.438889 3.888889 96 144 53
-0.339655 -0.048276 1.206897 54 0 167
0.150000 0.264286 2.500000 0 72 93
-1.075000 1.383333 5.833333 0 11 62
1.505556 0.416667 3.888889 140 100 16
-1.350000 1.266667 5.833333 0 88 52
-1.516667 1.650000 5.833333 107 15 89
1.644138 0.557241 3.862069 132 132 126
0.972222 0.227778 3.888889 90 110 148
-0.248276 -0.055172 1.206897 0 99 33
1.188889 -0.361111 3.888889 101 96 82
1.427778 0.227778 3.888889 147 64 62
-0.277586 0.067241 1.206897 0 21 45
0.414286 -0.107143 2.500000 121 14 0
0.464286 -0.485714 2.500000 126 25 65
0.453571 -0.160714 2.500000 58 0 51
0.167483 -0.409800 2.494432 124 113 79
-0.097436 -0.117949 1.794872 0 81 106
-0.015385 0.174359 1.794872 10 11 50
0.567857 -0.053571 2.500000 86 38 84
1.611111 0.188889 3.888889 140 164 0
-1.033333 1.808333 5.833333 133 134 155
-0.100000 0.130769 1.794872 52 127 15
1.216667 1.216667 5.833333 18 40 80
0.008333 1.375000 5.833333 52 18 46
0.503571 -0.114286 2.500000 87 0 101
1.333333 1.266667 5.833333 11 130 102
-0.187179 -0.335897 1.794872 22 105 62
1.383333 0.866667 5.833333 24 47 14
-0.675000 1.175000 5.833333 20 46 54
-0.322414 0.024138 1.206897 0 50 25
1.155555 -0.661111 3.888889 173 116 11
-1.566667 1.108333 5.833333 25 107 32
1.522222 0.161111 3.888889 231 108 24
0.603571 -0.132143 2.500000 110 147 144
0.051282 -0.128205 1.794872 31 128 6
-0.041026 -0.251282 1.794872 56 42 0
-0.231034 -0.218966 1.206897 54 12 70
0.410714 -0.021429 2.500000 133 52 37
-0.250000 -0.134483 1.206897 31 0 73
0.012821 -0.276923 1.794872 78 57 0
-1.041667 1.683333 5.833333 44 51 38
0.071795 -0.092308 1.794872 14 53 12
-0.094872 0.171795 1.794872 72 120 3
-1.091667 1.766667 5.833333 44 78 62
-0.141026 -0.302564 1.794872 65 54 0
1.166667 0.272222 3.888889 109 164 0
0.076923 0.143590 1.794872 0 62 0
1.433333 -0.627778 3.888889 112 144 51
-0.275862 -0.189655 1.206897 67 54 52
1.594444 0.211111 3.888889 165 17 50
-0.225641 -0.174359 1.794872 18 118 0
-0.015385 -0.228205 1.794872 60 106 34
-0.102564 0.251282 1.794872 108 115 0
-0.325000 1.775000 5.833333 14 0 65
0.450000 0.303571 2.500000 134 7 89
-0.058333 1.191667 5.833333 131 66 70
-1.475000 1.050000 5.833333 0 15 69
-0.305263 0.292105 1.842105 8 81 97
-1.008333 1.783333 5.833333 79 53 12
1.583333 -0.416667 3.888889 190 33 0
0.275000 1.125000 5.833333 45 63 154
-1.791667 1.408333 5.833333 8 31 36
1.000000 0.611111 3.888889 124 62 0
-0.229310 0.105172 1.206897 72 90 57
0.517857 0.021429 2.500000 155 96 0
1.238889 0.150000 3.888889 141 88 0
1.183333 0.277778 3.888889 199 77 2
0.010256 0.171795 1.794872 53 86 62
-0.272414 0.162069 1.206897 25 38 78
-1.783333 1.466667 5.833333 56 61 90
0.383333 1.716667 5.833333 0 58 42
-0.362069 -0.096552 1.206897 56 96 114
1.538889 -0.600000 3.888889 112 111 63
-0.337931 -0.253448 1.206897 65 32 121
-0.306897 -0.268966 1.206897 14 13 79
0.239286 -0.050000 2.500000 126 35 12
-0.300482 -0.074478 1.797753 154 140 98
0.300000 -0.071429 2.500000 124 63 67
0.514286 -0.614286 2.500000 55 71 35
0.102500 -0.267500 1.750000 108 149 154
-0.334483 -0.070690 1.206897 20 33 51
-0.650000 1.325000 5.833333 67 78 99
0.015385 0.228205 1.794872 0 62 62
1.250000 1.725000 5.833333 40 49 114
0.296429 0.157143 2.500000 171 64 76
-0.270690 0.032759 1.206897 43 17 156
0.228571 -0.289286 2.500000 136 47 67
-0.041026 0.012821 1.794872 0 145 20
0.439286 0.089286 2.500000 70 110 34
0.535714 0.364286 2.500000 118 0 82
-0.324138 -0.086207 1.206897 48 40 164
1.177778 -0.650000 3.888889 163 76 0
0.396429 -0.489286 2.500000 134 22 90
0.325000 -0.389286 2.500000 117 31 0
-0.350000 0.020690 1.206897 63 58 167
1.255556 0.600000 3.888889 85 158 36
0.521429 -0.210714 2.500000 102 13 117
-0.286207 0.046552 1.206897 27 65 63
-0.041026 0.117949 1.794872 52 23 0
0.510714 -0.350000 2.500000 95 16 56
-0.185761 0.028039 1.226725 205 94 173
-0.110256 -0.130769 1.794872 19 124 19
0.596429 -0.350000 2.500000 178 122 140
1.233333 0.011111 3.888889 88 26 0
-0.284483 0.091379 1.206897 36 50 84
1.715862 0.634483 3.862069 74 136 157
-0.358621 -0.113793 1.206897 3 5 127
1.427778 0.450000 3.888889 121 236 69
0.007705 -0.377528 1.797753 118 103 104
-0.231034 0.106897 1.206897 57 70 110
1.566667 -0.572222 3.888889 187 73 5
-0.007692 0.035897 1.794872 38 126 54
0.271429 -0.332143 2.500000 107 0 26
0.074359 -0.100000 1.794872 4 92 22
0.571429 -0.375000 2.500000 92 0 60
0.417857 -0.064286 2.500000 98 97 33
-0.186547 -0.229596 1.255605 90 158 152
-0.138462 -0.338462 1.794872 91 78 0
-0.991667 1.641667 5.833333 25 59 63
0.189286 0.410714 2.500000 139 0 79
0.028205 -0.051282 1.794872 37 131 42
0.303571 -0.403571 2.500000 151 0 94
0.973427 -0.285315 3.916084 177 156 175
-0.300000 -0.118966 1.206897 131 91 88
1.333333 -0.061111 3.888889 193 66 9
-0.816667 1.425000 5.833333 32 88 52
0.346429 -0.128571 2.500000 46 20 45
1.177778 -0.655556 3.888889 159 44 22
0.496429 -0.635714 2.500000 186 45 10
1.743158 1.726316 5.894737 107 120 162
-1.225000 1.583333 5.833333 62 89 35
0.033333 1.408333 5.833333 30 21 96
-1.408333 1.791667 5.833333 0 98 109
-0.348276 -0.137931 1.206897 98 101 48
0.164653 0.246980 2.505593 120 142 122
-0.076923 -0.351282 1.794872 75 144 0
-0.379310 0.101724 1.206897 0 97 91
0.091667 1.533333 5.833333 0 10 127
0.214286 0.396429 2.500000 110 50 46
0.983333 0.272222 3.888889 112 121 150
0.116667 1.441667 5.833333 0 42 71
1.175000 1.483333 5.833333 0 59 106
-0.274138 -0.151724 1.206897 0 142 43
-0.237931 -0.225862 1.206897 70 117 172
0.278571 -0.117857 2.500000 127 0 109
0.500000 -0.400000 2.500000 124 55 41
0.296429 -0.589286 2.500000 57 0 8
0.000000 -0.133333 1.794872 42 43 67
0.051282 -0.243590 1.794872 29 34 44
0.390206 -0.357297 1.096964 160 160 136
-0.220690 0.020690 1.206897 136 146 136
-0.017949 -0.243590 1.794872 20 28 0
-0.174359 0.212821 1.794872 77 140 47
1.116667 -0.277778 3.888889 110 110 0
-0.115385 0.171795 1.794872 52 49 67
-0.313793 -0.127586 1.206897 12 83 92
-0.202564 -0.079487 1.794872 0 47 16
0.007692 0.035897 1.794872 0 85 46
0.585714 0.160714 2.500000 71 73 44
1.091667 1.466667 5.833333 19 54 114
0.030769 -0.184615 1.794872 63 102 0
-0.107692 0.294872 1.794872 106 168 109
-0.334483 -0.167241 1.206897 23 115 0
0.496082 -0.607836 1.908007 149 152 123
-0.058974 0.251282 1.794872 30 15 86
-0.250880 -0.145920 1.792000 145 146 122
0.053846 0.302564 1.794872 0 145 34
-0.327586 0.181034 1.206897 32 77 91
0.457143 0.471429 2.500000 68 46 23
-0.227586 0.194828 1.206897 0 7 37
-0.425000 1.191667 5.833333 113 65 76
1.511111 0.388889 3.888889 95 100 18
1.408000 0.656000 3.733333 95 127 123
-0.294828 -0.020690 1.206897 0 10 82
1.000000 -0.361111 3.888889 151 71 21
0.020513 -0.146154 1.794872 39 55 22
-0.616667 1.291667 5.833333 86 33 62
-0.334483 -0.175862 1.206897 41 58 84
-0.925000 1.666667 5.833333 85 22 75
-0.558333 1.166667 5.833333 8 38 67
-0.253448 -0.067241 1.206897 71 29 66
-1.558333 1.366667 5.833333 55 81 14
0.360714 0.103571 2.500000 117 22 68
-1.416667 1.475000 5.833333 45 4 54
-0.374138 -0.131034 1.206897 51 72 128
1.438889 -0.666667 3.888889 106 131 27
-0.277586 -0.098276 1.206897 42 22 90
1.394444 -0.205556 3.888889 62 104 0
0.410714 0.500000 2.500000 76 11 98
-0.381034 0.175862 1.206897 29 77 29
0.975000 1.658333 5.833333 5 74 77
0.025641 -0.192308 1.794872 26 7 58
1.566667 0.516667 3.888889 104 58 28
-0.305172 -0.143103 1.206897 3 69 115
-0.138462 -0.110256 1.794872 18 47 11
-0.050000 1.300000 5.833333 0 66 105
-0.850000 1.116667 5.833333 17 65 77
-0.343103 0.184483 1.206897 0 48 111
-0.293103 -0.262069 1.206897 0 28 94
-0.260345 -0.206897 1.206897 0 102 51
0.285714 0.164286 2.500000 151 46 90
-0.217949 -0.064103 1.794872 0 102 30
0.239286 -0.500000 2.500000 133 3 44
-0.094872 0.051282 1.794872 32 38 75
-0.174359 -0.046154 1.794872 0 87 40
-0.916667 1.441667 5.833333 9 82 70
-0.041026 -0.035897 1.794872 68 137 64
-1.200000 1.533333 5.833333 14 20 48
-0.241379 0.063793 1.206897 0 21 121
0.342857 -0.196429 2.500000 101 63 45
0.357143 0.089286 2.500000 99 26 59
-0.265517 -0.186207 1.206897 49 68 115
-0.212821 -0.323077 1.794872 0 35 41
0.023077 -0.192308 1.794872 91 177 19
1.066667 -0.055556 3.888889 143 76 0
0.637500 -0.995833 2.916667 147 119 87
-0.475000 1.383333 5.833333 6 72 5
0.267857 0.503571 2.500000 30 31 58
0.200000 -0.300000 2.500000 110 30 31
0.988889 0.644444 3.888889 1 17 131
0.541667 1.350000 5.833333 30 0 7
-0.348276 0.027586 1.206897 0 52 154
-0.358621 -0.191379 1.206897 57 36 126
-0.331034 -0.120690 1.206897 25 113 79
1.075000 1.258333 5.833333 51 42 55
0.317857 0.442857 2.500000 176 0 0
-0.269048 0.019048 1.666667 131 134 149
-0.076923 -0.053846 1.794872 49 58 62
1.233333 0.566667 3.888889 128 37 0
-1.125000 1.666667 5.833333 21 72 0
0.228571 0.396429 2.500000 143 37 56
-0.298276 0.205172 1.206897 71 61 154
0.582143 0.171429 2.500000 125 8 88
1.077778 0.311111 3.888889 160 73 0
1.111111 0.444444 3.888889 100 106 35
-0.130769 -0.158974 1.794872 32 90 62
-0.107692 0.023077 1.794872 68 8 73
1.250000 1.691667 5.833333 0 20 163
0.446429 -0.007143 2.500000 100 0 192
-0.355172 -0.156897 1.206897 35 68 136
-0.958333 1.041667 5.833333 20 0 75
0.389286 -0.464286 2.500000 68 8 62
-0.115385 0.202564 1.794872 25 85 36
1.600000 -0.133333 3.888889 176 50 0
0.457143 0.232143 2.500000 113 0 33
-0.547150 1.807254 5.803109 91 139 146
1.055555 0.194444 3.888889 126 121 0
0.694872 -0.487179 1.794872 106 129 157
0.058974 -0.258974 1.794872 42 110 83
-0.220690 -0.177586 1.206897 172 140 64
0.525000 -0.017857 2.500000 120 82 36
-0.261538 0.194872 1.794872 0 0 96
1.191667 1.816667 5.833333 156 147 134
-0.327586 -0.018966 1.206897 86 73 134
0.056410 -0.184615 1.794872 0 70 32
0.076923 -0.348718 1.794872 3 68 0
1.461111 0.650000 3.888889 120 97 0
-1.708333 1.441667 5.833333 123 0 57
1.083333 -0.072222 3.888889 136 86 0
0.421429 -0.535714 2.500000 134 27 76
-0.033333 1.358333 5.833333 0 83 67
0.553571 -0.446429 2.500000 161 24 94
1.266667 1.533333 5.833333 47 81 65
-0.120513 0.112821 1.794872 27 152 14
-0.308333 1.425000 5.833333 16 0 102
1.433333 0.400000 3.888889 151 144 58
-0.333333 1.191667 5.833333 0 61 93
0.178571 -0.642857 2.500000 96 163 91
-0.375000 1.016667 5.833333 2 59 88
-0.228205 0.156410 1.794872 33 121 0
0.908333 1.216667 5.833333 7 0 52
-0.125000 1.725000 5.833333 42 0 148
-0.023077 0.102564 1.794872 53 88 40
-0.251724 -0.098276 1.206897 86 99 94
0.432143 -0.596429 2.500000 114 20 76
-1.475000 1.316667 5.833333 18 30 80
0.535714 -0.267857 2.500000 136 0 0
-0.313793 0.143103 1.206897 34 59 87
-0.800000 1.725000 5.833333 51 101 122
-1.325000 1.050000 5.833333 69 58 52
0.345556 -0.255556 0.777778 145 77 150
1.044444 -0.011111 3.888889 185 72 30
0.239286 0.246429 2.500000 134 33 74
-1.425000 1.691667 5.833333 77 8 46
0.310714 0.196429 2.500000 89 0 52
7.379104 1.050746 16.716417 111 155 140
0.069231 0.002564 1.794872 47 105 0
0.258333 1.600000 5.833333 50 29 52
-0.053846 -0.041026 1.794872 49 83 0
-0.069231 -0.135897 1.794872 30 93 0
1.188889 0.622222 3.888889 156 40 26
1.011111 -0.322222 3.888889 96 116 65
0.000000 1.716667 5.833333 0 97 86
0.553571 -0.089286 2.500000 156 0 155
0.500000 -0.539286 2.500000 68 0 79
0.228571 -0.092857 2.500000 84 43 70
1.553846 1.546154 5.384615 156 145 138
-0.306237 -0.289032 1.204301 33 60 102
0.339286 0.289286 2.500000 87 0 22
0.314286 -0.378571 2.500000 83 18 24
-0.030769 0.117949 1.794872 18 103 4
-0.583333 1.050000 5.833333 24 72 29
-1.283333 1.166667 5.833333 44 56 96
0.196429 0.071429 2.500000 113 17 40
3.328000 2.956800 8.960000 145 144 154
-0.265517 -0.165517 1.206897 42 151 152
0.007692 -0.153846 1.794872 45 159 24
0.011765 -1.182353 4.117647 125 99 135
-0.450000 1.008333 5.833333 0 15 60
-0.268421 0.015789 1.842105 161 150 123
0.185714 0.225000 2.500000 136 0 11
-1.633333 1.766667 5.833333 24 13 174
-0.329310 -0.134483 1.206897 0 38 104
0.000000 -0.292308 1.794872 23 105 23
0.956250 0.634375 2.187500 129 156 112
0.350000 -0.385714 2.500000 124 0 63
0.094720 -0.199680 1.792000 76 102 124
1.522222 -0.361111 3.888889 184 112 23
1.277778 0.211111 3.888889 183 80 1
1.161111 0.377778 3.888889 175 100 0
-0.046154 0.282051 1.794872 65 69 6
0.082051 0.094872 1.794872 154 80 171
-0.312069 0.179310 1.206897 20 0 87
-0.351724 -0.148276 1.206897 10 18 80
0.167053 0.319258 2.598608 82 83 105
-1.906011 2.028415 6.120219 110 161 135
0.389286 -0.396429 2.500000 135 67 74
-0.225862 -0.225862 1.206897 38 38 63
-0.325862 -0.079310 1.206897 72 0 81
-0.281034 0.160345 1.206897 9 56 97
-0.189744 -0.366667 1.794872 87 118 70
-0.272414 -0.206897 1.206897 33 57 81
1.150000 0.161111 3.888889 176 66 27
0.446429 -0.678571 2.500000 120 0 44
-0.041026 0.200000 1.794872 77 96 57
1.505556 -0.188889 3.888889 130 86 0
-0.202564 -0.210256 1.794872 0 113 27
-0.215215 -0.218743 1.234840 113 117 84
0.408333 1.508333 5.833333 89 75 50
-0.291379 0.115517 1.206897 84 88 119
1.538246 -0.696140 3.929825 67 132 154
0.023077 0.289744 1.794872 6 66 33
-0.153846 0.043590 1.794872 0 89 62
-0.733333 1.108333 5.833333 34 78 66
0.441667 1.441667 5.833333 0 27 75
-0.038462 0.194872 1.794872 44 45 100
0.550000 1.391667 5.833333 65 37 83
0.000000 0.064103 1.794872 1 52 47
0.188864 0.349220 2.494432 134 54 93
-0.199377 0.383801 1.163032 146 131 121
-0.566667 1.741667 5.833333 57 57 83
-1.633333 1.008333 5.833333 0 12 80
0.005128 0.028205 1.794872 0 177 9
-1.408333 1.083333 5.833333 29 36 84
-0.200000 0.125641 1.794872 85 84 9
-0.038462 -0.353846 1.794872 117 25 37
0.005128 -0.112821 1.794872 50 91 39
-0.566667 1.300000 5.833333 1 68 105
-0.883333 1.816667 5.833333 147 159 93
0.307143 0.446429 2.500000 89 42 43
0.041026 -0.056410 1.794872 62 123 105
0.328571 0.075000 2.500000 103 0 156
-0.291379 -0.213793 1.206897 98 0 74
1.000000 -0.394444 3.888889 118 189 28
-0.143590 -0.312821 1.794872 56 139 32
-1.517098 1.774093 5.803109 62 28 117
-1.583333 1.383333 5.833333 19 14 34
-0.097436 0.210256 1.794872 49 82 59
-0.391667 1.083333 5.833333 69 33 101
0.005128 -0.038462 1.794872 41 109 97
-0.191254 0.524781 1.632653 125 135 112
1.238889 -0.033333 3.888889 98 94 7
0.375000 0.185714 2.500000 121 7 62
0.500000 -0.189286 2.500000 158 57 122
0.466667 1.675000 5.833333 0 78 139
0.008333 1.591667 5.833333 0 81 68
-0.279310 0.036207 1.206897 123 83 142
0.489286 -0.478571 2.500000 116 0 109
-0.200000 -0.120513 1.794872 0 148 0
0.266667 1.150000 5.833333 59 0 54
0.232143 -0.282143 2.500000 83 3 69
-0.217241 -0.246552 1.206897 156 121 190
-0.222414 -0.043103 1.206897 0 43 58
-0.128205 -0.015385 1.794872 39 141 42
0.592857 -0.307143 2.500000 138 104 125
3.150000 -0.780000 7.000000 139 75 139
0.625000 1.333333 5.833333 71 10 27
-0.256897 -0.203448 1.206897 23 49 46
-0.225862 -0.081034 1.206897 71 33 135
-0.089744 -0.300000 1.794872 37 62 0
-0.200000 -0.600000 2.058824 126 148 147
-0.331034 0.070690 1.206897 72 153 158
1.055555 0.383333 3.888889 243 71 13
0.542857 -0.414286 2.500000 110 0 48
0.532143 -0.525000 2.500000 148 101 0
0.346429 -0.042857 2.500000 55 28 49
-0.223077 -0.089744 1.794872 24 71 86
-0.007692 -0.233333 1.794872 3 41 0
1.622222 0.005556 3.888889 119 92 5
0.467857 0.078571 2.500000 80 0 81
1.500000 1.050000 5.833333 24 28 80
1.441667 1.091667 5.833333 28 54 54
-0.303448 0.075862 1.206897 94 44 78
-0.141026 0.189744 1.794872 98 83 59
-0.374138 0.098276 1.206897 110 61 74
-0.350000 0.170690 1.206897 34 124 157
0.002564 -0.228205 1.794872 18 140 0
0.694872 -0.489744 1.794872 151 118 158
1.161111 -0.661111 3.888889 123 122 26
0.600000 0.171429 2.500000 150 145 172
-0.058333 1.133333 5.833333 51 48 105
0.342857 -0.546429 2.500000 147 67 46
-0.293103 0.151724 1.206897 0 27 50
-0.130769 -0.007692 1.794872 57 53 48
1.291667 1.625000 5.833333 0 73 48
0.196429 -0.042857 2.500000 112 34 110
1.491667 1.158333 5.833333 28 4 140
1.455556 -0.183333 3.888889 119 62 39
1.211111 -0.005556 3.888889 176 72 9
0.228571 -0.557143 2.500000 50 47 12
1.246205 0.691749 3.696370 123 114 78
1.133333 1.266667 5.833333 0 14 106
0.214286 -0.057143 2.500000 117 9 129
1.241667 1.791667 5.833333 0 0 90
-1.825000 1.266667 5.833333 11 32 114
0.500000 1.266667 5.833333 0 17 71
0.979931 0.094118 3.875432 118 138 133
1.116667 0.016667 3.888889 164 109 43
-1.366667 1.650000 5.833333 57 37 135
-0.217241 -0.234483 1.206897 123 95 75
-0.107692 -0.038462 1.794872 0 170 81
1.544444 -0.533333 3.888889 124 76 0
0.317857 -0.064286 2.500000 198 81 17
-0.233333 0.233333 1.794872 36 59 25
0.553571 -0.157143 2.500000 146 76 79
0.691667 1.483333 5.833333 53 48 74
-1.066667 0.683333 5.833333 29 86 121
-0.238462 0.192308 1.794872 33 144 0
-0.007692 0.253846 1.794872 44 96 18
-0.368966 -0.248276 1.206897 68 27 122
-0.310345 -0.224138 1.206897 53 53 98
1.105556 0.200000 3.888889 168 81 27
-0.151282 -0.015385 1.794872 79 138 0
1.494444 -0.588889 3.888889 130 15 11
1.183333 -0.438889 3.888889 183 52 0
-0.228205 0.248718 1.794872 36 73 2
0.046154 -0.171795 1.794872 114 105 51
-0.300000 -0.086207 1.206897 49 32 153
0.466779 -0.623272 1.888702 111 151 152
1.622222 0.572222 3.888889 96 63 0
-0.560714 -0.846429 2.500000 145 121 134
1.350000 1.766667 5.833333 13 89 79
1.627778 -0.077778 3.888889 173 84 27
-1.566839 1.807254 5.803109 122 132 162
-0.169231 -0.294872 1.794872 0 96 8
0.278571 -0.664286 2.500000 139 37 50
0.467857 -0.157143 2.500000 103 33 96
0.192857 -0.603571 2.500000 139 43 0
-0.043590 -0.323077 1.794872 0 61 42
-0.274138 -0.262069 1.206897 0 47 53
0.023077 0.158974 1.794872 104 73 0
0.023529 -0.467647 2.058824 92 126 87
-0.313793 -0.027586 1.206897 0 55 100
0.392857 -0.067857 2.500000 211 55 84
-0.334483 -0.082759 1.206897 0 0 92
-0.244828 0.055172 1.206897 4 88 53
-0.130769 -0.028205 1.794872 119 87 19
-0.262069 -0.268966 1.206897 0 39 83
0.185714 0.064286 2.500000 45 0 148
1.505556 -0.655556 3.888889 143 128 0
0.225000 0.157143 2.500000 124 35 30
1.483333 -0.316667 3.888889 158 77 99
1.377778 -0.394444 3.888889 83 26 0
0.079487 -0.205128 1.794872 15 59 18
0.257143 0.014286 2.500000 125 18 69
-0.375862 -0.165517 1.206897 36 104 56
0.017949 -0.346154 1.794872 51 65 0
0.916667 1.325000 5.833333 65 35 81
1.244444 -0.111111 3.888889 111 82 20
-0.064103 -0.248718 1.794872 76 120 24
0.185714 -0.632143 2.500000 76 0 0
-1.025000 1.475000 5.833333 0 93 33
1.475000 1.191667 5.833333 0 57 14
1.138889 -0.622222 3.888889 193 83 12
-0.176923 -0.074359 1.794872 62 138 80
-0.308621 -0.244828 1.206897 44 42 80
-0.375000 1.725000 5.833333 12 48 95
1.566667 -0.350000 3.888889 166 158 108
1.627778 0.005556 3.888889 98 16 10
-0.313793 -0.144828 1.206897 35 37 90
0.741667 1.450000 5.833333 15 24 71
0.000000 -0.374359 1.794872 113 174 82
0.410714 -0.125000 2.500000 92 19 107
0.542857 -0.635714 2.500000 175 17 74
0.966667 0.144444 3.888889 144 117 144
-0.025641 0.023077 1.794872 53 73 18
-0.166667 -0.082051 1.794872 99 93 63
0.175000 -0.357143 2.500000 171 145 149
-0.327586 0.037931 1.206897 9 80 95
1.505556 -0.527778 3.888889 208 154 0
-0.151282 0.243590 1.794872 93 157 85
0.310714 -0.146429 2.500000 47 44 118
-0.341379 -0.034483 1.206897 127 0 160
-0.053846 -0.202564 1.794872 23 128 27
-0.235897 -0.189744 1.794872 57 78 66
1.500000 -0.344444 3.888889 167 151 44
0.041026 -0.117949 1.794872 0 133 0
0.979931 0.542561 3.875432 2 44 97
0.378571 -0.378571 2.500000 71 13 94
-0.225000 1.616667 5.833333 10 90 54
0.182143 -0.353571 2.500000 47 3 31
0.058974 0.241026 1.794872 33 83 46
1.059958 0.164361 2.348008 118 137 104
1.116667 1.558333 5.833333 33 76 130
0.232124 1.798964 5.803109 133 117 103
-1.333333 1.775000 5.833333 0 137 132
-0.101911 -0.369427 1.783440 136 108 133
0.200000 1.525000 5.833333 40 0 121
0.630052 1.185492 5.803109 0 90 126
1.305555 0.311111 3.888889 118 63 0
-1.375000 1.533333 5.833333 0 87 88
1.516667 1.125000 5.833333 28 82 67
-0.325000 1.275000 5.833333 2 97 88
0.400000 0.107143 2.500000 114 0 145
0.457143 -0.021429 2.500000 77 72 97
-0.303448 -0.170690 1.206897 98 32 68
-0.092308 0.097436 1.794872 14 116 0
1.627491 0.560825 3.848797 141 128 115
0.051282 0.241026 1.794872 58 146 80
0.082051 -0.143590 1.794872 101 128 127
1.261111 -0.177778 3.888889 104 90 0
0.064103 0.071795 1.794872 4 88 0
0.339286 0.103571 2.500000 118 13 35
-0.010256 -0.076923 1.794872 88 93 0
1.309571 0.660066 3.696370 167 128 185
-0.375862 -0.044828 1.206897 69 26 75
-0.365517 0.198276 1.206897 3 82 129
0.092308 -0.358974 1.794872 112 134 175
1.583333 -0.550000 3.888889 147 47 54
-0.220690 0.151724 1.206897 37 89 135
1.627778 -0.527778 3.888889 135 44 64
1.283333 1.733333 5.833333 78 77 83
-0.287931 0.113793 1.206897 17 72 91
0.395670 0.223814 0.932556 110 105 167
0.041667 1.258333 5.833333 62 42 49
0.056410 0.112821 1.794872 0 122 0
0.464286 -0.592857 2.500000 101 0 84
-0.071795 0.223077 1.794872 23 38 47
0.571429 -0.460714 2.500000 144 42 0
0.142857 0.307143 2.500000 30 23 0
-0.262069 -0.281034 1.206897 0 94 103
1.022222 -0.600000 3.888889 145 107 17
1.361111 0.266667 3.888889 70 141 0
-0.287931 0.015517 1.206897 106 78 106
-0.213808 0.053452 1.247216 108 134 111
0.339286 -0.321429 2.500000 53 56 0
1.558333 1.550000 5.833333 47 15 119
0.841754 0.771608 2.338205 101 131 148
0.332143 -0.071429 2.500000 152 0 77
-0.363793 -0.182759 1.206897 22 54 76
-0.279310 -0.153448 1.206897 24 0 97
-0.289655 -0.201724 1.206897 45 44 114
0.182143 0.189286 2.500000 47 0 33
-0.115385 0.153846 1.794872 0 85 49
1.272222 0.650000 3.888889 175 66 0
1.555556 -0.233333 3.888889 179 122 69
0.058974 -0.010256 1.794872 19 23 0
-1.425000 1.700000 5.833333 12 14 30
0.082051 -0.087179 1.794872 157 108 137
-0.466667 1.783333 5.833333 0 35 97
-0.048718 -0.315385 1.794872 77 40 11
0.116629 -0.377221 1.275626 118 92 119
-0.248276 -0.222414 1.206897 73 69 118
1.222222 0.444444 3.888889 98 87 45
-1.458333 1.100000 5.833333 0 96 124
-0.046154 0.243590 1.794872 86 110 0
-0.184615 0.202564 1.794872 11 125 0
-0.356897 0.005172 1.206897 8 105 83
-0.375862 -0.068966 1.206897 78 22 103
-1.766667 1.191667 5.833333 25 70 81
1.377778 0.061111 3.888889 100 120 16
1.175000 1.541667 5.833333 91 59 31
-0.217949 0.015385 1.794872 9 137 13
0.446429 0.417857 2.500000 145 105 24
-0.458333 1.583333 5.833333 2 39 114
0.246429 -0.032143 2.500000 130 9 105
0.253571 -0.200000 2.500000 101 54 38
0.425000 -0.132143 2.500000 75 15 47
0.482143 0.142857 2.500000 69 67 55
-0.260345 -0.156897 1.206897 30 74 106
1.394444 0.477778 3.888889 92 62 15
0.169536 0.077704 2.472406 114 92 139
0.278571 -0.125000 2.500000 57 2 58
5.123404 -0.748936 11.914893 117 143 144
1.733333 -0.996078 5.490196 141 82 104
1.183333 0.372222 3.888889 155 87 0
-0.048718 0.261538 1.794872 92 111 0
1.005556 -0.600000 3.888889 135 152 0
1.661111 0.005556 3.888889 141 109 81
1.155555 0.577778 3.888889 107 57 46
0.303571 -0.528571 2.500000 154 0 38
1.491667 -1.183333 5.833333 105 120 89
-0.069231 -0.138462 1.794872 0 124 73
1.194444 0.427778 3.888889 138 8 63
0.515702 0.495868 1.542700 100 127 108
0.048718 0.102564 1.794872 0 53 117
0.357143 -0.425000 2.500000 162 16 35
0.425000 1.658333 5.833333 7 39 115
0.482143 -0.410714 2.500000 109 107 39
1.127778 -0.522222 3.888889 207 102 22
-0.225641 0.166667 1.794872 0 114 33
-0.125641 0.271795 1.794872 33 76 0
1.288889 -0.055556 3.888889 88 112 64
-0.343103 0.079310 1.206897 102 2 132
0.207143 -0.282143 2.500000 160 66 45
-0.146154 -0.028205 1.794872 70 82 0
0.457143 0.089286 2.500000 106 0 85
-0.930000 1.135000 3.500000 94 188 110
-0.189744 0.220513 1.794872 62 66 72
-0.092308 0.164103 1.794872 24 72 34
-0.267241 -0.122414 1.206897 0 3 160
-0.028205 0.248718 1.794872 0 95 0
0.328571 -0.242857 2.500000 131 0 9
1.338889 0.150000 3.888889 147 114 89
0.208333 1.700000 5.833333 79 74 50
-0.274138 -0.074138 1.206897 72 97 126
-1.450000 1.100000 5.833333 0 28 0
0.446447 -0.612825 1.941074 143 88 133
-0.220452 -0.032723 1.205597 119 140 120
1.427778 0.383333 3.888889 81 101 73
-0.483333 1.275000 5.833333 41 63 50
1.583333 1.550000 5.833333 36 48 106
0.961111 0.266667 3.888889 61 115 162
-0.183333 1.416667 5.833333 35 60 119
-0.348276 -0.210345 1.206897 43 54 101
-0.256897 -0.141379 1.206897 31 80 123
-1.358333 1.150000 5.833333 39 42 128
-0.800000 1.033333 5.833333 25 30 105
1.583333 -0.511111 3.888889 132 107 21
-0.253448 -0.134483 1.206897 107 104 77
-0.066667 1.641667 5.833333 82 103 35
-1.466667 1.033333 5.833333 33 49 98
-0.433333 1.050000 5.833333 0 167 86
-0.224138 -0.162069 1.206897 43 11 141
-0.343103 0.074138 1.206897 49 72 145
0.235714 0.046429 2.500000 125 8 87
0.089034 0.235679 1.833061 43 59 117
0.542857 -0.246429 2.500000 172 3 57
-0.296552 -0.105172 1.206897 47 49 101
-0.238462 -0.015385 1.794872 61 81 27
0.171047 0.377728 2.494432 0 22 11
0.035897 0.292308 1.794872 83 40 18
1.291667 1.558333 5.833333 15 33 119
-0.017949 0.207692 1.794872 56 79 42
0.173672 0.229099 2.586605 114 89 105
0.182143 0.217857 2.500000 151 0 48
-1.666667 1.533333 5.833333 0 90 36
1.555000 -0.355000 3.500000 148 185 147
1.494444 -0.350000 3.888889 149 153 60
-0.334483 -0.289655 1.206897 7 60 55
-0.256897 -0.260345 1.206897 50 60 132
0.093053 -0.258481 1.809370 117 109 130
0.525000 1.508333 5.833333 23 14 7
-0.391667 1.341667 5.833333 18 71 148
-0.097436 -0.041026 1.794872 89 58 0
-0.313793 -0.143103 1.206897 19 70 130
1.155555 0.166667 3.888889 68 60 0
0.210714 0.117857 2.500000 45 0 47
-0.089744 0.066667 1.794872 37 113 77
-0.231034 -0.179310 1.206897 9 61 129
0.407143 0.107143 2.500000 165 50 62
0.074359 -0.307692 1.794872 40 71 41
1.345607 1.198326 4.686193 102 131 133
0.257143 -0.250000 2.500000 133 50 42
-0.783333 1.175000 5.833333 52 38 104
-0.253448 -0.058621 1.206897 125 0 112
0.038462 0.064103 1.794872 66 35 57
0.192857 0.253571 2.500000 112 7 40
1.555556 -0.461111 3.888889 105 49 80
1.350000 0.538889 3.888889 169 75 0
-0.310345 -0.200000 1.206897 9 65 82
-0.272414 0.187931 1.206897 4 53 89
0.414286 -0.539286 2.500000 164 35 83
-0.141667 1.458333 5.833333 26 26 79
0.525000 -0.257143 2.500000 86 30 75
0.808333 1.283333 5.833333 66 75 31
-0.205128 0.123077 1.794872 0 119 2
1.316667 0.594444 3.888889 145 81 0
0.246429 -0.357143 2.500000 136 96 54
-0.375862 -0.072414 1.206897 0 44 24
-0.266227 0.060626 1.845140 147 151 174
-0.100000 0.248718 1.794872 26 132 0
0.267857 -0.017857 2.500000 44 0 117
-0.239655 -0.127586 1.206897 106 109 92
0.335714 0.185714 2.500000 121 5 21
1.533333 0.200000 3.888889 149 73 0
0.166667 1.758333 5.833333 41 69 149
0.475000 -0.625000 2.500000 142 0 104
-0.243103 -0.062069 1.206897 0 82 0
-0.271499 0.013180 1.845140 104 104 131
-0.015385 -0.261538 1.794872 0 137 37
0.056410 0.071795 1.794872 86 110 54
-0.248276 -0.277586 1.206897 91 0 47
0.833333 1.600000 5.833333 29 29 91
0.414286 -0.571429 2.500000 160 81 87
-0.289655 -0.270690 1.206897 79 12 92
-0.933333 1.791667 5.833333 7 0 23
1.377778 0.322222 3.888889 101 43 0
-0.151282 0.102564 1.794872 0 49 37
1.133333 1.483333 5.833333 54 92 65
0.564286 -0.346429 2.500000 102 24 104
-0.218966 -0.141379 1.206897 108 161 123
-1.856995 1.641451 5.803109 37 36 80
0.478655 -0.605042 1.882353 122 159 135
0.346429 -0.517857 2.500000 97 22 100
0.600000 1.416667 5.833333 108 47 132
0.056410 0.294872 1.794872 41 103 59
-0.207692 -0.025641 1.794872 48 29 56
-0.227586 -0.220690 1.206897 50 75 106
0.196429 0.453571 2.500000 131 63 98
0.560714 -0.575000 2.500000 124 28 71
-1.533679 1.774093 5.803109 0 43 100
-0.248718 -0.351282 1.794872 67 164 81
-0.176923 0.251282 1.794872 170 120 57
-0.391667 1.716667 5.833333 43 48 81
0.375000 -0.235714 2.500000 145 0 51
-0.182359 -0.023786 1.110010 153 151 113
0.071795 -0.156410 1.794872 37 56 0
0.450000 -0.010714 2.500000 161 23 36
0.453571 -0.192857 2.500000 79 9 18
0.467857 -0.335714 2.500000 100 6 93
0.008333 1.341667 5.833333 0 64 59
-0.307692 -0.082051 1.794872 77 94 80
0.347314 -0.182487 0.824135 137 155 143
0.936842 -0.994737 3.684211 96 109 110
0.048718 0.010256 1.794872 56 52 137
0.317857 0.064286 2.500000 110 37 109
-0.182051 0.187179 1.794872 0 47 40
1.383333 0.172222 3.888889 126 89 0
0.528571 0.282143 2.500000 77 47 114
-0.046154 -0.361538 1.794872 153 129 66
0.550000 -0.396429 2.500000 105 16 0
-0.206897 -0.143103 1.206897 135 128 88
0.408333 1.341667 5.833333 7 112 58
1.350865 0.669896 3.875432 121 104 115
-0.310972 -0.120376 1.755486 153 124 132
-0.251724 -0.063793 1.206897 4 72 61
0.181132 -0.287449 0.918786 108 112 160
0.514286 -0.682143 2.500000 116 32 85
-0.317241 0.132759 1.206897 0 65 89
0.575000 0.321429 2.500000 122 0 68
0.015385 0.205128 1.794872 49 150 30
-0.250000 -0.144828 1.206897 27 82 141
-0.094872 -0.012821 1.794872 45 50 11
0.328571 -0.389286 2.500000 86 0 7
0.479053 -0.405207 1.325444 136 106 109
0.046154 0.289744 1.794872 5 72 75
1.583333 0.422222 3.888889 144 99 90
0.171689 -0.021918 2.557078 184 146 117
-0.030769 -0.071795 1.794872 49 134 112
1.216667 0.338889 3.888889 157 44 4
0.942466 -0.509589 3.835616 137 132 128
0.307143 -0.103571 2.500000 84 43 69
-0.231034 -0.106897 1.206897 33 29 125
-0.825000 1.691667 5.833333 47 101 52
0.228571 0.142857 2.500000 91 0 43
-0.365517 0.141379 1.206897 94 28 133
1.277778 -0.450000 3.888889 237 172 61
-0.058974 -0.315385 1.794872 98 89 1
0.800000 -0.692473 3.010753 131 159 155
-0.141026 -0.241026 1.794872 12 122 0
0.446429 -0.053571 2.500000 129 72 39
-0.228205 0.079487 1.794872 62 58 44
1.300000 -0.227778 3.888889 142 117 0
0.214286 0.446429 2.500000 55 83 74
-0.825000 1.175000 5.833333 0 0 13
-0.353448 0.048276 1.206897 78 93 136
1.533333 -0.433333 3.888889 141 157 0
0.196429 0.460714 2.500000 60 0 102
-0.287931 0.036207 1.206897 19 64 79
-1.683333 1.408333 5.833333 0 106 43
-0.300000 0.041379 1.206897 49 65 132
0.104918 -0.140686 1.669150 144 173 119
0.139597 0.297092 2.505593 1 90 63
0.182445 -0.286136 0.918786 103 41 133
0.242857 0.375000 2.500000 85 0 88
-0.151282 -0.287179 1.794872 0 20 28
0.713043 -1.008696 3.043478 146 139 125
0.289286 0.317857 2.500000 108 3 57
-0.250000 0.151724 1.206897 0 39 22
0.260714 0.428571 2.500000 27 0 92
-0.262319 -0.328986 1.014493 111 145 148
1.266667 0.516667 3.888889 209 65 0
-0.284483 -0.244828 1.206897 77 149 85
0.883333 1.741667 5.833333 0 102 53
0.478571 0.285714 2.500000 64 11 73
0.708333 1.300000 5.833333 43 7 88
-0.365517 0.098276 1.206897 45 8 108
-0.331034 0.146552 1.206897 0 103 131
0.264286 -0.428571 2.500000 130 9 63
0.575000 0.257143 2.500000 139 19 78
1.611111 -0.050000 3.888889 138 88 11
0.096970 0.040404 1.885522 124 136 127
1.494444 -0.594444 3.888889 144 137 0
1.558333 1.091667 5.833333 0 20 27
-0.141667 1.150000 5.833333 0 76 67
-1.800000 1.158333 5.833333 0 85 57
0.253571 -0.410714 2.500000 0 100 58
-0.189744 0.166667 1.794872 57 127 9
-0.933333 1.483333 5.833333 31 0 73
-0.229310 -0.091379 1.206897 40 47 108
0.587973 0.352784 2.494432 65 0 57
1.155555 -0.394444 3.888889 145 75 59
-0.082051 -0.076923 1.794872 80 154 47
1.111111 0.550000 3.888889 221 105 0
-0.105128 0.030769 1.794872 43 180 0
-0.318966 -0.163793 1.206897 15 46 68
-0.225619 0.204952 1.205597 18 64 103
-0.241026 -0.156410 1.794872 32 6 76
-0.268966 0.150000 1.206897 55 73 106
0.410714 -0.089286 2.500000 76 113 63
0.578571 0.110714 2.500000 72 10 81
0.134151 -0.287935 2.290389 133 128 148
-0.368966 0.086207 1.206897 112 33 100
0.564286 0.025000 2.500000 166 57 104
1.561111 0.622222 3.888889 173 176 22
-0.725000 1.241667 5.833333 46 98 17
1.258333 1.541667 5.833333 53 59 109
0.200000 0.496429 2.500000 140 65 55
-0.025641 0.123077 1.794872 11 108 78
-1.525000 1.641667 5.833333 39 90 84
1.383333 0.433333 3.888889 183 131 0
-0.384483 0.060345 1.206897 54 90 113
-1.566667 1.291667 5.833333 8 103 120
1.200000 -0.211111 3.888889 90 62 34
1.550000 0.655556 3.888889 111 103 23
-0.225000 1.408333 5.833333 0 19 113
0.609048 0.554134 1.747270 111 130 156
-0.600000 1.125000 5.833333 42 5 99
1.626316 -0.442105 3.684211 110 94 127
-0.161538 -0.212821 1.794872 26 114 116
0.310714 -0.182143 2.500000 139 25 30
0.335714 -0.014286 2.500000 241 0 13
-1.316667 1.658333 5.833333 55 71 67
0.332143 0.203571 2.500000 79 0 75
-0.650000 1.566667 5.833333 26 76 90
-0.381034 -0.044828 1.206897 84 39 150
1.361111 -0.150000 3.888889 159 56 14
0.007692 0.051282 1.794872 47 100 42
-0.381034 -0.253448 1.206897 0 25 133
0.396429 -0.378571 2.500000 71 106 47
-0.130769 -0.017949 1.794872 36 89 90
1.305555 0.627778 3.888889 149 86 0
-0.296552 -0.232759 1.206897 0 38 74
-0.108333 1.758333 5.833333 81 93 151
0.186319 -0.285342 0.912052 141 111 135
0.307143 -0.307143 2.500000 159 36 68
-0.069231 -0.125641 1.794872 16 117 19
0.210714 -0.317857 2.500000 92 41 27
0.033333 -0.353846 1.794872 44 82 32
-0.223077 -0.343590 1.794872 14 112 35
0.364286 -0.464286 2.500000 163 73 62
2.395531 -1.635754 6.256983 129 115 136
-0.169231 0.174359 1.794872 29 78 80
-0.332759 0.105172 1.206897 13 36 61
-0.100000 1.566667 5.833333 0 54 20
-0.548571 2.048000 6.400000 125 113 134
-1.633333 1.608333 5.833333 20 27 109
0.242857 -0.385714 2.500000 142 2 92
-0.317241 -0.105172 1.206897 0 48 80
1.088889 -0.466667 3.888889 173 86 47
0.414286 -0.632143 2.500000 87 75 48
1.184615 0.815385 2.692308 162 182 102
0.061538 -0.312821 1.794872 29 51 62
-0.317241 0.094828 1.206897 60 3 136
0.521429 0.314286 2.500000 122 92 66
0.428571 -0.157143 2.500000 134 87 56
0.110433 -0.136116 1.797753 129 114 143
1.366667 -0.666667 3.888889 120 137 0
0.175000 1.133333 5.833333 48 93 70
0.335714 0.496429 2.500000 141 1 90
1.055555 0.594444 3.888889 160 86 59
0.289286 -0.592857 2.500000 48 48 114
-0.381034 -0.136207 1.206897 0 74 145
0.491667 1.366667 5.833333 4 70 74
0.043520 -0.371200 1.792000 132 138 134
1.383333 -0.372222 3.888889 44 90 0
0.994444 -0.450000 3.888889 164 37 13
-1.658333 1.233333 5.833333 15 82 90
-0.344828 0.146552 1.206897 0 47 91
-0.074359 -0.074359 1.794872 7 103 50
1.325000 1.316667 5.833333 60 102 161
0.300000 -0.217857 2.500000 117 45 25
-0.344828 -0.263793 1.206897 0 102 79
1.238889 0.005556 3.888889 68 43 50
0.203704 0.418519 1.296296 128 29 164
0.414286 -0.378571 2.500000 173 89 42
0.033333 1.700000 5.833333 13 55 139
0.375000 0.025000 2.500000 132 50 0
0.275000 0.089286 2.500000 108 30 87
-1.308333 1.641667 5.833333 42 74 43
-0.339655 0.174138 1.206897 10 77 124
-0.233333 -0.364103 1.794872 0 88 58
-1.300000 1.166667 5.833333 0 79 82
-0.061538 -0.100000 1.794872 50 123 20
0.366667 1.208333 5.833333 35 82 61
-0.180303 -0.307576 1.060606 165 140 148
-0.076923 0.264103 1.794872 132 92 45
-0.251282 -0.356410 1.794872 184 93 166
-0.351724 -0.137931 1.206897 20 53 86
-0.353448 0.012069 1.206897 86 0 101
1.538889 -0.283333 3.888889 73 51 154
-0.227586 0.101724 1.206897 14 109 37
0.357143 -0.342857 2.500000 99 14 42
0.375000 -0.296429 2.500000 71 0 78
0.535714 -0.275000 2.500000 122 50 51
-0.268421 -0.052632 1.842105 94 104 113
4.706796 -1.366990 10.873786 140 152 141
-0.341379 -0.174138 1.206897 4 97 131
0.600000 0.050000 2.500000 147 165 112
1.483333 0.405556 3.888889 134 85 57
-1.016667 1.383333 5.833333 0 64 70
1.141667 1.641667 5.833333 32 80 73
0.091503 0.039216 1.830065 149 108 152
-0.374138 -0.072414 1.206897 0 57 103
0.850000 1.316667 5.833333 0 76 98
1.016667 0.372222 3.888889 177 50 0
3.787500 0.362500 8.750000 128 142 141
0.035897 -0.274359 1.794872 6 105 79
1.241667 1.625000 5.833333 0 86 93
0.053846 -0.087179 1.794872 0 45 73
0.168233 -0.039374 2.505593 79 131 90
0.403571 -0.387500 1.250000 100 148 124
0.333333 1.583333 5.833333 19 97 72
0.421429 0.478571 2.500000 154 54 73
0.271429 0.007143 2.500000 103 12 79
-0.209892 -0.129032 1.204301 151 130 144
1.050000 -0.366667 3.888889 88 110 38
1.176923 0.826923 2.692308 121 133 111
-0.275862 -0.125862 1.206897 0 35 134
-0.296552 0.082759 1.206897 66 59 93
0.189286 0.075000 2.500000 100 69 93
-0.441667 1.158333 5.833333 3 114 141
-0.241379 -0.115517 1.206897 26 72 113
-0.783333 1.733333 5.833333 3 55 91
0.271429 0.235714 2.500000 64 25 102
1.505556 0.233333 3.888889 154 58 4
0.196429 -0.092857 2.500000 122 0 62
-0.108333 1.366667 5.833333 58 0 180
0.317857 -0.275000 2.500000 166 19 44
1.022222 0.661111 3.888889 107 64 10
-0.094872 -0.002564 1.794872 130 132 11
-0.641667 1.450000 5.833333 0 90 78
-0.033333 -0.246154 1.794872 0 86 84
0.464286 -0.542857 2.500000 158 34 97
1.538889 0.150000 3.888889 150 77 69
-0.277586 -0.108621 1.206897 21 0 75
-0.991667 1.666667 5.833333 47 47 110
-0.130769 -0.143590 1.794872 2 102 5
-0.450000 1.783333 5.833333 63 78 91
1.266667 1.325000 5.833333 81 69 133
-0.239655 -0.231034 1.206897 70 53 89
0.248501 0.507902 1.525886 173 123 149
0.396429 -0.400000 2.500000 74 79 0
0.489286 0.264286 2.500000 139 67 7
1.411111 0.105556 3.888889 220 93 44
1.361111 -0.427778 3.888889 118 48 61
-0.775000 1.683333 5.833333 43 20 131
0.007692 0.079487 1.794872 25 65 0
-0.318966 -0.013793 1.206897 53 130 115
1.088889 0.361111 3.888889 159 64 69
-0.002564 -0.176923 1.794872 26 105 15
1.183333 0.505556 3.888889 137 59 0
0.339286 0.410714 2.500000 72 0 112
0.214286 -0.592857 2.500000 116 22 93
0.300000 -0.021429 2.500000 118 4 27
-0.353448 0.001724 1.206897 37 116 131
0.015385 0.123077 1.794872 47 28 100
1.400000 0.577778 3.888889 173 110 0
1.920000 1.408000 6.400000 113 138 138
-0.007692 0.048718 1.794872 0 93 20
0.225000 0.271429 2.500000 130 0 42
-0.374138 -0.103448 1.206897 41 9 58
0.025641 -0.010256 1.794872 0 97 15
0.125000 1.741667 5.833333 0 94 18
1.105556 -0.272222 3.888889 102 97 7
0.708333 1.650000 5.833333 34 78 86
-0.107692 -0.112821 1.794872 22 111 0
0.353571 0.285714 2.500000 130 11 54
0.528571 -0.217857 2.500000 98 29 138
1.083333 -0.444444 3.888889 102 56 0
1.505556 -0.616667 3.888889 134 95 35
0.182143 -0.360714 2.500000 35 98 92
1.316667 0.122222 3.888889 100 134 75
-0.255172 -0.050000 1.206897 0 79 126
0.185714 -0.410714 2.500000 78 49 43
0.608333 1.641667 5.833333 4 28 72
-0.377586 -0.162069 1.206897 125 74 66
-0.017949 -0.310256 1.794872 71 55 120
-0.202564 -0.346154 1.794872 7 52 35
-0.225641 -0.056410 1.794872 9 27 25
0.441667 1.241667 5.833333 58 42 134
-0.158974 0.302564 1.794872 111 78 27
-0.234483 -0.162069 1.206897 72 53 135
-0.218730 0.084392 1.205597 155 152 151
-0.300000 0.084483 1.206897 23 0 61
1.400000 0.627778 3.888889 169 121 0
-0.275862 0.022414 1.206897 101 52 164
-0.076923 -0.341026 1.794872 87 55 45
-0.287931 -0.193103 1.206897 0 25 57
5.725301 -1.831325 13.493976 136 108 149
-0.260345 -0.196552 1.206897 0 65 9
0.178571 0.157143 2.500000 136 111 124
-1.241667 1.050000 5.833333 0 57 109
-1.258333 1.650000 5.833333 0 80 95
0.425000 0.396429 2.500000 99 29 65
1.483333 -0.672222 3.888889 138 164 135
-0.110256 -0.364103 1.794872 95 115 115
-0.241667 1.550000 5.833333 40 41 31
3.254795 -0.832877 7.671233 135 172 127
1.172222 0.300000 3.888889 185 100 24
0.271429 -0.125000 2.500000 161 0 85
-0.112821 -0.038462 1.794872 71 90 13
-1.150000 1.241667 5.833333 0 36 44
-0.348276 -0.265517 1.206897 9 63 89
-1.475000 1.691667 5.833333 76 92 148
0.425000 0.025000 2.500000 97 0 56
0.005128 -0.056410 1.794872 36 65 17
0.542857 -0.282143 2.500000 80 72 20
-0.355172 -0.032759 1.206897 0 61 136
0.035897 0.128205 1.794872 47 140 82
0.097859 0.036697 1.712538 132 160 179
0.278571 -0.314286 2.500000 54 0 87
0.557143 0.042857 2.500000 73 14 143
1.150000 0.550000 3.888889 82 8 19
-0.391667 1.400000 5.833333 72 99 97
0.058974 0.282051 1.794872 17 74 11
0.061538 -0.105128 1.794872 24 123 0
1.125000 1.358333 5.833333 13 41 97
-0.386207 -0.041379 1.206897 1 73 106
0.467857 -0.110714 2.500000 128 58 53
0.325000 -0.650000 2.500000 71 87 84
-0.337931 0.020690 1.206897 82 29 105
0.192857 -0.282143 2.500000 166 0 69
-0.130769 -0.046154 1.794872 30 87 46
1.450000 -0.294444 3.888889 225 113 29
-0.202564 0.233333 1.794872 0 56 33
-0.171795 0.292308 1.794872 0 105 65
-0.312069 -0.177586 1.206897 0 116 83
-0.274138 0.134483 1.206897 21 59 143
0.225000 -0.017857 2.500000 78 69 107
1.561111 -0.522222 3.888889 100 48 0
-0.533333 1.183333 5.833333 0 83 40
0.285714 0.064286 2.500000 114 7 46
-0.164103 0.087179 1.794872 22 90 42
-0.279310 -0.024138 1.206897 0 27 62
1.355556 0.066667 3.888889 137 103 0
-0.331034 -0.075862 1.206897 24 56 113
0.575000 0.214286 2.500000 39 38 81
-0.184615 -0.184615 1.794872 96 127 26
1.427778 -0.327778 3.888889 154 43 71
0.076923 0.287179 1.794872 61 101 5
0.069231 0.020513 1.794872 0 85 60
0.460714 -0.025000 2.500000 92 94 39
-0.350000 1.583333 5.833333 11 88 2
-0.294828 -0.013793 1.206897 93 62 147
1.333333 0.111111 3.888889 156 25 32
0.950000 1.466667 5.833333 0 107 80
-0.270690 -0.229310 1.206897 57 34 49
0.246429 0.496429 2.500000 72 96 54
-1.075000 1.316667 5.833333 0 39 53
0.500000 -0.253571 2.500000 111 38 90
0.033333 -0.210256 1.794872 86 36 6
0.560714 0.096429 2.500000 90 10 55
0.250000 -0.421429 2.500000 154 90 86
0.525000 0.314286 2.500000 105 65 69
0.346429 -0.214286 2.500000 172 10 53
0.589286 0.285714 2.500000 98 43 50
-0.341379 -0.103448 1.206897 29 44 120
0.260714 -0.410714 2.500000 156 0 62
-0.525000 1.475000 5.833333 73 52 151
1.088889 -0.061111 3.888889 108 24 0
0.079487 0.061538 1.794872 0 19 17
0.371429 0.371429 2.500000 85 84 75
0.278571 0.435714 2.500000 50 22 43
0.342857 0.217857 2.500000 126 89 46
0.503571 0.292857 2.500000 150 18 14
-1.141667 1.025000 5.833333 72 28 44
0.328571 0.182143 2.500000 135 29 78
-1.425000 1.016667 5.833333 32 105 93
1.483333 0.444444 3.888889 81 76 0
-0.243103 -0.208621 1.206897 111 76 87
0.337879 -0.333333 1.060606 142 145 121
0.453571 -0.603571 2.500000 98 64 49
0.600000 -0.071429 2.500000 108 173 140
1.025000 1.441667 5.833333 60 113 106
0.033333 -0.130769 1.794872 0 43 0
0.585714 -0.635714 2.500000 116 35 118
-0.298276 -0.063793 1.206897 75 44 127
-0.238462 -0.033333 1.794872 99 79 0
0.450000 0.114286 2.500000 120 69 72
1.425000 1.033333 5.833333 0 95 68
2.600000 -2.714286 10.000000 99 141 166
1.033333 -0.200000 3.888889 156 69 27
-1.691667 1.825000 5.833333 132 150 142
0.317857 -0.575000 2.500000 144 68 41
-0.583333 1.108333 5.833333 26 19 90
0.389286 -0.428571 2.500000 141 29 30
-0.143590 -0.148718 1.794872 13 120 48
-0.217949 -0.220513 1.794872 124 106 33
-0.225000 1.550000 5.833333 29 0 71
-0.270690 -0.093103 1.206897 57 97 161
0.983333 -0.061111 3.888889 109 113 140
-0.084615 0.297436 1.794872 125 68 28
-0.100000 -0.292308 1.794872 28 153 35
1.433333 1.275000 5.833333 28 35 131
-1.283333 1.225000 5.833333 8 74 137
-0.991667 1.075000 5.833333 0 0 140
0.400000 1.358333 5.833333 10 60 134
1.233333 -0.455556 3.888889 152 62 6
-1.325000 1.191667 5.833333 19 73 69
0.364286 -0.503571 2.500000 140 11 17
0.079487 -0.266667 1.794872 0 60 33
1.477778 -0.494444 3.888889 155 46 24
0.425000 0.275000 2.500000 48 39 8
-0.891667 1.058333 5.833333 26 31 96
0.210714 0.035714 2.500000 88 9 91
-0.220513 0.125641 1.794872 23 84 25
0.503571 -0.592857 2.500000 20 0 173
0.457143 -0.596429 2.500000 124 92 103
0.633333 1.575000 5.833333 39 46 38
-0.308621 0.165517 1.206897 12 122 123
-1.733333 1.358333 5.833333 58 48 71
0.325000 -0.367857 2.500000 159 21 118
0.553571 0.050000 2.500000 111 75 104
1.327778 0.005556 3.888889 136 0 39
0.453571 0.253571 2.500000 125 50 51
1.561111 0.200000 3.888889 94 108 46
-0.061538 -0.023077 1.794872 29 70 72
0.553571 -0.592857 2.500000 110 63 72
0.171429 -0.217857 2.500000 104 123 97
-0.248718 0.184615 1.794872 0 44 99
1.116667 -0.033333 3.888889 177 128 37
-0.256897 0.089655 1.206897 74 38 65
-0.322414 -0.258621 1.206897 17 36 115
1.500000 -0.577778 3.888889 132 85 0
0.275000 -0.503571 2.500000 122 22 79
0.015385 0.264103 1.794872 76 123 75
1.255556 -0.055556 3.888889 38 106 43
-0.233333 1.450000 5.833333 33 85 95
0.007692 0.058974 1.794872 88 69 0
-0.243103 0.118966 1.206897 51 82 89
1.138889 -0.194444 3.888889 86 86 0
0.983746 -0.271378 3.957597 127 121 113
0.585714 0.000000 2.500000 86 19 57
0.267857 0.064286 2.500000 124 17 100
0.389286 0.489286 2.500000 111 0 50
-0.289655 -0.113793 1.206897 80 119 160
0.285714 0.292857 2.500000 85 48 81
0.900000 1.425000 5.833333 17 59 129
0.239286 -0.007143 2.500000 202 36 22
1.466667 0.272222 3.888889 175 166 0
-0.169231 -0.215385 1.794872 70 0 0
-1.366667 1.633333 5.833333 0 74 36
1.022222 -0.094444 3.888889 115 66 0
-0.048718 0.015385 1.794872 51 19 0
-1.141667 1.775000 5.833333 0 42 136
0.432143 -0.250000 2.500000 88 0 35
-0.012821 -0.223077 1.794872 4 80 52
0.506897 -0.327586 1.206897 153 128 145
1.138889 0.055556 3.888889 134 81 17
1.433333 -0.300000 3.888889 105 81 32
-0.298276 -0.260345 1.206897 1 50 80
-0.182051 0.007692 1.794872 20 49 59
0.314286 -0.100000 2.500000 203 0 56
-0.758333 1.291667 5.833333 11 148 43
-0.327586 -0.150000 1.206897 34 60 78
-0.250000 0.029310 1.206897 0 2 103
-0.274138 -0.150000 1.206897 46 65 69
-0.117949 -0.343590 1.794872 17 0 53
-0.033333 -0.030769 1.794872 31 151 84
1.283333 -0.622222 3.888889 158 52 26
0.007692 0.046154 1.794872 0 77 55
-0.332759 -0.001724 1.206897 98 56 55
0.467857 -0.142857 2.500000 93 0 53
-0.251724 -0.244828 1.206897 33 48 153
1.455556 -0.311111 3.888889 188 129 9
0.346429 -0.646429 2.500000 119 31 19
0.225000 -0.260714 2.500000 168 7 51
-0.043590 0.158974 1.794872 82 54 44
-0.289343 -0.289343 1.205597 0 53 114
0.939130 0.673913 3.043478 136 154 132
0.883333 1.325000 5.833333 0 57 63
1.183333 0.033333 3.888889 123 43 0
-0.174359 -0.184615 1.794872 16 109 45
-1.233333 1.316667 5.833333 0 42 47
0.571429 0.003571 2.500000 135 56 94
1.466667 -0.477778 3.888889 134 21 52
0.917647 0.364706 2.058824 116 127 152
-0.233333 -0.130769 1.794872 44 80 18
-0.741667 1.491667 5.833333 0 4 114
1.222222 0.322222 3.888889 86 122 0
-0.061538 0.105128 1.794872 0 102 3
-0.320690 -0.181034 1.206897 0 79 113
-1.766667 1.333333 5.833333 0 72 112
-0.292662 -0.406572 1.226725 97 128 82
-0.015385 0.153846 1.794872 28 103 15
-0.275862 0.132759 1.206897 38 60 137
0.035897 -0.246154 1.794872 0 94 76
-1.491667 1.241667 5.833333 0 60 106
-0.272414 -0.022414 1.206897 56 87 29
-1.358333 1.775000 5.833333 0 48 67
1.538889 -0.422222 3.888889 199 36 0
1.388889 0.600000 3.888889 61 84 34
1.038889 0.105556 3.888889 96 143 42
0.020513 -0.002564 1.794872 61 44 3
0.429730 -0.616216 1.891892 123 127 150
1.366667 0.627778 3.888889 186 146 0
-0.176923 -0.041026 1.794872 67 69 45
-0.327586 -0.287931 1.206897 44 73 144
0.007692 -0.353846 1.794872 41 153 39
-0.242213 0.200291 1.630277 0 46 86
-0.291379 0.077586 1.206897 73 82 96
-0.265517 -0.124138 1.206897 0 21 73
0.175000 1.758333 5.833333 6 95 97
0.148492 -0.319258 2.598608 150 106 143
-0.133333 1.741667 5.833333 24 30 87
-1.633333 1.275000 5.833333 26 107 24
-0.210256 -0.102564 1.794872 138 111 38
0.307143 0.128571 2.500000 113 50 37
-0.339655 -0.065517 1.206897 73 53 103
0.100000 1.291667 5.833333 83 23 115
-0.243103 0.010345 1.206897 83 92 92
1.411111 0.238889 3.888889 212 9 0
0.766667 1.550000 5.833333 0 36 62
0.185714 -0.150000 2.500000 139 4 67
0.033333 -0.371795 1.794872 131 109 118
0.271429 -0.092857 2.500000 103 50 52
-1.258333 1.366667 5.833333 8 38 141
0.246429 -0.142857 2.500000 117 0 55
-0.151282 -0.097436 1.794872 21 60 7
-0.223077 -0.028205 1.794872 138 41 0
0.071795 0.133333 1.794872 92 63 26
-0.348276 0.158621 1.206897 16 89 174
-0.020513 -0.112821 1.794872 50 65 39
0.048718 -0.105128 1.794872 3 175 34
0.407143 -0.335714 2.500000 155 95 46
1.558333 1.408333 5.833333 54 44 41
-0.324138 0.067241 1.206897 0 127 58
-0.231034 0.141379 1.206897 19 164 55
1.316667 1.408333 5.833333 0 17 109
-1.450000 1.116667 5.833333 0 17 73
-1.658333 1.358333 5.833333 0 36 100
0.225000 -0.267857 2.500000 125 71 113
1.200000 -0.277778 3.888889 169 80 0
0.192428 -0.687751 2.494432 108 106 160
0.550000 -0.342857 2.500000 150 74 74
-0.306897 -0.082759 1.206897 0 50 60
0.310714 -0.103571 2.500000 58 24 102
-0.223077 -0.166667 1.794872 35 128 85
-0.232759 0.041379 1.206897 72 74 101
0.441667 1.625000 5.833333 2 37 54
0.151300 0.223168 2.647754 140 132 137
-0.233333 -0.084615 1.794872 30 62 65
0.271429 -0.139286 2.500000 121 54 77
1.200000 0.450000 3.888889 168 48 93
0.442857 0.378571 2.500000 144 87 14
-0.375862 0.084483 1.206897 79 115 138
-0.056410 0.184615 1.794872 45 70 34
0.375000 0.014286 2.500000 152 21 101
-1.291667 1.191667 5.833333 71 75 60
1.306574 0.664360 3.875432 95 99 133
-0.023077 0.112821 1.794872 94 22 65
1.550000 -0.527778 3.888889 181 65 0
-0.274138 0.032759 1.206897 62 171 150
1.444444 0.550000 3.888889 86 70 31
0.983333 1.441667 5.833333 0 0 102
-0.251724 -0.208621 1.206897 49 85 37
0.525000 0.507143 2.500000 151 35 20
0.389286 0.178571 2.500000 110 51 63
0.200000 0.475000 2.500000 67 32 14
1.483333 1.408333 5.833333 0 34 121
1.488889 0.611111 3.888889 113 78 74
0.155408 -0.399117 2.472406 160 149 151
-0.491667 1.366667 5.833333 40 75 113
0.403571 0.117857 2.500000 155 10 33
-0.020513 -0.017949 1.794872 0 82 18
1.414286 -0.966667 3.333333 123 117 140
-0.010256 0.033333 1.794872 20 83 33
-0.296552 -0.200000 1.206897 0 44 88
-1.050000 1.716667 5.833333 63 110 139
0.510714 -0.107143 2.500000 143 18 90
-0.368966 -0.108621 1.206897 0 107 164
-0.246552 -0.210345 1.206897 101 109 139
1.100000 -0.188889 3.888889 147 68 79
0.378571 -0.439286 2.500000 162 24 84
-1.083333 1.183333 5.833333 0 54 66
3.300000 -1.211111 7.777778 102 112 124
-0.030769 -0.164103 1.794872 57 48 99
-0.315517 0.182759 1.206897 22 60 72
1.575000 1.375000 5.833333 36 96 26
0.575000 0.089286 2.500000 99 61 57
0.396429 -0.342857 2.500000 91 107 71
0.983333 -0.566667 3.888889 142 119 233
0.260714 -0.010714 2.500000 84 37 9
-0.169231 0.276923 1.794872 31 112 19
-0.370690 -0.050000 1.206897 17 76 85
1.066667 -0.011111 3.888889 129 92 74
1.447368 0.647368 3.684211 145 89 166
0.510714 0.071429 2.500000 139 3 94
-0.169231 -0.012821 1.794872 50 47 35
1.411111 0.388889 3.888889 202 102 54
0.492857 0.214286 2.500000 157 9 57
0.367857 -0.053571 2.500000 119 0 55
-0.084615 -0.148718 1.794872 88 103 0
0.542857 -0.375000 2.500000 58 2 32
0.385714 0.028571 2.500000 99 52 31
0.325000 -0.296429 2.500000 109 0 21
-1.200000 1.808333 5.833333 80 119 130
0.087601 -0.283414 1.803543 126 117 160
-0.161538 -0.153846 1.794872 68 146 81
0.517857 0.503571 2.500000 55 23 44
0.125000 1.666667 5.833333 19 78 80
0.572021 1.798964 5.803109 69 128 120
0.028205 -0.064103 1.794872 14 146 28
-0.305172 -0.231034 1.206897 45 35 203
0.641492 -0.242424 2.610723 126 107 132
-0.416667 1.383333 5.833333 65 60 152
-1.050000 1.058333 5.833333 0 0 32
0.392857 -0.064286 2.500000 98 9 122
-0.237931 0.015517 1.206897 71 87 175
1.616667 -0.555556 3.888889 147 92 24
-0.299042 -0.176358 1.789137 122 123 130
1.427778 -0.066667 3.888889 74 119 119
0.020513 -0.184615 1.794872 62 29 0
0.192857 -0.117857 2.500000 191 34 122
-1.108333 1.466667 5.833333 8 58 112
0.571429 -0.171429 2.500000 152 37 90
1.211111 0.522222 3.888889 14 81 90
-0.287931 -0.243103 1.206897 39 52 171
-0.386207 0.010345 1.206897 34 51 114
-0.076923 -0.330769 1.794872 58 93 28
-0.158974 0.138462 1.794872 70 83 0
1.177778 -0.583333 3.888889 233 106 32
0.221429 0.057143 2.500000 96 8 45
-0.123077 0.243590 1.794872 99 95 0
1.583333 0.188889 3.888889 135 108 35
-0.228205 0.056410 1.794872 23 96 82
-0.071795 0.010256 1.794872 61 89 0
1.366667 -0.277778 3.888889 180 142 65
0.346429 -0.182143 2.500000 82 123 105
-0.189744 0.030769 1.794872 0 84 125
-0.033333 -0.110256 1.794872 96 35 52
0.577178 -0.353374 1.374233 142 136 126
0.392857 0.110714 2.500000 86 27 38
-0.234483 0.050000 1.206897 53 112 56
-0.010256 -0.307692 1.794872 26 130 11
-0.315517 -0.129310 1.206897 4 43 78
-0.164103 -0.197436 1.794872 92 101 14
-1.241667 1.650000 5.833333 0 62 0
0.217857 -0.650000 2.500000 121 3 106
-0.265517 0.139655 1.206897 12 60 131
1.625263 1.835789 5.894737 155 115 119
1.261111 0.305556 3.888889 193 81 64
1.316667 -0.227778 3.888889 199 92 0
-0.558333 1.291667 5.833333 70 33 46
0.008333 1.450000 5.833333 22 81 115
1.544444 -0.450000 3.888889 121 102 76
-0.716667 1.333333 5.833333 3 86 66
0.557143 -0.575000 2.500000 172 0 65
-0.061538 0.066667 1.794872 69 70 0
0.550000 -0.585714 2.500000 175 12 81
1.125000 1.666667 5.833333 15 87 89
-0.066667 0.156410 1.794872 0 113 0
1.122222 -0.205556 3.888889 112 66 0
0.517857 -0.092857 2.500000 107 0 77
-1.566667 1.583333 5.833333 0 14 63
1.205556 0.522222 3.888889 214 95 8
-1.633333 1.266667 5.833333 22 15 132
-0.334483 0.053448 1.206897 0 18 128
-0.346552 -0.272414 1.206897 14 102 79
-0.158974 0.074359 1.794872 86 68 44
-0.148718 0.205128 1.794872 46 87 29
1.472222 -0.288889 3.888889 176 118 34
0.232143 0.414286 2.500000 76 21 59
1.450000 0.488889 3.888889 127 77 21
-0.541667 1.241667 5.833333 42 98 35
1.308333 1.666667 5.833333 32 25 83
1.327778 -0.305556 3.888889 165 85 0
0.564286 0.503571 2.500000 57 89 31
-0.272414 -0.089655 1.206897 22 20 142
-0.253448 0.131034 1.206897 81 83 119
-0.002564 0.228205 1.794872 62 58 51
1.611111 -0.533333 3.888889 123 119 53
-1.525000 1.450000 5.833333 0 0 45
-0.229310 -0.277586 1.206897 28 71 64
-0.260345 -0.227586 1.206897 14 82 128
0.308333 1.791667 5.833333 14 0 93
-0.246154 0.171795 1.794872 119 45 41
-0.192308 -0.002564 1.794872 106 131 63
0.074359 -0.341026 1.794872 55 78 94
-0.633333 1.666667 5.833333 3 92 97
-0.041026 -0.289744 1.794872 38 116 22
1.425000 0.733333 5.833333 34 87 68
-0.341379 -0.268966 1.206897 44 55 15
-1.741667 1.183333 5.833333 0 54 164
0.185714 0.157143 2.500000 49 3 63
-0.079487 -0.074359 1.794872 24 0 26
6.240000 -4.160000 14.000000 106 86 139
1.244444 0.472222 3.888889 189 135 18
0.675000 1.508333 5.833333 25 34 61
0.228571 0.439286 2.500000 150 0 138
-0.210256 -0.264103 1.794872 94 55 19
0.850000 1.266667 5.833333 66 117 89
1.145000 1.115000 3.500000 137 127 115
-0.161538 0.156410 1.794872 41 0 91
-0.431088 1.798964 5.803109 108 132 121
-0.229310 0.139655 1.206897 0 42 72
0.043590 0.069231 1.794872 74 77 50
0.496429 -0.428571 2.500000 186 16 38
-0.272414 -0.193103 1.206897 64 0 64
0.900971 -0.994175 3.624595 113 108 96
0.608333 1.850000 5.833333 148 132 135
-0.218966 -0.070690 1.206897 132 115 107
0.496429 0.153571 2.500000 2 0 83
-0.331034 0.037931 1.206897 33 19 116
-0.274138 0.125862 1.206897 57 60 62
0.203571 -0.075000 2.500000 149 46 15
1.566667 0.222222 3.888889 182 108 0
-0.164103 0.012821 1.794872 12 50 0
-1.141667 1.141667 5.833333 3 11 47
1.308333 1.550000 5.833333 0 14 85
-0.284483 -0.258621 1.206897 49 29 146
4.257143 -0.842857 10.000000 151 113 125
0.235714 0.310714 2.500000 50 44 87
0.332143 -0.160714 2.500000 85 39 60
-0.386207 -0.243103 1.206897 57 110 103
-0.234483 -0.250000 1.206897 45 85 70
-0.305172 -0.079310 1.206897 31 136 117
0.308333 1.733333 5.833333 0 67 109
0.100000 1.275000 5.833333 6 0 125
0.339286 0.157143 2.500000 77 0 19
0.816667 1.300000 5.833333 0 41 100
-0.100000 1.225000 5.833333 77 59 119
1.400000 1.241667 5.833333 69 68 60
-0.150000 1.391667 5.833333 24 1 66
2.690909 -2.385454 10.181818 111 129 117
0.325000 1.800000 5.833333 114 85 156
-0.355172 -0.148276 1.206897 17 84 6
0.382143 0.275000 2.500000 117 25 51
1.511111 -0.300000 3.888889 201 155 4
1.344444 0.188889 3.888889 105 76 0
0.385714 0.157143 2.500000 136 51 14
0.403571 -0.510714 2.500000 112 0 132
-0.194618 -0.046502 1.205597 165 146 139
-0.179487 0.028205 1.794872 0 51 0
1.322222 -0.433333 3.888889 190 105 12
0.058974 -0.315385 1.794872 109 100 30
1.477778 -0.194444 3.888889 157 124 30
0.015385 -0.197436 1.794872 13 111 32
-0.260645 -0.190968 1.806452 117 147 127
-1.391667 1.275000 5.833333 18 60 78
0.400000 -0.542857 2.500000 105 73 96
-0.153846 -0.056410 1.794872 72 144 0
0.239286 0.210714 2.500000 137 16 153
0.116088 -0.339853 1.177708 141 119 122
1.633684 1.440000 5.894737 170 146 133
-0.541667 1.475000 5.833333 19 0 51
-0.233333 -0.235897 1.794872 72 123 0
-0.362069 -0.217241 1.206897 8 90 77
1.261111 0.005556 3.888889 127 31 0
1.572222 -0.111111 3.888889 62 51 0
0.400000 -0.064286 2.500000 140 29 39
0.975000 1.425000 5.833333 0 85 45
0.407143 -0.553571 2.500000 66 71 60
-0.153846 0.102564 1.794872 24 61 0
0.496429 0.085714 2.500000 76 7 110
1.516667 0.055556 3.888889 47 129 25
0.310714 -0.682143 2.500000 161 99 0
-0.002564 0.056410 1.794872 7 54 32
-0.248276 -0.151724 1.206897 14 88 141
0.064103 0.261538 1.794872 46 77 0
-0.115385 0.192308 1.794872 90 0 0
1.416667 1.458333 5.833333 86 63 80
0.325000 -0.560714 2.500000 143 61 72
-0.270690 0.015517 1.206897 1 61 86
1.000000 -0.072222 3.888889 164 41 60
-0.390625 -0.212500 2.187500 126 161 116
1.141667 1.541667 5.833333 47 74 60
0.289286 -0.325000 2.500000 44 94 60
0.645455 2.172727 6.363636 127 84 119
-0.166667 1.591667 5.833333 33 11 138
-0.281034 0.086207 1.206897 63 85 90
0.246429 -0.246429 2.500000 109 5 120
-0.368966 0.098276 1.206897 46 26 38
1.375000 1.191667 5.833333 0 84 25
-0.367241 -0.248276 1.206897 18 1 69
-0.253846 -0.210256 1.794872 109 139 146
-1.250000 1.666667 5.833333 39 0 83
-0.341667 1.033333 5.833333 41 0 33
-0.303448 0.091379 1.206897 0 94 94
-0.197436 0.058974 1.794872 39 84 112
-0.151282 -0.115385 1.794872 7 118 62
0.079487 -0.161538 1.794872 138 139 0
-0.425000 1.058333 5.833333 37 23 99
0.116129 0.238710 2.258065 0 3 122
1.166667 1.508333 5.833333 51 39 82
1.622222 0.038889 3.888889 123 40 0
-0.125000 1.500000 5.833333 0 88 39
-0.222160 -0.260309 0.785414 121 117 86
0.010256 0.120513 1.794872 61 135 14
1.605556 -0.044444 3.888889 190 112 11
-0.360345 0.072414 1.206897 0 48 38
0.816667 1.458333 5.833333 17 52 45
0.038462 0.164103 1.794872 25 121 0
-0.317241 -0.175862 1.206897 22 78 157
1.288889 -0.572222 3.888889 109 108 6
-0.372414 0.184483 1.206897 33 128 163
0.041026 0.202564 1.794872 10 108 0
1.494444 -0.005556 3.888889 72 151 0
1.002076 0.575779 3.875432 105 110 110
0.528571 0.078571 2.500000 147 0 148
0.069231 -0.017949 1.794872 0 170 0
-0.135897 -0.128205 1.794872 36 147 0
0.278571 -0.407143 2.500000 115 17 71
-0.217241 -0.098276 1.206897 154 109 107
0.675000 1.700000 5.833333 0 19 61
-0.379310 -0.208621 1.206897 0 91 135
0.189286 0.439286 2.500000 82 0 55
0.056410 -0.187179 1.794872 9 27 97
-1.241667 1.158333 5.833333 0 0 109
-0.274214 0.090566 1.761006 113 117 146
0.550000 0.385714 2.500000 86 5 161
0.900000 1.725000 5.833333 0 74 125
-0.239655 0.022414 1.206897 98 11 105
0.560714 -0.428571 2.500000 95 39 110
0.307143 -0.428571 2.500000 104 0 0
1.261111 -0.205556 3.888889 206 36 9
0.783333 1.741667 5.833333 68 52 85
-0.262069 -0.241379 1.206897 53 42 90
0.535714 -0.485714 2.500000 162 0 50
0.200000 1.125000 5.833333 81 76 96
1.422222 -0.027778 3.888889 137 19 0
1.583333 0.294444 3.888889 215 43 28
1.566782 -0.669896 3.875432 128 100 167
-0.370690 0.032759 1.206897 112 68 117
-1.791667 1.033333 5.833333 24 0 105
0.079487 -0.248718 1.794872 67 80 11
0.485714 -0.217857 2.500000 121 0 38
1.361111 -0.072222 3.888889 139 105 13
0.516667 1.650000 5.833333 0 0 105
0.500000 -0.646429 2.500000 78 2 102
-0.138462 0.266667 1.794872 0 156 81
-0.287931 -0.008621 1.206897 0 66 81
-0.350000 0.082759 1.206897 41 86 159
0.217857 0.471429 2.500000 147 92 53
-0.379310 -0.062069 1.206897 0 50 79
1.200000 0.344444 3.888889 131 89 0
-0.051282 0.151282 1.794872 119 121 0
0.417857 0.332143 2.500000 45 11 48
-0.384483 -0.020690 1.206897 67 128 155
0.992908 0.243972 3.971631 133 138 152
0.489286 -0.321429 2.500000 64 78 25
0.163193 -0.571175 2.483370 148 121 162
0.407143 -0.560714 2.500000 108 0 137
-0.041667 1.325000 5.833333 39 100 108
0.442857 0.078571 2.500000 105 45 13
-0.025000 1.766667 5.833333 0 81 9
-0.322414 -0.205172 1.206897 0 27 47
1.400692 0.675433 3.875432 174 103 119
0.335714 -0.407143 2.500000 86 130 59
-0.075000 1.075000 5.833333 113 86 8
-1.091667 1.425000 5.833333 0 91 22
-0.082051 -0.033333 1.794872 19 137 0
-0.161538 0.146154 1.794872 8 113 0
0.492857 -0.585714 2.500000 106 71 77
-0.182051 0.305128 1.794872 0 115 29
-0.337931 -0.170690 1.206897 0 54 160
-1.391667 1.158333 5.833333 55 31 170
-0.250000 -0.129310 1.206897 30 32 215
0.816667 1.400000 5.833333 94 108 95
-0.169231 -0.169231 1.794872 83 74 39
1.161111 -0.505556 3.888889 123 73 0
1.050000 0.033333 3.888889 58 96 0
-0.202564 -0.374359 1.794872 109 115 140
-0.255172 -0.043103 1.206897 58 142 0
0.566667 1.525000 5.833333 35 100 40
-0.322414 -0.237931 1.206897 0 81 95
-0.230769 -0.233333 1.794872 33 112 68
0.364286 -0.246429 2.500000 109 0 114
0.158333 1.625000 5.833333 6 4 35
0.310714 -0.078571 2.500000 86 0 77
1.017647 -1.370588 4.117647 122 170 161
0.332143 -0.625000 2.500000 109 2 53
0.439286 0.335714 2.500000 141 58 82
0.275000 -0.592857 2.500000 141 48 87
1.183333 -0.127778 3.888889 135 92 2
-0.184615 0.087179 1.794872 0 126 66
0.967698 0.203436 3.848797 127 79 159
-0.294828 -0.253448 1.206897 5 24 92
1.072222 -0.311111 3.888889 182 38 36
1.588927 -0.680969 3.875432 176 142 91
-0.293103 0.193103 1.206897 15 92 31
0.257143 -0.253571 2.500000 80 57 134
-0.175000 1.275000 5.833333 32 48 35
-0.066667 -0.087179 1.794872 0 146 0
-0.087179 -0.338462 1.794872 19 115 89
-0.254254 0.226003 1.797753 9 49 0
-0.329310 -0.175862 1.206897 44 41 74
1.283333 0.294444 3.888889 239 0 9
-0.386207 -0.275862 1.206897 0 110 126
1.005556 -0.311111 3.888889 113 74 89
0.325000 -0.039286 2.500000 155 99 28
-0.025641 0.151282 1.794872 0 172 7
-0.208621 -0.137931 1.206897 110 98 135
0.053846 -0.202564 1.794872 0 39 29
1.061111 -0.405556 3.888889 134 127 22
1.411111 -0.216667 3.888889 143 103 52
-0.250880 0.089600 1.792000 151 143 122
-0.092308 -0.046154 1.794872 26 36 4
-1.450000 1.591667 5.833333 0 82 44
-0.218966 -0.201724 1.206897 154 133 118
0.467857 0.407143 2.500000 61 0 62
-0.051282 0.041026 1.794872 91 126 48
-0.339655 0.068966 1.206897 20 83 42
0.185714 -0.117857 2.500000 193 0 44
-0.377586 0.020690 1.206897 1 14 54
-0.225641 0.205128 1.794872 53 7 28
0.266485 -0.252345 0.761387 59 107 137
0.296429 -0.289286 2.500000 70 11 67
-0.368966 0.093103 1.206897 25 113 82
0.525000 0.057143 2.500000 168 61 112
-0.260345 -0.108621 1.206897 0 5 105
-1.383333 1.183333 5.833333 9 11 65
0.235714 -0.632143 2.500000 43 6 5
0.069231 -0.066667 1.794872 104 90 52
0.517857 -0.585714 2.500000 89 37 20
-0.683333 1.091667 5.833333 0 22 4
-0.386207 0.072414 1.206897 0 99 132
0.360714 0.346429 2.500000 135 14 69
0.235995 0.502300 1.515562 120 143 133
1.322222 0.055556 3.888889 176 92 0
-0.071795 0.148718 1.794872 52 157 9
-0.143590 -0.010256 1.794872 89 168 53
-0.508333 1.450000 5.833333 102 23 77
1.544444 -0.633333 3.888889 37 55 0
0.007692 -0.071795 1.794872 35 41 0
1.072222 -0.266667 3.888889 117 116 20
-0.197436 0.179487 1.794872 15 92 96
1.055555 -0.672222 3.888889 161 102 92
0.033333 -0.038462 1.794872 75 103 75
1.372222 0.144444 3.888889 92 81 17
-0.174359 -0.346154 1.794872 45 104 4
-0.306897 0.122414 1.206897 11 163 74
0.275000 0.100000 2.500000 96 0 107
-0.200000 1.375000 5.833333 46 79 143
1.444444 -0.494444 3.888889 120 52 12
-0.239655 -0.096552 1.206897 36 55 61
0.116667 1.641667 5.833333 55 59 92
-1.025000 1.358333 5.833333 38 63 15
-1.375000 1.316667 5.833333 117 32 1
-0.356897 -0.205172 1.206897 46 18 160
-0.097436 -0.102564 1.794872 23 41 49
-0.625000 1.075000 5.833333 83 18 51
0.041667 1.216667 5.833333 45 143 88
-0.545455 -0.518182 3.181818 118 97 96
-0.229310 0.186207 1.206897 73 37 92
-0.035897 0.269231 1.794872 34 98 14
1.525000 1.283333 5.833333 0 127 106
0.210714 -0.514286 2.500000 88 101 18
1.616754 1.541361 5.863874 101 117 114
-0.191667 1.441667 5.833333 0 23 109
-0.327586 -0.068966 1.206897 11 135 93
1.050000 -0.500000 3.888889 159 52 0
-0.035897 -0.130769 1.794872 37 55 36
-0.229310 -0.175862 1.206897 0 66 110
0.905263 -0.989474 3.684211 140 122 123
1.011111 0.250000 3.888889 159 96 20
-0.317241 0.143103 1.206897 0 44 33
-0.286207 -0.120690 1.206897 22 40 110
1.044444 0.461111 3.888889 124 63 0
0.239286 0.421429 2.500000 95 80 49
0.317857 0.267857 2.500000 126 0 17
0.517857 0.035714 2.500000 156 0 47
-0.158974 -0.238462 1.794872 75 117 38
0.464286 -0.117857 2.500000 119 84 74
-0.287931 0.181034 1.206897 32 86 54
1.111111 -0.255556 3.888889 166 36 45
-0.284483 -0.034483 1.206897 13 16 69
0.150000 1.191667 5.833333 23 54 147
1.116667 1.516667 5.833333 3 21 92
-0.344828 0.039655 1.206897 78 90 98
1.441667 1.158333 5.833333 0 84 98
-0.355172 -0.225862 1.206897 0 29 157
-0.097436 -0.097436 1.794872 69 53 38
0.178571 0.317857 2.500000 7 0 62
0.567857 0.221429 2.500000 31 54 64
0.766667 1.666667 5.833333 1 50 79
-0.268966 0.031034 1.206897 43 74 77
-0.200000 -0.035897 1.794872 0 118 16
0.557143 0.139286 2.500000 94 19 96
0.058974 -0.358974 1.794872 17 113 99
0.458333 1.266667 5.833333 0 0 50
0.033333 -0.048718 1.794872 90 87 22
1.083333 0.511111 3.888889 170 74 55
-0.107692 -0.125641 1.794872 68 113 44
0.091704 0.246154 1.689291 19 0 70
-0.276440 1.826178 5.863874 124 156 104
-0.286207 0.182759 1.206897 55 51 143
-0.148718 0.033333 1.794872 109 113 0
-0.230769 0.220513 1.794872 39 139 20
0.741667 1.650000 5.833333 0 2 78
-1.650000 1.716667 5.833333 0 80 63
-1.733333 1.625000 5.833333 10 84 87
1.461111 0.527778 3.888889 122 31 31
-1.116667 1.716667 5.833333 66 79 90
-0.200000 -0.212821 1.794872 88 62 61
1.055555 0.177778 3.888889 185 47 20
0.478571 -0.125000 2.500000 134 71 79
0.314286 -0.307143 2.500000 66 0 86
1.405555 0.272222 3.888889 122 108 97
-0.360345 -0.118966 1.206897 43 49 127
0.278571 0.214286 2.500000 141 33 51
-0.094872 -0.041026 1.794872 91 59 0
0.332143 -0.178571 2.500000 161 63 19
-0.741667 1.808333 5.833333 107 128 84
-0.115385 -0.258974 1.794872 21 201 0
0.317857 0.239286 2.500000 123 0 77
0.215544 1.774093 5.803109 37 37 103
-0.012821 -0.266667 1.794872 0 85 67
0.330233 -0.177907 0.813953 174 92 132
-1.450000 1.108333 5.833333 60 33 67
-0.329310 -0.150000 1.206897 98 0 86
-0.270690 0.094828 1.206897 14 0 45
-0.105128 -0.100000 1.794872 18 127 8
-0.225641 0.035897 1.794872 0 111 0
-0.351724 -0.017241 1.206897 0 0 90
0.214286 0.250000 2.500000 146 24 0
-0.192308 0.228205 1.794872 14 94 3
0.510562 -0.701124 2.516854 93 152 134
1.058333 1.558333 5.833333 0 55 44
1.283333 0.361111 3.888889 168 73 60
1.466667 -0.161111 3.888889 180 121 9
-1.300000 1.658333 5.833333 14 57 79
-0.365517 -0.053448 1.206897 45 80 43
0.966667 1.216667 5.833333 25 120 103
-0.300000 -0.281034 1.206897 41 47 150
1.050000 -0.433333 3.888889 232 55 0
0.457143 -0.296429 2.500000 128 103 24
-0.125000 1.266667 5.833333 22 6 113
-0.516667 1.725000 5.833333 0 100 90
1.461111 -0.455556 3.888889 143 73 73
-0.097436 0.138462 1.794872 41 78 41
-0.272414 -0.041379 1.206897 42 58 118
1.400000 1.283333 5.833333 23 95 0
1.608290 1.069430 5.803109 151 111 112
0.282143 0.017857 2.500000 153 70 6
0.557143 0.450000 2.500000 78 84 47
-0.048718 -0.056410 1.794872 55 20 0
1.200000 1.550000 5.833333 20 105 20
0.369231 0.200000 0.897436 151 108 163
0.350000 -0.017857 2.500000 100 0 97
0.170492 0.043716 3.060109 139 145 84
0.208333 1.025000 5.833333 46 62 54
-0.225000 1.350000 5.833333 0 47 137
-0.318966 -0.225862 1.206897 89 80 114
-0.284483 0.036207 1.206897 0 26 128
1.072222 0.188889 3.888889 176 23 5
-0.146154 0.048718 1.794872 73 39 48
0.414286 0.400000 2.500000 52 33 90
-0.120513 0.102564 1.794872 89 120 29
-0.192308 0.271795 1.794872 71 113 0
0.328571 -0.292857 2.500000 131 1 14
1.133333 -0.272222 3.888889 167 82 33
1.541667 1.291667 5.833333 89 69 7
-0.336207 0.086207 1.206897 19 0 67
0.221429 0.007143 2.500000 0 154 20
0.192857 -0.328571 2.500000 131 3 89
0.076923 -0.353846 1.794872 39 118 71
1.483333 0.600000 3.888889 114 109 14
1.177778 -0.200000 3.888889 71 139 49
-0.169231 -0.338462 1.794872 77 33 20
-0.300000 1.683333 5.833333 38 107 124
0.105526 0.148307 1.996435 114 78 126
0.353857 -0.175165 0.822924 110 136 171
-0.353448 0.031034 1.206897 7 127 125
-0.379310 -0.193103 1.206897 35 0 124
-0.079487 0.046154 1.794872 93 95 6
0.458333 1.416667 5.833333 0 0 58
-0.218966 -0.284483 1.206897 179 104 157
1.177778 -0.400000 3.888889 156 107 67
1.327778 -0.038889 3.888889 134 44 48
-0.253448 -0.186207 1.206897 47 28 134
1.066667 1.291667 5.833333 0 116 101
0.058974 -0.166667 1.794872 24 128 0
0.994444 0.344444 3.888889 75 106 0
-0.005128 0.243590 1.794872 0 48 97
-0.298276 0.060345 1.206897 56 90 104
-0.161538 0.274359 1.794872 36 115 0
1.066667 0.172222 3.888889 159 156 93
0.428571 0.250000 2.500000 7 80 51
0.233333 1.558333 5.833333 0 85 0
-0.368966 0.146552 1.206897 73 54 20
1.272222 0.611111 3.888889 119 33 113
0.775000 1.750000 5.833333 23 42 130
1.471429 -0.933333 3.333333 137 114 71
0.307143 0.053571 2.500000 96 49 3
-0.051282 0.223077 1.794872 82 72 0
-1.450000 1.233333 5.833333 56 17 0
1.100000 0.577778 3.888889 251 12 67
0.956250 0.637500 2.187500 108 137 122
1.622222 -0.272222 3.888889 130 105 42
0.457143 0.017857 2.500000 120 96 54
-0.270690 0.163793 1.206897 75 23 93
0.818045 -0.589474 2.807018 118 139 132
-0.370690 -0.162069 1.206897 3 58 167
1.294444 0.066667 3.888889 188 23 102
0.241667 1.275000 5.833333 0 95 130
1.266479 -0.847324 3.154930 153 128 146
0.466667 1.225000 5.833333 8 54 123
-0.332759 -0.186207 1.206897 14 85 108
0.033333 0.007692 1.794872 52 146 0
-0.277586 0.125862 1.206897 0 80 117
0.079487 -0.046154 1.794872 6 55 21
-0.187179 -0.079487 1.794872 0 91 50
-0.386207 0.000000 1.206897 11 23 50
0.242857 -0.203571 2.500000 178 32 52
-1.058333 1.475000 5.833333 32 95 63
0.012821 -0.287179 1.794872 63 55 60
0.542857 -0.171429 2.500000 68 11 118
-0.332759 -0.256897 1.206897 18 81 37
1.455556 0.472222 3.888889 194 145 52
-0.348276 -0.268966 1.206897 43 17 143
-0.094872 -0.233333 1.794872 50 125 45
-1.125000 1.650000 5.833333 98 1 88
-0.741667 1.400000 5.833333 23 84 80
0.977778 0.038889 3.888889 144 130 110
1.044444 0.005556 3.888889 215 40 9
-2.775000 2.737500 8.750000 184 163 95
-1.675000 1.125000 5.833333 10 97 77
1.544444 -0.555556 3.888889 218 59 4
-0.235897 0.241026 1.794872 0 37 82
0.802122 -0.683289 2.970822 118 95 145
-0.171795 -0.335897 1.794872 56 28 64
0.941667 1.766667 5.833333 92 34 87
0.325000 0.467857 2.500000 84 139 0
-0.076923 0.035897 1.794872 41 80 104
-0.208383 0.546108 1.676647 117 122 113
0.542857 -0.128571 2.500000 93 24 89
-0.941667 1.766667 5.833333 31 0 56
0.300000 -0.392857 2.500000 146 23 84
0.367857 -0.450000 2.500000 123 62 70
0.725000 1.266667 5.833333 0 28 91
-0.169231 -0.343590 1.794872 84 75 57
0.553571 0.075000 2.500000 100 35 12
-0.533333 2.059770 6.436781 132 123 131
-0.169231 -0.128205 1.794872 92 90 84
0.292857 -0.200000 2.500000 185 17 78
-0.238462 -0.353846 1.794872 12 145 47
1.366667 0.433333 3.888889 185 71 35
0.457539 -0.618371 1.941074 137 148 156
0.560714 0.192857 2.500000 143 29 58
-0.708333 1.675000 5.833333 0 0 41
0.257143 -0.521429 2.500000 69 97 94
-0.082051 -0.110256 1.794872 0 76 27
-1.816667 1.300000 5.833333 0 100 61
-1.791667 1.750000 5.833333 10 48 84
1.044444 -0.527778 3.888889 209 68 9
0.400000 -0.567857 2.500000 96 12 0
0.432143 0.021429 2.500000 120 16 30
0.051282 0.156410 1.794872 60 98 26
0.300000 -0.353571 2.500000 115 0 130
0.525000 0.275000 2.500000 132 27 83
-0.300000 0.205172 1.206897 78 96 98
-0.379310 -0.131034 1.206897 44 25 143
0.264286 0.425000 2.500000 90 34 21
-1.800000 1.616667 5.833333 36 12 21
-0.179487 0.097436 1.794872 43 149 1
0.097859 0.041590 1.712538 158 107 122
0.012821 -0.269231 1.794872 107 73 44
-0.041026 0.141026 1.794872 33 114 4
-0.370690 -0.082759 1.206897 5 75 99
1.183333 -0.111111 3.888889 203 49 28
-0.308333 1.233333 5.833333 11 90 87
-0.035897 -0.030769 1.794872 83 162 0
-0.227586 0.125862 1.206897 113 10 160
0.485714 0.164286 2.500000 55 0 80
-1.700000 1.308333 5.833333 6 32 70
-0.284483 -0.194828 1.206897 69 28 133
1.247368 0.657895 3.684211 112 179 69
-0.358621 -0.160345 1.206897 5 71 52
1.244444 0.533333 3.888889 99 73 0
-0.056410 0.300000 1.794872 28 171 0
-0.298276 0.010345 1.206897 33 74 106
-0.225641 0.264103 1.794872 79 103 0
-0.267241 -0.144828 1.206897 72 43 124
-0.362069 0.134483 1.206897 47 68 95
0.058974 0.117949 1.794872 57 134 4
-0.124823 2.485106 7.943263 111 174 121
-0.218966 -0.093103 1.206897 42 134 151
0.589286 -0.432143 2.500000 69 95 57
-0.151282 -0.305128 1.794872 62 59 36
0.321429 -0.403571 2.500000 101 39 34
-0.270690 -0.139655 1.206897 6 41 88
0.292857 -0.375000 2.500000 114 71 122
-0.239655 -0.277586 1.206897 12 110 78
1.311111 -0.577778 3.888889 100 84 0
-0.217241 0.098276 1.206897 126 53 131
-0.271360 -0.179200 1.792000 141 141 89
1.344444 0.088889 3.888889 86 52 0
0.346429 -0.425000 2.500000 101 16 97
-0.436364 0.398086 2.679426 40 52 104
1.693567 -1.721637 6.549707 170 154 96
-1.700000 1.750000 5.833333 39 41 99
0.066667 -0.058974 1.794872 73 77 0
-1.683333 1.425000 5.833333 22 28 53
1.305555 0.150000 3.888889 151 94 43
0.317857 0.100000 2.500000 112 23 50
1.094444 0.461111 3.888889 169 70 61
1.555556 -0.216667 3.888889 149 87 0
-0.365517 -0.031034 1.206897 0 108 120
-0.433333 1.625000 5.833333 0 77 50
1.272222 0.355556 3.888889 107 104 38
0.221429 -0.517857 2.500000 100 8 79
0.492857 0.307143 2.500000 179 68 54
-0.227586 0.196552 1.206897 23 120 74
0.546429 0.253571 2.500000 107 37 77
-0.355172 -0.196552 1.206897 53 62 140
-1.658333 1.475000 5.833333 0 50 104
1.483333 -0.188889 3.888889 161 131 37
-0.346552 0.186207 1.206897 79 42 83
-0.107692 0.184615 1.794872 78 22 98
0.339288 0.189397 0.813362 103 151 119
0.392063 -0.346032 1.111111 139 109 146
0.487037 -0.418519 1.296296 80 152 114
0.253571 0.075000 2.500000 139 6 54
-0.191071 0.116071 1.250000 133 131 98
0.142609 -0.393043 2.434783 126 100 140
0.460714 -0.160714 2.500000 190 0 69
0.200000 1.666667 5.833333 0 82 79
1.350000 1.508333 5.833333 28 32 128
-0.317241 0.000000 1.206897 92 93 54
-1.400000 1.683333 5.833333 54 92 77
-0.362069 0.001724 1.206897 0 143 57
0.378571 -0.542857 2.500000 119 56 59
0.391667 1.458333 5.833333 29 76 73
1.361111 -0.355556 3.888889 196 92 0
-0.020513 0.038462 1.794872 86 116 0
-0.858333 1.708333 5.833333 0 58 73
0.423609 -0.609781 1.888702 128 96 109
1.316667 0.144444 3.888889 240 150 20
-0.125641 -0.182051 1.794872 74 107 7
0.332143 -0.282143 2.500000 112 11 0
-1.058333 1.275000 5.833333 0 101 106
-0.300000 -0.134483 1.206897 93 6 186
-0.017949 0.017949 1.794872 0 110 0
-0.202564 -0.166667 1.794872 87 76 46
-1.037134 1.177850 3.648208 102 125 76
0.071795 0.051282 1.794872 24 49 1
0.282143 0.164286 2.500000 120 12 111
0.457143 0.164286 2.500000 61 8 83
0.500000 0.189286 2.500000 54 20 82
1.277778 -0.533333 3.888889 55 108 0
1.388889 -0.155556 3.888889 125 102 26
1.472222 0.166667 3.888889 70 15 0
-0.983333 1.658333 5.833333 0 66 91
0.750000 1.691667 5.833333 0 16 114
-0.306897 -0.065517 1.206897 34 19 82
0.189286 -0.364286 2.500000 45 16 136
-1.500000 1.266667 5.833333 96 54 69
0.421429 0.382143 2.500000 76 0 68
-0.051282 0.125641 1.794872 75 110 60
-1.658333 1.633333 5.833333 0 52 74
0.533333 1.816667 5.833333 155 94 144
-0.375862 0.124138 1.206897 10 47 239
0.641667 1.233333 5.833333 5 55 60
-0.508333 1.400000 5.833333 41 41 110
0.952289 -0.798072 2.698795 83 121 110
1.372222 0.238889 3.888889 163 82 0
0.150000 1.808333 5.833333 113 141 125
1.583333 -0.350000 3.888889 86 134 72
-0.094872 -0.215385 1.794872 0 65 50
-0.313345 -0.263432 1.941074 108 158 116
0.600000 -0.346429 2.500000 124 110 112
-0.408333 1.266667 5.833333 66 107 40
-0.334483 0.168966 1.206897 28 71 135
-0.176923 -0.200000 1.794872 106 73 25
-0.161538 0.082051 1.794872 92 87 0
1.594444 -0.138889 3.888889 130 100 82
-0.327586 0.063793 1.206897 68 17 155
1.172222 -0.477778 3.888889 176 62 64
0.428571 0.417857 2.500000 125 19 18
1.161111 -0.038889 3.888889 200 106 0
-0.239655 -0.136207 1.206897 0 20 108
0.196429 -0.200000 2.500000 165 27 76
-0.197436 -0.112821 1.794872 24 62 6
1.155555 -0.483333 3.888889 112 134 0
-0.303448 -0.256897 1.206897 40 55 30
1.650000 -0.038889 3.888889 184 127 100
0.091667 1.516667 5.833333 0 1 43
-0.151282 -0.146154 1.794872 26 62 53
0.076923 -0.217949 1.794872 78 180 0
-0.025641 -0.102564 1.794872 6 101 0
-1.625000 1.500000 5.833333 42 11 159
0.046154 -0.271795 1.794872 18 142 15
0.020513 0.041026 1.794872 40 86 119
0.185714 -0.625000 2.500000 106 0 143
0.385714 -0.560714 2.500000 89 0 0
1.100000 1.425000 5.833333 0 28 80
-0.241026 -0.015385 1.794872 54 94 89
-0.241026 -0.061538 1.794872 24 143 119
-0.248718 -0.223077 1.794872 168 100 84
-0.294828 0.196552 1.206897 82 111 59
1.455556 0.077778 3.888889 149 113 53
0.410714 0.439286 2.500000 82 89 88
-0.017949 0.015385 1.794872 80 81 67
-1.316667 1.591667 5.833333 71 23 14
-1.691667 1.150000 5.833333 30 50 117
0.267857 -0.667857 2.500000 80 72 75
0.371429 -0.282143 2.500000 176 0 97
0.521818 0.390909 1.272727 164 85 132
-1.375000 1.591667 5.833333 27 0 56
0.532143 -0.467857 2.500000 69 103 103
-0.241667 1.125000 5.833333 85 114 87
-1.266667 1.358333 5.833333 44 16 111
1.323560 -0.883770 2.931937 114 150 112
-0.246154 0.230769 1.794872 5 129 33
-0.220690 -0.086207 1.206897 108 165 143
0.814035 -0.589474 2.807018 170 113 122
0.403571 -0.342857 2.500000 105 3 0
-0.279310 -0.082759 1.206897 0 115 180
-0.041667 1.133333 5.833333 28 50 145
-1.233333 1.291667 5.833333 3 69 79
1.225000 1.483333 5.833333 54 52 139
-0.205128 -0.174359 1.794872 90 198 38
0.966667 1.200000 5.833333 36 104 98
-0.374138 0.039655 1.206897 25 37 175
-0.175000 1.325000 5.833333 17 30 50
-1.308333 1.750000 5.833333 90 6 53
-0.028205 -0.238462 1.794872 0 62 22
0.535714 0.264286 2.500000 83 58 50
0.483333 1.650000 5.833333 56 37 118
-0.320690 -0.139655 1.206897 35 4 62
0.283333 1.700000 5.833333 19 69 37
-0.368966 -0.250000 1.206897 37 100 82
0.916667 1.533333 5.833333 0 142 48
-0.015385 -0.010256 1.794872 47 35 48
0.378571 -0.357143 2.500000 153 3 48
-0.346552 0.172414 1.206897 11 117 158
1.427778 0.500000 3.888889 162 105 58
-0.153846 -0.233333 1.794872 77 97 40
-0.010256 -0.289744 1.794872 45 20 0
-1.775000 1.016667 5.833333 0 66 103
0.471429 -0.096429 2.500000 132 25 103
-0.133333 0.053846 1.794872 17 109 10
-0.348276 -0.041379 1.206897 37 89 58
-1.208333 1.650000 5.833333 30 102 30
0.069231 -0.256410 1.794872 85 87 29
0.342857 0.128571 2.500000 102 27 29
1.388889 -0.494444 3.888889 155 92 0
-0.365517 -0.291379 1.206897 140 99 117
0.325000 0.503571 2.500000 116 54 88
1.216667 -0.677778 3.888889 168 152 108
-0.225000 1.091667 5.833333 0 73 101
1.233333 1.508333 5.833333 39 62 109
0.496429 -0.103571 2.500000 201 0 70
0.091667 1.758333 5.833333 0 46 79
-1.666667 1.866667 5.833333 69 91 128
0.475000 0.310714 2.500000 120 148 0
1.333333 0.272222 3.888889 149 100 34
-0.112821 0.148718 1.794872 0 48 92
-0.482051 -0.441026 1.794872 155 114 182
-1.233333 1.200000 5.833333 0 30 126
1.616580 1.658031 5.803109 122 171 134
1.116667 -0.600000 3.888889 176 42 34
1.144444 0.622222 3.888889 111 120 0
0.410714 -0.428571 2.500000 119 12 83
-1.216667 1.216667 5.833333 0 70 86
1.561111 0.138889 3.888889 149 118 38
-0.225641 0.153846 1.794872 0 133 82
0.492857 -0.110714 2.500000 114 25 88
-0.112821 -0.151282 1.794872 9 9 4
1.250000 -0.505556 3.888889 124 128 0
-0.070185 -0.199589 0.767649 118 116 116
-0.051282 0.046154 1.794872 29 96 12
-0.241379 0.008621 1.206897 2 14 1
-0.092308 0.120513 1.794872 0 44 0
-0.312069 0.158621 1.206897 57 136 128
-0.866667 1.691667 5.833333 31 66 37
-0.200000 1.258333 5.833333 18 24 102
0.525000 -0.075000 2.500000 156 22 69
-0.089744 -0.082051 1.794872 52 86 64
0.342857 -0.100000 2.500000 133 38 73
0.228571 -0.296429 2.500000 138 30 94
-0.267980 -0.044663 1.839080 131 117 160
-0.231034 -0.239655 1.206897 39 73 23
-0.231034 0.148276 1.206897 0 85 91
0.482143 -0.596429 2.500000 113 0 64
1.388889 -0.444444 3.888889 131 76 18
-0.272414 -0.005172 1.206897 0 79 89
0.442857 -0.050000 2.500000 112 0 51
-1.223037 1.826178 5.863874 115 102 138
0.496429 -0.582143 2.500000 60 10 1
0.504229 0.495498 1.527967 140 150 162
0.503571 -0.314286 2.500000 68 85 52
-0.194872 0.089744 1.794872 84 164 0
1.438889 -0.555556 3.888889 172 121 57
1.200000 0.338889 3.888889 132 9 13
-0.020513 0.028205 1.794872 63 126 31
1.533333 1.125000 5.833333 16 80 134
-0.243590 0.115385 1.794872 88 61 0
-0.308621 -0.224138 1.206897 123 33 137
1.294444 0.344444 3.888889 161 86 13
-0.966531 -1.208163 4.571429 154 135 142
-1.416667 1.308333 5.833333 0 71 70
1.305555 0.144444 3.888889 164 49 0
0.289286 -0.246429 2.500000 17 49 47
-0.355172 0.001724 1.206897 0 69 91
0.507143 -0.285714 2.500000 142 29 43
0.367150 0.203543 0.901771 109 101 169
1.087259 -0.803089 4.324324 83 115 115
0.246429 -0.607143 2.500000 125 32 18
0.007692 -0.023077 1.794872 81 14 0
-1.041667 1.133333 5.833333 44 27 72
0.089600 -0.107520 1.792000 133 155 184
-0.258621 -0.260345 1.206897 5 46 167
1.256497 -0.854237 3.163842 118 151 106
1.055555 0.144444 3.888889 217 123 0
-1.391667 1.050000 5.833333 18 0 64
1.294444 -0.522222 3.888889 31 68 42
0.391667 1.275000 5.833333 57 11 94
0.371429 0.496429 2.500000 88 0 9
-0.089744 -0.135897 1.794872 60 46 25
-0.066667 -0.115385 1.794872 0 71 1
-0.225000 1.641667 5.833333 81 131 79
-0.285366 -0.046341 1.707317 91 121 150
-0.716667 1.100000 5.833333 0 62 33
0.023077 0.110256 1.794872 4 64 69
0.314286 0.060714 2.500000 70 41 14
0.346429 -0.289286 2.500000 98 42 81
-0.108333 1.283333 5.833333 41 0 87
0.467857 0.421429 2.500000 144 0 13
-0.382759 0.150000 1.206897 46 104 83
0.203571 -0.214286 2.500000 134 29 80
1.400000 1.791667 5.833333 12 20 71
0.038462 0.238462 1.794872 29 29 0
-0.197436 0.233333 1.794872 34 53 110
0.585714 -0.167857 2.500000 123 0 59
-0.210256 -0.035897 1.794872 21 106 0
-1.550000 1.433333 5.833333 0 30 110
1.288889 -0.016667 3.888889 179 110 0
-0.355172 -0.027586 1.206897 27 111 138
0.479696 -0.707400 2.125237 109 112 136
1.100000 1.266667 5.833333 58 36 22
-0.381034 -0.274138 1.206897 60 40 147
1.077778 -0.316667 3.888889 123 100 74
-0.075000 -1.250000 4.375000 108 108 87
1.294444 -0.655556 3.888889 179 179 11
0.200000 -0.371429 2.500000 111 6 51
0.303571 -0.175000 2.500000 31 60 112
0.364286 -0.057143 2.500000 40 99 96
0.360714 -0.221429 2.500000 78 24 68
-0.251724 -0.036207 1.206897 0 43 133
-0.370690 -0.272414 1.206897 12 78 136
0.600000 0.139286 2.500000 132 119 72
0.367857 0.042857 2.500000 22 57 12
-0.133333 1.675000 5.833333 60 10 77
0.342857 -0.185714 2.500000 172 0 59
-0.246552 0.041379 1.206897 0 141 0
1.277778 -0.650000 3.888889 111 83 8
-0.279310 0.163793 1.206897 0 42 167
1.394444 0.433333 3.888889 84 161 15
0.048718 0.220513 1.794872 16 17 103
-0.246154 0.082051 1.794872 0 87 1
-1.783333 1.775000 5.833333 0 59 82
-0.246552 -0.203448 1.206897 7 32 122
0.582143 -0.117857 2.500000 81 87 61
-0.262069 -0.267241 1.206897 77 135 48
-0.325000 1.816667 5.833333 162 148 86
-0.243590 0.241026 1.794872 62 30 0
0.066667 0.151282 1.794872 49 128 69
1.211111 -0.194444 3.888889 134 58 0
-0.275862 -0.103448 1.206897 8 85 93
0.850000 1.725000 5.833333 0 0 107
-0.128205 -0.038462 1.794872 0 59 9
1.483333 0.427778 3.888889 158 51 0
0.425000 -0.475000 2.500000 117 65 53
1.194444 0.438889 3.888889 184 5 46
-0.041026 0.228205 1.794872 65 30 67
0.489286 0.185714 2.500000 65 0 29
-0.816667 1.625000 5.833333 2 0 51
0.058974 0.253846 1.794872 25 56 19
1.055555 0.000000 3.888889 172 94 51
-1.683333 1.225000 5.833333 25 43 57
0.449220 -0.615598 1.941074 115 134 166
0.308333 1.300000 5.833333 67 60 68
-0.341379 -0.139655 1.206897 0 40 158
-0.236207 -0.179310 1.206897 0 21 49
1.200000 -0.422222 3.888889 115 67 17
-0.012821 -0.182051 1.794872 115 94 0
-0.277586 -0.144828 1.206897 0 75 34
0.623423 -0.299099 2.522522 93 96 111
1.388889 -0.116667 3.888889 184 135 2
1.343005 1.798964 5.803109 109 94 138
1.016667 0.344444 3.888889 93 69 0
0.035897 -0.205128 1.794872 26 54 128
-0.220513 -0.064103 1.794872 53 22 13
-0.351724 0.146552 1.206897 3 52 66
1.605556 -0.138889 3.888889 122 48 70
0.005128 0.289744 1.794872 85 106 14
1.283333 -0.277778 3.888889 176 89 38
0.514286 0.325000 2.500000 98 27 101
-0.381034 -0.200000 1.206897 28 97 209
0.258333 1.400000 5.833333 38 36 102
0.600000 -0.435714 2.500000 133 115 131
-0.301724 -0.170690 1.206897 37 126 91
0.000000 -0.904545 3.181818 122 109 127
0.148416 -0.104977 2.533937 123 154 122
-0.533333 1.750000 5.833333 65 101 82
0.064103 -0.225641 1.794872 7 35 60
0.450000 -0.403571 2.500000 114 15 44
0.482143 -0.660714 2.500000 140 64 9
-0.650000 1.541667 5.833333 3 16 64
0.046154 0.266667 1.794872 0 80 0
-0.010256 -0.228205 1.794872 39 84 65
-0.007692 -0.010256 1.794872 154 67 35
0.196429 0.210714 2.500000 71 55 5
-0.053846 -0.115385 1.794872 74 94 63
0.977778 -0.588889 3.888889 113 120 125
1.150000 0.611111 3.888889 108 7 55
0.458333 1.250000 5.833333 29 63 74
1.458333 1.533333 5.833333 7 45 4
0.633333 1.408333 5.833333 22 80 42
0.285714 -0.485714 2.500000 94 79 101
-0.305172 0.158621 1.206897 16 19 92
-0.241379 0.122414 1.206897 112 81 95
0.210714 -0.007143 2.500000 173 56 61
-0.110256 0.264103 1.794872 56 82 94
1.233333 0.205556 3.888889 138 58 0
1.483333 0.455556 3.888889 99 56 50
-0.525000 1.133333 5.833333 0 70 94
0.296429 -0.632143 2.500000 160 32 25
-0.322414 -0.191379 1.206897 13 23 107
-0.028205 0.202564 1.794872 26 134 70
1.450000 0.311111 3.888889 99 0 25
0.342857 0.107143 2.500000 109 0 76
-0.243103 0.151724 1.206897 0 28 35
1.188889 -0.155556 3.888889 109 35 21
1.000000 1.650000 5.833333 0 50 89
0.389286 -0.014286 2.500000 116 0 82
0.375000 1.558333 5.833333 21 79 73
-0.151282 0.079487 1.794872 0 104 28
0.582143 0.042857 2.500000 165 48 96
-0.372414 -0.265517 1.206897 0 0 36
-1.433333 1.491667 5.833333 51 0 109
-0.033333 0.079487 1.794872 34 73 10
-0.141026 0.164103 1.794872 0 140 19
1.194444 0.038889 3.888889 204 76 27
0.189286 -0.507143 2.500000 82 0 44
0.346429 -0.021429 2.500000 94 9 74
1.133333 -0.211111 3.888889 108 98 46
0.328571 0.285714 2.500000 103 0 67
-0.339655 -0.098276 1.206897 104 56 95
-1.533333 1.733333 5.833333 0 92 51
-0.179487 -0.035897 1.794872 12 72 68
1.058333 1.475000 5.833333 4 91 63
0.116667 1.783333 5.833333 25 21 112
1.322222 -0.272222 3.888889 167 29 0
-0.071795 -0.112821 1.794872 6 56 6
0.235714 0.235714 2.500000 166 36 56
-0.166667 0.053846 1.794872 46 122 70
0.578571 -0.175000 2.500000 61 108 73
0.285714 0.285714 2.500000 146 0 47
0.602691 -0.089686 2.511211 156 138 116
4.896000 -1.424000 11.200000 40 139 115
0.571429 -0.328571 2.500000 25 0 78
-0.202564 -0.310256 1.794872 34 153 0
-1.766667 1.341667 5.833333 26 24 28
1.122222 0.522222 3.888889 164 92 0
1.108333 1.333333 5.833333 0 48 46
-0.267241 -0.239655 1.206897 59 44 75
0.591537 -0.680624 2.494432 119 167 94
-0.315517 -0.029310 1.206897 32 45 144
0.074359 -0.323077 1.794872 75 169 10
1.422222 -0.188889 3.888889 116 58 83
-0.244828 -0.236207 1.206897 110 86 49
-0.151282 0.261538 1.794872 23 94 30
1.277778 0.055556 3.888889 140 102 54
-0.015385 0.128205 1.794872 58 150 70
0.400000 0.250000 2.500000 132 18 45
-0.133333 0.061538 1.794872 133 96 89
-0.475000 1.725000 5.833333 2 116 72
-0.525000 1.341667 5.833333 0 0 122
0.253571 -0.307143 2.500000 136 42 95
0.097125 -0.350160 1.789137 138 112 109
0.178571 0.303571 2.500000 79 0 30
0.116667 1.283333 5.833333 2 0 104
-0.038462 0.146154 1.794872 48 136 29
-0.650000 1.591667 5.833333 31 0 17
-0.012821 0.282051 1.794872 6 84 2
-0.284483 0.108621 1.206897 3 71 77
0.567857 0.007143 2.500000 133 0 48
0.030769 0.294872 1.794872 6 76 19
-0.076923 -0.317949 1.794872 89 48 77
-0.289655 -0.013793 1.206897 15 76 42
0.403571 -0.539286 2.500000 119 0 33
-1.308333 1.633333 5.833333 69 89 73
1.494444 0.488889 3.888889 104 90 0
0.428571 -0.171429 2.500000 77 10 64
-1.475648 1.798964 5.803109 116 131 81
1.238889 -0.511111 3.888889 183 63 33
-1.365690 -1.425941 4.686193 128 121 116
0.435714 -0.296429 2.500000 138 47 107
1.327778 -0.200000 3.888889 128 150 0
1.561111 0.055556 3.888889 192 26 30
1.427778 0.333333 3.888889 143 88 0
0.216667 1.416667 5.833333 77 0 40
1.600000 -0.692042 3.875432 155 129 137
0.492857 -0.146429 2.500000 83 12 73
0.350000 1.300000 5.833333 0 24 29
-0.220480 -0.161820 1.415929 169 165 99
-1.716667 1.025000 5.833333 0 45 82
0.442857 0.382143 2.500000 110 0 18
-0.296486 -0.178914 1.789137 92 129 147
1.400000 -0.411111 3.888889 233 86 95
0.023077 -0.179487 1.794872 0 44 12
-1.833333 1.516667 5.833333 0 48 86
0.507143 -0.346429 2.500000 125 36 0
-0.386207 0.141379 1.206897 35 18 74
-0.356897 -0.260345 1.206897 0 47 124
-0.284483 0.196552 1.206897 53 99 46
-0.023077 -0.007692 1.794872 43 62 0
0.953425 -0.509589 3.835616 129 119 115
0.389286 0.389286 2.500000 16 0 88
-0.337931 -0.063793 1.206897 0 13 56
0.170136 -0.014480 2.533937 164 124 128
0.378571 -0.621429 2.500000 86 29 13
0.417391 -0.387068 1.248606 127 105 117
-0.367241 -0.262069 1.206897 26 62 128
1.122222 -0.450000 3.888889 97 102 41
-0.374138 0.179310 1.206897 102 126 70
-0.313793 0.125862 1.206897 37 89 90
1.233333 1.808333 5.833333 117 130 125
-1.175000 1.200000 5.833333 15 26 95
1.408333 1.216667 5.833333 28 97 97
7.850000 -1.350000 17.500000 119 117 146
1.400000 0.138889 3.888889 174 98 30
0.433333 1.658333 5.833333 0 92 158
1.016667 1.225000 5.833333 0 51 51
0.408333 1.300000 5.833333 0 88 126
1.138889 -0.444444 3.888889 112 104 54
0.589286 0.267857 2.500000 107 5 31
-0.370690 -0.215517 1.206897 146 55 138
-0.187179 -0.074359 1.794872 28 68 28
0.983333 -0.605556 3.888889 145 154 127
-0.064103 -0.087179 1.794872 25 169 34
-0.066667 1.491667 5.833333 73 35 22
-0.791667 1.091667 5.833333 65 131 124
1.300000 -0.455556 3.888889 134 86 30
0.905143 -0.603429 2.133333 136 131 120
0.200000 1.625000 5.833333 43 0 92
1.394444 0.616667 3.888889 189 85 13
-0.306897 -0.258621 1.206897 61 42 35
-0.158974 0.023077 1.794872 16 103 84
-0.337931 0.048276 1.206897 41 60 85
-0.324138 -0.248276 1.206897 18 117 57
-0.333450 -0.274606 1.961471 88 103 165
1.611111 0.472222 3.888889 160 76 0
-0.591667 1.483333 5.833333 9 55 105
-1.333333 1.658333 5.833333 38 8 116
0.514286 -0.232143 2.500000 185 12 54
1.177778 0.027778 3.888889 137 48 110
0.389286 0.457143 2.500000 72 0 77
-0.683333 1.750000 5.833333 12 118 50
0.891667 1.575000 5.833333 38 16 52
-0.355172 -0.200000 1.206897 43 94 14
0.387352 -0.355731 1.106719 149 145 115
-0.305172 -0.224138 1.206897 110 94 105
-0.260345 0.113793 1.206897 0 38 114
-0.020513 -0.358974 1.794872 27 79 0
-0.238462 -0.335897 1.794872 6 158 40
1.541667 1.041667 5.833333 0 130 94
1.388889 0.166667 3.888889 194 96 0
0.266667 1.650000 5.833333 20 81 94
-0.028205 0.084615 1.794872 98 164 5
-0.251724 -0.198276 1.206897 0 76 67
0.271429 0.014286 2.500000 156 70 76
0.083333 1.350000 5.833333 12 45 113
0.367857 0.257143 2.500000 73 52 70
-0.146154 -0.084615 1.794872 0 97 96
1.077778 -0.177778 3.888889 132 55 19
-0.358621 -0.172414 1.206897 0 8 169
0.226923 -0.265385 0.897436 139 124 117
0.441667 1.708333 5.833333 67 62 0
0.433333 1.533333 5.833333 56 81 91
-0.148718 -0.251282 1.794872 77 61 42
-0.256822 -0.102729 1.797753 88 127 133
1.177778 -0.544444 3.888889 84 85 50
0.550000 -0.496429 2.500000 62 79 111
0.079487 -0.030769 1.794872 23 91 26
-1.575000 1.583333 5.833333 0 8 66
0.325000 -0.664286 2.500000 51 28 104
-0.363793 0.181034 1.206897 22 73 86
0.450000 -0.103571 2.500000 49 5 82
-0.248276 -0.163793 1.206897 10 57 107
0.546429 0.100000 2.500000 110 30 55
0.225000 0.375000 2.500000 142 29 117
-0.367241 -0.124138 1.206897 0 76 159
0.317857 -0.478571 2.500000 86 19 4
0.396672 0.223627 0.931780 116 137 133
1.250000 -0.050000 3.888889 218 94 86
-1.856995 1.782383 5.803109 31 15 96
0.071795 0.041026 1.794872 59 126 63
-0.225641 -0.253846 1.794872 23 114 21
0.500000 -0.617857 2.500000 206 4 19
-0.230769 -0.041026 1.794872 14 41 22
-1.675000 1.208333 5.833333 23 38 42
1.583333 1.575000 5.833333 37 47 137
-0.089744 0.223077 1.794872 25 79 46
0.266667 1.491667 5.833333 89 34 26
-0.232759 0.087931 1.206897 29 58 118
-0.256897 -0.136207 1.206897 74 91 157
-0.237931 0.162069 1.206897 12 28 114
-0.286207 -0.243103 1.206897 23 72 79
-0.232759 -0.236207 1.206897 32 42 64
0.500000 -0.125000 2.500000 136 53 56
0.200000 -0.635714 2.500000 59 35 59
-0.216667 1.058333 5.833333 0 67 75
1.522222 0.300000 3.888889 161 66 6
-0.066667 0.041026 1.794872 43 122 46
0.485714 0.357143 2.500000 145 23 143
1.226035 -1.003550 3.313609 115 95 94
-0.228205 -0.361538 1.794872 26 122 106
0.123077 -0.003326 2.328482 128 120 122
0.328571 0.303571 2.500000 149 47 98
0.025000 1.658333 5.833333 4 80 82
-0.166667 -0.246154 1.794872 62 85 76
0.833333 1.433333 5.833333 23 61 143
-0.041026 -0.020513 1.794872 72 117 37
-0.266667 1.458333 5.833333 0 60 92
-1.400000 1.158333 5.833333 17 94 64
0.285714 -0.575000 2.500000 101 64 109
1.450000 1.166667 5.833333 31 43 35
0.285714 -0.582143 2.500000 53 0 66
-0.143590 0.233333 1.794872 27 80 65
-1.216667 1.000000 5.833333 32 0 169
0.858333 1.466667 5.833333 46 87 67
-0.725000 1.700000 5.833333 1 60 121
-0.238462 0.100000 1.794872 44 77 0
-1.008333 1.391667 5.833333 0 40 101
-0.130769 -0.210256 1.794872 33 97 56
1.205556 -0.416667 3.888889 126 29 7
1.616667 0.494444 3.888889 140 69 88
-0.416667 1.216667 5.833333 11 101 65
1.511419 0.653287 3.875432 155 85 79
0.435714 0.107143 2.500000 100 0 23
-1.383333 1.508333 5.833333 30 0 100
-0.833333 1.741667 5.833333 0 43 139
-0.008333 1.483333 5.833333 16 40 97
-1.133333 1.166667 5.833333 17 47 171
-0.272414 -0.241379 1.206897 18 0 119
1.450000 -0.666667 3.888889 93 74 109
0.350000 0.135714 2.500000 53 31 0
0.446429 0.060714 2.500000 88 59 73
-0.318966 0.117241 1.206897 0 56 99
-0.158333 1.275000 5.833333 13 64 117
-0.218182 -0.105628 1.212121 143 94 73
0.385714 -0.514286 2.500000 123 0 1
0.485714 -0.285714 2.500000 44 21 13
0.332800 -0.179200 0.814545 169 98 67
-0.516667 1.575000 5.833333 0 63 65
1.338889 0.622222 3.888889 79 117 55
0.432143 -0.435714 2.500000 96 0 89
-0.353448 0.018966 1.206897 8 57 128
0.414286 -0.582143 2.500000 67 0 78
0.033333 1.641667 5.833333 0 41 23
1.388889 -0.027778 3.888889 152 23 0
0.235714 -0.564286 2.500000 113 21 72
-0.260345 -0.137931 1.206897 17 94 186
-0.150000 1.508333 5.833333 20 26 34
-0.317241 -0.012069 1.206897 77 35 89
1.450000 -0.216667 3.888889 48 145 0
-0.244828 0.118966 1.206897 106 0 91
0.378571 -0.482143 2.500000 6 43 22
1.033333 0.516667 3.888889 113 108 0
1.477778 -0.438889 3.888889 141 3 11
1.472222 0.133333 3.888889 85 77 39
0.478571 0.275000 2.500000 167 53 102
0.883333 1.550000 5.833333 80 39 72
-0.179487 0.182051 1.794872 82 89 0
0.051282 0.215385 1.794872 70 100 42
-0.153846 0.110256 1.794872 34 71 46
0.539286 -0.667857 2.500000 168 72 31
0.591667 1.558333 5.833333 94 0 46
-0.187179 0.056410 1.794872 57 156 51
-0.038462 -0.330769 1.794872 32 161 159
0.588601 1.193782 5.803109 19 77 0
0.257143 0.357143 2.500000 187 0 80
0.314286 0.042857 2.500000 105 44 9
-0.117949 0.061538 1.794872 120 100 0
0.382143 0.257143 2.500000 99 21 62
-0.189744 -0.246154 1.794872 66 60 5
0.241667 1.250000 5.833333 17 102 0
0.375000 -0.650000 2.500000 194 94 25
-0.184615 -0.246154 1.794872 43 119 0
-0.312069 -0.082759 1.206897 0 69 79
-0.650000 1.733333 5.833333 0 11 145
0.575000 -0.657143 2.500000 160 73 56
0.253571 -0.617857 2.500000 103 18 46
1.222222 0.605556 3.888889 151 142 51
-0.558333 1.450000 5.833333 52 0 83
1.077778 0.116667 3.888889 70 59 48
-0.272414 -0.246552 1.206897 35 66 54
0.066667 -0.179487 1.794872 0 102 93
1.461493 -0.444179 3.343284 107 138 84
1.160277 -0.554273 2.586605 154 89 122
-0.313793 -0.246552 1.206897 73 84 82
-0.338589 -0.597510 2.323652 112 122 112
2.330769 -0.892308 5.384615 122 114 131
0.079487 0.223077 1.794872 70 171 40
0.196429 -0.350000 2.500000 168 21 16
1.327778 0.627778 3.888889 119 106 8
-0.301724 0.194828 1.206897 0 0 144
1.338889 0.233333 3.888889 159 119 27
1.533333 0.144444 3.888889 147 31 23
-0.289655 -0.186207 1.206897 44 71 111
-0.266667 -0.139564 1.744548 117 118 156
-0.260345 -0.048276 1.206897 114 67 29
1.155555 0.422222 3.888889 108 97 43
0.567857 0.435714 2.500000 108 26 82
-0.289655 -0.046552 1.206897 29 82 107
1.300000 0.027778 3.888889 126 59 11
-0.282759 -0.053448 1.206897 11 0 154
1.611111 0.250000 3.888889 164 167 36
1.458333 1.816667 5.833333 135 114 120
0.314286 -0.439286 2.500000 114 129 45
-0.046154 -0.225641 1.794872 48 60 66
0.407143 -0.392857 2.500000 156 64 25
-0.600000 1.416667 5.833333 0 0 49
-0.166667 -0.235897 1.794872 65 109 0
-0.084615 0.235897 1.794872 41 79 43
-0.156410 -0.097436 1.794872 28 97 21
-0.239655 -0.137931 1.206897 41 0 40
-0.608333 1.766667 5.833333 59 23 123
0.321429 0.346429 2.500000 182 23 97
0.035897 -0.241026 1.794872 0 89 0
0.432143 -0.239286 2.500000 148 0 61
-0.337931 -0.263793 1.206897 15 58 31
1.005882 -1.388235 4.117647 133 139 138
1.377778 0.338889 3.888889 148 103 0
0.150313 -0.146973 2.338205 108 140 120
0.233333 1.066667 5.833333 26 58 84
1.211111 0.116667 3.888889 135 91 0
-0.258621 0.167241 1.206897 0 0 84
-0.038462 0.038462 1.794872 5 90 38
0.471429 -0.235714 2.500000 101 0 42
0.450000 0.442857 2.500000 67 17 68
1.538889 0.361111 3.888889 141 42 23
-0.308333 1.475000 5.833333 35 55 88
-0.074359 -0.166667 1.794872 42 25 27
-0.161538 0.164103 1.794872 11 78 69
-0.294828 0.134483 1.206897 58 45 54
0.200000 0.367857 2.500000 74 0 90
-0.260345 -0.260345 1.206897 23 76 84
-0.384483 -0.174138 1.206897 14 52 111
-1.241667 1.291667 5.833333 32 71 36
1.005556 -0.616667 3.888889 123 116 65
1.072222 0.405556 3.888889 232 34 0
-0.358333 1.241667 5.833333 103 113 33
-1.450000 1.266667 5.833333 0 103 83
-0.058974 0.035897 1.794872 27 133 7
-0.317241 -0.106897 1.206897 56 83 90
0.464286 -0.675000 2.500000 105 74 93
0.442857 -0.328571 2.500000 151 0 0
0.282143 -0.421429 2.500000 93 74 73
0.239286 0.414286 2.500000 90 9 84
0.421429 -0.457143 2.500000 140 64 14
1.250000 1.683333 5.833333 0 108 13
1.455556 0.288889 3.888889 186 17 68
-0.233333 1.283333 5.833333 0 44 83
-0.202564 0.182051 1.794872 52 185 27
1.377778 0.027778 3.888889 179 163 3
0.842105 0.049536 3.467492 89 148 110
-0.255172 0.079310 1.206897 51 77 86
-0.386207 -0.106897 1.206897 8 29 32
1.025000 1.291667 5.833333 50 112 25
-0.916667 1.783333 5.833333 32 82 68
0.858333 1.191667 5.833333 0 69 119
1.583333 1.075000 5.833333 11 0 102
-0.215385 0.256410 1.794872 77 68 35
-0.482143 -0.857143 2.500000 102 109 120
-0.319444 -0.322222 1.944444 172 129 107
1.422222 -0.077778 3.888889 196 89 0
-0.315517 -0.177586 1.206897 37 0 74
-0.377586 0.091379 1.206897 35 0 143
1.416667 0.825000 5.833333 28 134 36
1.422222 0.461111 3.888889 201 96 0
-0.303448 -0.025862 1.206897 5 28 94
1.594444 0.344444 3.888889 123 69 55
-0.386207 -0.124138 1.206897 0 58 174
0.532143 -0.110714 2.500000 82 120 42
1.277778 -0.438889 3.888889 202 46 0
-0.900000 1.208333 5.833333 96 96 95
1.400000 1.166667 5.833333 21 87 118
-0.030769 -0.376923 1.794872 126 87 140
0.336095 1.102959 3.313609 119 125 86
-1.083333 1.433333 5.833333 41 59 127
0.421429 -0.414286 2.500000 110 55 27
-0.194872 0.123077 1.794872 77 139 21
-0.367241 0.205172 1.206897 61 77 67
1.600000 -0.555556 3.888889 103 102 9
0.421429 -0.360714 2.500000 62 0 0
1.194444 0.611111 3.888889 75 113 0
-0.220513 -0.325641 1.794872 4 71 4
1.394444 0.411111 3.888889 86 81 74
0.475000 -0.164286 2.500000 88 30 10
-0.207692 0.097436 1.794872 0 116 0
1.633333 0.450000 3.888889 148 124 111
-0.115385 0.141026 1.794872 49 141 55
-0.015385 -0.248718 1.794872 15 78 18
-0.246552 -0.206897 1.206897 32 9 88
1.100000 -0.244444 3.888889 87 161 0
0.005128 -0.287179 1.794872 12 127 58
1.572222 -0.388889 3.888889 156 101 87
1.233333 0.166667 3.888889 104 127 13
-0.151282 0.302564 1.794872 92 65 69
0.491667 1.816667 5.833333 171 156 167
-0.265517 -0.239655 1.206897 0 45 136
1.125000 1.516667 5.833333 0 134 174
-0.164103 0.148718 1.794872 103 74 13
-0.253448 -0.241379 1.206897 3 107 109
-0.058974 0.261538 1.794872 18 57 0
0.089314 -0.301116 1.786284 169 132 140
0.592857 -0.303571 2.500000 149 91 126
-0.197436 -0.012821 1.794872 52 73 0
1.483333 0.527778 3.888889 145 114 15
0.936986 0.126027 3.835616 88 88 108
0.069231 -0.035897 1.794872 27 89 90
0.975000 1.758333 5.833333 0 27 122
0.346429 -0.689286 2.500000 151 135 101
0.496429 0.364286 2.500000 163 24 45
0.171812 -0.039374 2.505593 168 193 154
0.407143 0.335714 2.500000 76 45 67
1.771123 1.771123 5.989305 125 113 108
-1.216667 1.733333 5.833333 0 83 132
0.683333 1.525000 5.833333 29 9 83
0.475000 -0.657143 2.500000 127 22 54
-0.306897 -0.172414 1.206897 0 165 113
0.158333 1.291667 5.833333 10 61 123
0.235714 0.246429 2.500000 28 26 130
-0.225641 -0.128205 1.794872 8 131 106
-0.482143 -0.850000 2.500000 116 129 134
1.155555 -0.066667 3.888889 64 46 0
-0.192308 -0.084615 1.794872 48 63 43
0.250000 0.496429 2.500000 160 42 51
0.133333 1.050000 5.833333 0 59 0
1.227778 -0.516667 3.888889 243 68 32
1.044444 0.355556 3.888889 146 0 17
1.175000 1.675000 5.833333 19 29 82
0.208333 1.725000 5.833333 6 0 116
1.622145 -0.232526 3.875432 180 127 0
1.611111 -0.511111 3.888889 158 92 0
-0.983333 1.383333 5.833333 0 86 60
1.466667 1.633333 5.833333 71 82 170
0.271429 0.232143 2.500000 109 26 0
1.566667 0.277778 3.888889 83 132 11
-0.053846 0.043590 1.794872 0 78 71
-0.151282 -0.123077 1.794872 75 140 0
-0.248718 -0.158974 1.794872 93 106 168
-0.219913 -0.211255 1.212121 178 140 125
-0.184615 0.000000 1.794872 41 198 0
-0.156410 0.158974 1.794872 69 104 69
0.275000 -0.064286 2.500000 59 48 104
0.550000 -0.521429 2.500000 139 49 107
-0.133333 0.238462 1.794872 39 62 112
-0.308621 -0.091379 1.206897 0 109 140
-0.015385 -0.002564 1.794872 39 71 29
-0.243103 0.141379 1.206897 0 16 82
-0.236207 -0.124138 1.206897 8 59 120
1.061111 0.244444 3.888889 92 149 14
1.222222 0.638889 3.888889 46 128 11
3.775000 1.350000 8.750000 130 150 108
0.578571 -0.521429 2.500000 152 5 98
-0.365517 0.134483 1.206897 10 22 77
-0.750000 1.041667 5.833333 0 52 36
1.588889 0.605556 3.888889 138 9 98
-0.108333 1.708333 5.833333 29 78 63
0.053846 0.058974 1.794872 30 20 0
-0.246154 -0.369231 1.794872 14 148 37
-0.600000 1.241667 5.833333 40 41 137
4.428283 3.701010 11.313131 102 84 139
-0.329310 -0.055172 1.206897 74 19 107
-0.280000 2.290000 7.000000 110 112 117
-0.108333 1.608333 5.833333 0 91 80
-0.107692 0.041026 1.794872 22 149 59
1.605556 -0.127778 3.888889 201 53 66
0.053846 0.294872 1.794872 83 127 24
0.589286 -0.407143 2.500000 137 65 0
1.122222 0.544444 3.888889 203 113 59
1.533333 0.294444 3.888889 185 52 0
1.583420 1.558549 5.803109 22 62 47
0.010256 0.030769 1.794872 0 160 68
0.221429 -0.546429 2.500000 81 75 24
-0.015385 0.305128 1.794872 0 130 104
0.192857 0.385714 2.500000 145 0 29
0.464286 -0.121429 2.500000 235 48 60
-0.061538 -0.215385 1.794872 2 52 57
-0.220690 -0.127586 1.206897 119 177 128
0.367857 0.246429 2.500000 129 68 78
1.322222 -0.216667 3.888889 135 41 86
-0.850000 1.375000 5.833333 0 0 81
-1.075000 1.541667 5.833333 65 84 92
-1.783333 1.508333 5.833333 0 35 78
1.383333 1.550000 5.833333 28 92 71
-1.841667 1.650000 5.833333 16 105 64
0.325000 0.057143 2.500000 104 47 111
-0.260345 0.101724 1.206897 18 74 86
1.315927 -0.881462 2.924282 147 88 98
1.771123 1.779679 5.989305 114 119 100
1.127778 0.400000 3.888889 203 63 3
0.433333 1.641667 5.833333 0 67 48
-0.179487 -0.279487 1.794872 33 75 51
-0.205128 0.305128 1.794872 0 129 36
-0.322414 -0.131034 1.206897 49 11 154
0.316667 1.550000 5.833333 111 46 85
0.923279 -0.996721 3.672131 154 92 159
0.171429 0.396429 2.500000 102 0 77
1.416667 0.066667 3.888889 193 0 10
1.544444 0.527778 3.888889 144 117 24
-0.975000 1.750000 5.833333 0 147 71
-0.293103 -0.046552 1.206897 8 62 34
0.025641 0.187179 1.794872 32 156 32
-0.028205 -0.317949 1.794872 54 80 23
-0.227586 0.079310 1.206897 87 127 80
-0.337931 -0.201724 1.206897 10 58 43
1.194444 -0.133333 3.888889 120 86 35
-0.217949 0.025641 1.794872 64 64 59
1.177778 0.461111 3.888889 174 0 0
1.538889 -0.616667 3.888889 182 116 11
3.747368 3.185965 9.824561 144 107 108
0.478571 0.017857 2.500000 66 87 83
0.189286 0.371429 2.500000 99 0 141
0.035897 0.248718 1.794872 113 53 0
1.200000 1.641667 5.833333 51 56 24
0.012821 -0.074359 1.794872 71 60 38
0.874534 2.345342 6.956522 165 112 128
0.041026 -0.325641 1.794872 10 18 93
1.455556 0.366667 3.888889 157 47 66
0.156720 -0.477449 2.551253 170 132 134
1.268965 0.700690 3.862069 120 161 127
1.038889 0.027778 3.888889 125 103 0
-0.289655 -0.187931 1.206897 89 49 95
-0.100000 0.300000 1.794872 0 114 10
0.983333 1.691667 5.833333 0 15 117
1.100000 0.244444 3.888889 86 61 70
1.266667 -0.527778 3.888889 88 156 32
-0.312069 0.203448 1.206897 85 4 45
-1.216667 1.075000 5.833333 0 96 64
-0.367241 -0.118966 1.206897 33 115 45
0.500000 -0.057143 2.500000 111 0 11
-0.550000 1.458333 5.833333 0 82 72
0.216667 1.666667 5.833333 0 54 120
-0.360345 -0.165517 1.206897 41 142 87
0.453571 -0.035714 2.500000 104 13 170
1.150000 0.627778 3.888889 169 55 0
1.405555 0.477778 3.888889 132 72 44
-0.358333 1.533333 5.833333 17 42 165
-0.082051 -0.123077 1.794872 31 138 0
-0.641667 1.033333 5.833333 57 75 92
0.314286 0.453571 2.500000 83 69 142
-0.028205 0.279487 1.794872 25 107 2
-0.275862 -0.017241 1.206897 23 0 93
0.346429 -0.621429 2.500000 112 0 94
-0.202564 0.258974 1.794872 30 41 29
-0.261120 -0.017920 1.792000 84 105 115
-0.666667 1.416667 5.833333 60 30 56
1.266667 -0.438889 3.888889 155 132 49
-0.158333 1.175000 5.833333 61 43 79
0.064103 -0.007692 1.794872 107 95 0
0.428571 0.267857 2.500000 120 33 101
0.833333 1.391667 5.833333 0 47 172
0.571429 -0.617857 2.500000 114 27 21
0.182143 -0.482143 2.500000 124 33 108
-0.056410 -0.084615 1.794872 42 106 90
-0.115385 -0.274359 1.794872 1 82 0
0.117143 0.157143 2.000000 68 129 142
1.483333 1.275000 5.833333 21 44 120
0.582143 0.228571 2.500000 129 31 124
1.288889 -0.494444 3.888889 213 118 94
0.482143 0.171429 2.500000 161 43 85
0.367857 0.107143 2.500000 63 0 94
0.464286 -0.175000 2.500000 146 21 16
0.983333 -0.311111 3.888889 108 94 120
-0.020513 -0.035897 1.794872 9 73 64
-0.272414 0.091379 1.206897 133 0 65
-1.133333 1.075000 5.833333 0 124 26
0.200000 -0.475000 2.500000 79 7 135
0.367857 0.282143 2.500000 92 0 95
-0.360345 -0.034483 1.206897 0 49 121
-1.116667 1.275000 5.833333 20 109 163
0.207678 -0.602559 2.047532 149 145 142
0.496429 0.317857 2.500000 143 0 35
-0.263817 -0.124580 1.709924 112 167 162
-0.048718 -0.079487 1.794872 66 16 0
-0.255897 0.007754 1.809370 114 100 135
-0.232759 -0.086207 1.206897 0 81 165
0.616667 1.500000 5.833333 7 54 113
-0.207692 0.223077 1.794872 45 66 54
-0.268966 0.075862 1.206897 11 46 21
1.488889 0.088889 3.888889 219 94 0
-0.386207 -0.220690 1.206897 27 113 121
-0.035897 0.020513 1.794872 46 46 49
1.422222 0.444444 3.888889 172 57 21
-0.256897 0.122414 1.206897 22 56 66
-1.391667 1.266667 5.833333 36 96 135
0.475000 -0.407143 2.500000 184 71 68
-0.171795 -0.276923 1.794872 0 66 0
-0.053846 -0.238462 1.794872 68 79 53
0.407143 0.189286 2.500000 87 27 0
0.181737 0.285078 2.494432 174 30 60
0.253571 0.389286 2.500000 100 23 24
-0.100000 0.066667 1.794872 106 157 69
0.278571 0.239286 2.500000 127 54 57
0.217857 -0.303571 2.500000 109 62 0
1.100000 1.200000 5.833333 45 13 113
-0.028205 0.307692 1.794872 59 29 0
0.428571 0.121429 2.500000 99 50 65
-0.293103 0.094828 1.206897 72 111 50
-0.135897 -0.174359 1.794872 0 147 0
0.050000 1.508333 5.833333 0 73 67
-0.002564 -0.294872 1.794872 72 80 0
-0.356897 -0.175862 1.206897 4 69 94
1.091667 1.533333 5.833333 0 24 83
-0.343103 -0.015517 1.206897 70 95 145
-0.312069 -0.075862 1.206897 18 113 82
-0.933333 1.266667 5.833333 38 99 105
0.025000 1.266667 5.833333 80 0 132
0.389286 -0.617857 2.500000 141 38 108
1.177778 0.361111 3.888889 120 81 46
-0.066137 -0.368839 1.780604 153 115 167
0.450000 -0.600000 2.500000 217 77 65
-0.071795 -0.171795 1.794872 50 137 67
0.016667 1.533333 5.833333 0 22 64
0.941667 1.258333 5.833333 78 32 98
-0.097436 0.235897 1.794872 0 0 61
-0.272414 -0.094828 1.206897 0 60 99
0.310714 0.367857 2.500000 76 0 68
1.633333 -0.622222 3.888889 125 122 153
-0.008333 1.733333 5.833333 26 0 154
0.079487 -0.056410 1.794872 84 112 88
1.291667 1.391667 5.833333 44 35 9
0.196429 0.457143 2.500000 109 0 7
-0.030769 0.133333 1.794872 77 92 57
0.084615 -0.043590 1.794872 110 100 139
0.321429 0.017857 2.500000 42 0 96
0.166667 1.516667 5.833333 19 20 105
0.061538 -0.353846 1.794872 77 152 59
-0.264174 -0.134579 1.744548 177 139 128
0.725000 1.400000 5.833333 50 67 92
1.122222 -0.411111 3.888889 129 86 72
0.051282 0.302564 1.794872 40 105 0
-0.372414 -0.189655 1.206897 0 51 128
-0.133333 1.558333 5.833333 106 102 79
0.192857 -0.510714 2.500000 109 79 101
0.041026 -0.358974 1.794872 21 101 70
0.367857 -0.207143 2.500000 43 43 53
0.012821 -0.058974 1.794872 0 47 26
0.432143 -0.021429 2.500000 105 26 46
-0.227586 -0.212069 1.206897 5 38 47
1.314436 -0.894488 2.939633 161 162 127
0.041026 -0.223077 1.794872 102 97 12
1.138889 0.233333 3.888889 81 42 0
-0.041667 1.541667 5.833333 40 37 115
-1.600000 1.566667 5.833333 63 36 4
-0.336207 0.137931 1.206897 50 29 72
0.171429 -0.189286 2.500000 142 152 110
0.410714 0.389286 2.500000 99 30 0
1.500000 1.508333 5.833333 96 99 100
-0.279310 -0.136207 1.206897 0 7 162
-0.360345 0.105172 1.206897 71 117 95
-0.958333 1.175000 5.833333 30 39 49
0.915789 -1.047368 3.684211 125 112 113
0.514286 -0.600000 2.500000 114 125 52
1.050000 1.733333 5.833333 0 29 28
1.216667 0.433333 3.888889 117 74 8
0.217857 0.139286 2.500000 119 41 130
0.178571 -0.164286 2.500000 114 89 84
-0.300000 0.160345 1.206897 10 79 139
-0.220070 -0.264982 0.785965 120 141 133
-1.491667 1.775000 5.833333 45 57 35
-0.282759 0.193103 1.206897 78 7 135
-0.128205 -0.312821 1.794872 57 63 0
-1.208333 1.050000 5.833333 8 47 95
0.353571 -0.457143 2.500000 175 4 109
1.266667 1.583333 5.833333 42 82 0
0.521429 -0.217857 2.500000 118 86 0
-0.196429 -0.250000 1.250000 148 124 174
-1.508333 1.358333 5.833333 0 13 31
-0.277586 0.062069 1.206897 33 68 70
0.017949 0.125641 1.794872 29 113 19
-0.143590 -0.130769 1.794872 47 156 13
0.278571 -0.575000 2.500000 112 114 34
0.181737 0.356347 2.494432 83 86 129
1.211111 -0.411111 3.888889 147 127 51
-0.028205 -0.253846 1.794872 71 142 3
1.394444 -0.288889 3.888889 102 126 21
0.532143 -0.103571 2.500000 95 42 23
-0.094268 -0.369427 1.783440 112 175 159
-0.239655 -0.062069 1.206897 19 85 102
-0.285350 0.084076 1.783440 133 119 139
0.375000 -0.467857 2.500000 99 0 35
0.500000 -0.296429 2.500000 136 0 125
-0.141026 -0.084615 1.794872 78 91 67
-0.210619 -0.251327 1.238938 118 85 142
-0.329310 0.008621 1.206897 113 109 124
0.453571 0.467857 2.500000 9 35 69
-0.115385 0.207692 1.794872 32 126 40
-0.317241 -0.279310 1.206897 44 78 83
0.510714 0.357143 2.500000 88 38 44
-0.205128 -0.310256 1.794872 6 73 0
0.407143 -0.142857 2.500000 54 59 11
0.339286 -0.410714 2.500000 143 18 65
0.235714 0.189286 2.500000 55 90 40
-1.086010 1.807254 5.803109 134 105 148
-0.025000 1.400000 5.833333 149 96 71
-0.275862 0.093103 1.206897 0 58 109
1.427778 0.605556 3.888889 82 125 4
0.175000 1.508333 5.833333 0 82 0
-0.246552 -0.086207 1.206897 65 109 210
1.066667 -0.016667 3.888889 151 143 32
0.257143 -0.621429 2.500000 191 42 58
1.566667 0.644444 3.888889 133 112 83
1.022222 -0.027778 3.888889 219 32 26
-0.236207 -0.141379 1.206897 0 31 114
-0.120513 -0.017949 1.794872 54 44 0
0.058974 0.130769 1.794872 0 128 50
1.588889 -0.472222 3.888889 197 86 69
-0.189744 0.269231 1.794872 71 84 57
0.446429 0.467857 2.500000 40 84 105
-0.317241 0.005172 1.206897 62 82 85
0.525000 0.110714 2.500000 55 79 35
-0.066667 0.051282 1.794872 23 51 10
1.194444 -0.027778 3.888889 59 60 17
1.100000 -0.122222 3.888889 66 95 0
-0.274138 0.118966 1.206897 66 42 180
-0.064103 -0.358974 1.794872 56 115 65
-1.077720 1.798964 5.803109 120 155 113
1.655556 0.000000 3.888889 69 124 68
0.994444 -0.405556 3.888889 113 102 63
0.432143 0.239286 2.500000 89 29 69
0.350000 -0.525000 2.500000 80 41 129
-0.408333 1.325000 5.833333 75 91 94
-0.296552 -0.125862 1.206897 0 30 163
-0.317241 0.134483 1.206897 5 56 172
-1.250000 1.716667 5.833333 35 0 66
0.378571 -0.589286 2.500000 139 17 12
0.521429 -0.214286 2.500000 135 65 74
-0.158333 1.616667 5.833333 67 0 32
1.608333 1.066667 5.833333 136 153 138
0.282143 -0.678571 2.500000 75 92 108
1.355556 -0.216667 3.888889 101 93 0
-0.346552 0.022414 1.206897 51 43 111
-0.046154 -0.230769 1.794872 78 130 58
1.175000 1.591667 5.833333 42 0 69
1.227778 0.238889 3.888889 121 70 72
-0.066667 -0.084615 1.794872 87 108 0
0.353571 -0.250000 2.500000 97 45 98
0.403571 0.378571 2.500000 125 26 30
-0.135897 -0.317949 1.794872 98 115 0
-0.235897 -0.323077 1.794872 52 106 104
0.432143 -0.621429 2.500000 80 37 30
-0.351724 0.170690 1.206897 0 75 77
0.267857 -0.214286 2.500000 148 0 20
-0.379310 -0.244828 1.206897 8 76 94
-0.277586 -0.232759 1.206897 0 46 67
0.030769 -0.269231 1.794872 84 11 17
-0.223077 0.025641 1.794872 0 106 0
0.407143 -0.342857 2.500000 93 73 41
-0.179487 0.123077 1.794872 38 120 80
0.977778 0.394444 3.888889 143 157 125
-0.741667 1.516667 5.833333 0 48 156
0.421429 -0.235714 2.500000 100 0 33
0.383333 1.558333 5.833333 9 22 0
-0.222414 0.075862 1.206897 97 5 178
0.282143 0.042857 2.500000 81 57 36
1.433333 1.058333 5.833333 0 3 69
0.260714 -0.128571 2.500000 121 26 51
-0.117949 -0.007692 1.794872 2 134 55
-1.791667 1.191667 5.833333 36 125 77
-0.382759 -0.015517 1.206897 18 43 112
-0.336207 -0.263793 1.206897 54 83 131
0.482143 -0.392857 2.500000 94 35 78
0.116667 1.433333 5.833333 2 10 0
0.357143 0.096429 2.500000 132 21 73
-1.833333 1.708333 5.833333 0 120 107
-0.315517 0.044828 1.206897 58 139 141
-0.300000 0.151724 1.206897 52 2 108
-0.176923 -0.102564 1.794872 48 141 52
0.450000 -0.546429 2.500000 156 0 25
1.516667 0.333333 3.888889 109 123 76
7.800000 -1.275000 17.500000 172 143 166
0.489286 0.075000 2.500000 96 0 142
-0.208333 1.066667 5.833333 54 4 38
-0.253846 -0.348718 1.794872 105 130 137
0.414286 0.367857 2.500000 89 0 113
-0.148718 0.284615 1.794872 18 95 44
0.482143 0.428571 2.500000 120 53 78
1.044444 0.377778 3.888889 134 115 0
0.296429 -0.225000 2.500000 118 7 101
1.627682 0.586851 3.875432 151 134 126
-1.516667 1.325000 5.833333 46 59 98
0.533333 1.491667 5.833333 0 21 26
-0.225641 -0.335897 1.794872 40 124 0
-0.231034 0.043103 1.206897 5 96 108
1.244444 0.000000 3.888889 131 85 72
0.392857 -0.517857 2.500000 134 49 0
-0.079487 0.294872 1.794872 53 118 24
-0.218730 0.124004 1.205597 105 36 50
0.589286 0.167857 2.500000 96 2 99
1.544444 -0.477778 3.888889 145 42 0
0.375000 -0.360714 2.500000 113 70 37
-1.591667 1.116667 5.833333 0 60 110
0.233333 -0.260256 0.897436 74 146 140
0.000000 0.002564 1.794872 70 78 53
0.100153 0.043969 1.709924 155 111 106
-0.282759 0.182759 1.206897 43 51 99
1.466667 -0.122222 3.888889 146 42 119
0.385714 -0.589286 2.500000 98 0 30
0.971034 -0.540690 3.862069 158 108 176
1.033333 0.511111 3.888889 171 44 39
0.250000 -0.471429 2.500000 107 56 63
0.435714 -0.396429 2.500000 81 0 19
0.475000 1.758333 5.833333 36 105 36
0.603571 -0.114286 2.500000 158 99 96
-0.284483 -0.115517 1.206897 94 56 103
1.166667 1.325000 5.833333 47 40 73
0.015385 -0.287179 1.794872 88 69 8
1.600000 -0.322222 3.888889 120 97 41
-1.525000 1.566667 5.833333 9 20 62
-0.166501 0.085629 1.110010 129 130 106
0.357143 0.296429 2.500000 58 50 38
-1.216667 1.441667 5.833333 71 46 144
-0.241026 0.220513 1.794872 107 174 59
0.189286 0.453571 2.500000 176 117 58
-0.308621 -0.200000 1.206897 11 85 167
0.564286 -0.032143 2.500000 158 84 59
-0.650000 1.516667 5.833333 25 105 52
-0.053846 0.100000 1.794872 47 151 0
0.292857 -0.157143 2.500000 66 40 103
1.622145 0.116263 3.875432 149 28 0
1.622222 0.261111 3.888889 152 97 0
0.082051 -0.141026 1.794872 107 153 126
0.385714 -0.139286 2.500000 37 0 38
-0.184615 0.005128 1.794872 0 159 118
-0.287931 0.024138 1.206897 70 123 24
0.116667 1.416667 5.833333 38 70 49
0.257143 0.050000 2.500000 126 27 93
-0.365517 -0.244828 1.206897 103 94 113
-0.246154 0.000000 1.794872 129 126 50
0.571429 0.007143 2.500000 148 22 0
-0.286207 0.113793 1.206897 24 0 149
0.028205 -0.287179 1.794872 99 88 13
-0.791667 1.691667 5.833333 0 20 111
0.633333 1.716667 5.833333 3 61 85
1.305555 -0.177778 3.888889 95 87 0
1.094444 0.055556 3.888889 84 0 104
-1.041667 0.933333 5.833333 0 31 122
1.272222 -0.527778 3.888889 52 152 0
-0.282759 -0.262069 1.206897 81 86 120
0.064103 -0.043590 1.794872 0 106 18
-0.238462 -0.087179 1.794872 100 61 0
-0.246552 -0.248276 1.206897 49 37 75
-0.243103 0.120690 1.206897 9 112 130
0.091667 1.675000 5.833333 20 59 156
0.439286 0.435714 2.500000 109 65 108
1.472222 -0.394444 3.888889 107 51 50
0.089744 -0.038462 1.794872 130 74 184
0.560714 -0.207143 2.500000 137 41 100
-0.368966 0.020690 1.206897 25 121 135
-0.425000 1.516667 5.833333 92 17 81
0.260714 -0.428571 2.500000 90 46 59
-0.384483 0.181034 1.206897 20 39 100
0.225000 0.457143 2.500000 132 8 80
-0.300000 0.034483 1.206897 41 60 82
-0.069231 -0.141026 1.794872 16 19 0
0.350000 1.466667 5.833333 12 48 28
0.514286 -0.296429 2.500000 104 56 6
0.084615 -0.176923 1.794872 136 139 142
1.511111 -0.155556 3.888889 180 104 10
-0.308333 1.458333 5.833333 56 73 135
1.316667 -0.322222 3.888889 119 108 24
0.267857 -0.339286 2.500000 132 73 63
-0.184615 0.058974 1.794872 33 103 75
-0.041026 -0.212821 1.794872 0 103 46
1.327778 -0.566667 3.888889 193 83 20
1.616667 -0.500000 3.888889 193 169 12
1.650262 1.608377 5.863874 96 80 114
1.494444 -0.516667 3.888889 151 68 47
0.097125 0.099681 1.789137 100 83 166
0.285714 -0.646429 2.500000 118 52 0
-0.115385 -0.128205 1.794872 49 0 0
1.516667 0.450000 3.888889 121 101 48
0.221429 0.321429 2.500000 145 71 25
0.553571 -0.560714 2.500000 123 0 62
0.091077 0.046769 1.723077 135 130 71
0.977778 0.333333 3.888889 147 119 126
0.446429 0.121429 2.500000 185 18 34
-0.344828 -0.060345 1.206897 97 61 126
-0.286207 -0.250000 1.206897 1 50 27
1.572222 -0.650000 3.888889 185 90 93
-0.215517 0.103448 1.206897 129 115 102
0.425000 -0.203571 2.500000 148 13 0
0.546429 -0.650000 2.500000 4 26 45
0.503571 -0.371429 2.500000 117 86 16
1.133333 0.188889 3.888889 176 0 0
-0.222414 -0.068966 1.206897 11 68 115
-0.312069 -0.046552 1.206897 26 82 57
0.453571 0.000000 2.500000 155 16 108
6.240000 -4.200000 14.000000 136 192 200
1.389899 0.673401 3.771044 140 109 157
0.417857 -0.396429 2.500000 87 40 113
1.366667 0.438889 3.888889 255 21 0
-0.035897 -0.310256 1.794872 57 146 21
-0.386207 0.084483 1.206897 0 46 67
0.303571 0.175000 2.500000 59 68 66
0.002564 -0.212821 1.794872 61 127 129
0.503571 -0.382143 2.500000 178 3 142
-0.253440 -0.261120 1.792000 124 112 117
1.166667 -0.411111 3.888889 122 111 0
0.350000 1.225000 5.833333 51 71 89
0.457143 0.246429 2.500000 88 52 0
1.438889 -0.616667 3.888889 119 4 23
-0.275862 0.150000 1.206897 47 0 142
0.182143 -0.178571 2.500000 98 61 122
-0.270690 0.008621 1.206897 0 107 150
1.091667 1.325000 5.833333 55 87 75
-0.023077 0.076923 1.794872 55 180 21
1.438889 0.555556 3.888889 134 63 0
1.577778 -0.350000 3.888889 188 48 0
2.101333 2.186667 7.466667 134 124 83
1.244444 -0.072222 3.888889 202 150 73
0.079487 -0.061538 1.794872 57 153 52
-0.248718 -0.297436 1.794872 164 67 142
0.192857 0.375000 2.500000 82 45 30
-0.274138 0.036207 1.206897 54 3 8
1.611111 0.255556 3.888889 255 145 34
1.083333 0.177778 3.888889 157 93 84
0.492857 -0.014286 2.500000 141 21 35
0.571429 -0.510714 2.500000 64 127 119
-0.087179 0.105128 1.794872 53 114 89
1.577778 0.333333 3.888889 145 58 70
0.200000 1.058333 5.833333 0 137 94
0.246429 0.057143 2.500000 107 54 99
-0.020513 -0.202564 1.794872 100 65 28
0.364286 -0.371429 2.500000 148 59 71
0.389286 -0.225000 2.500000 65 21 76
1.394444 -0.538889 3.888889 135 80 67
-0.294828 -0.062069 1.206897 46 49 88
0.016667 1.583333 5.833333 0 64 96
0.375000 -0.135714 2.500000 66 0 113
0.275000 -0.525000 2.500000 87 38 105
0.496429 0.025000 2.500000 74 34 41
0.339286 -0.685714 2.500000 110 64 112
1.050000 0.533333 3.888889 84 125 0
0.267857 -0.196429 2.500000 47 0 40
0.596429 -0.482143 2.500000 138 137 140
-0.381034 0.167241 1.206897 89 57 55
-0.218966 -0.182759 1.206897 96 82 132
1.425000 0.750000 5.833333 87 43 61
-0.192308 0.289744 1.794872 99 157 57
0.407143 -0.242857 2.500000 57 35 26
-0.583333 1.391667 5.833333 0 49 74
0.303571 0.117857 2.500000 111 34 79
1.200000 1.291667 5.833333 13 84 170
0.116667 1.300000 5.833333 42 22 112
-0.591667 1.616667 5.833333 12 65 46
1.033333 0.422222 3.888889 153 56 4
1.058333 1.741667 5.833333 52 47 48
0.132143 0.321429 2.500000 0 16 74
-0.289157 -0.410077 1.226725 95 135 121
-0.362069 -0.077586 1.206897 86 42 156
0.385714 -0.600000 2.500000 189 79 100
-0.125641 -0.097436 1.794872 82 142 102
-0.248718 -0.317949 1.794872 133 116 119
0.232143 0.435714 2.500000 61 34 86
1.005556 0.411111 3.888889 97 54 27
0.150877 -0.396491 2.456140 111 151 106
1.765803 1.774093 5.803109 156 135 172
0.507143 0.192857 2.500000 94 51 109
-0.087179 -0.130769 1.794872 53 152 0
1.391667 1.575000 5.833333 10 47 98
-0.381034 -0.289655 1.206897 0 83 87
-0.264444 0.015556 1.555556 137 81 110
0.061538 -0.079487 1.794872 45 0 14
0.582143 -0.292857 2.500000 85 29 51
-0.825000 1.566667 5.833333 0 86 54
-0.180504 0.029792 1.226725 124 104 173
0.546429 -0.228571 2.500000 88 49 61
-0.084615 0.079487 1.794872 66 46 0
0.242857 -0.189286 2.500000 130 66 98
1.533333 0.038889 3.888889 115 53 12
0.071795 0.038462 1.794872 12 34 0
-0.351724 -0.229310 1.206897 71 125 112
0.282143 -0.203571 2.500000 157 12 73
-0.608333 1.283333 5.833333 0 71 101
-0.358621 0.189655 1.206897 53 32 114
0.564286 -0.675000 2.500000 73 42 71
1.494444 -0.461111 3.888889 147 28 0
1.083333 1.575000 5.833333 18 82 40
0.575765 -0.362301 1.370869 155 112 92
-0.691667 1.608333 5.833333 11 61 69
-0.353448 0.024138 1.206897 20 30 70
-1.200000 1.708333 5.833333 53 80 83
-0.883333 1.091667 5.833333 0 8 117
0.592857 -0.107143 2.500000 129 115 120
0.350000 0.475000 2.500000 98 42 120
0.005128 0.000000 1.794872 14 90 0
0.199676 -0.283955 0.907618 165 137 134
-1.466667 1.400000 5.833333 0 61 124
0.145140 -0.373218 2.419007 115 146 118
0.988889 -0.277778 3.888889 115 116 81
0.051282 0.058974 1.794872 97 69 57
-0.130769 -0.089744 1.794872 54 173 94
0.137868 0.409977 2.539683 13 36 178
-0.483333 1.316667 5.833333 17 79 41
1.255556 0.372222 3.888889 169 93 18
0.175391 0.025056 2.505593 167 170 120
0.066667 0.200000 1.794872 72 97 0
-0.287931 -0.217241 1.206897 99 2 103
-1.325000 1.791667 5.833333 29 65 99
0.489286 -0.403571 2.500000 47 58 0
0.464286 0.346429 2.500000 111 1 29
1.105556 0.455556 3.888889 159 46 11
-0.491667 1.266667 5.833333 65 48 143
-0.016667 1.508333 5.833333 0 16 69
0.460714 0.375000 2.500000 66 64 115
-0.382759 0.015517 1.206897 2 0 148
0.353571 0.396429 2.500000 114 0 81
0.475000 0.314286 2.500000 117 59 58
1.441667 1.383333 5.833333 20 40 45
-0.164103 -0.079487 1.794872 62 85 0
0.023077 -0.320513 1.794872 0 64 125
0.532143 -0.267857 2.500000 67 0 108
-0.315517 0.124138 1.206897 51 61 85
0.285714 0.096429 2.500000 17 129 77
-0.256897 -0.118966 1.206897 47 56 111
0.043590 -0.161538 1.794872 72 111 29
0.278571 0.407143 2.500000 158 13 34
1.027778 -0.033333 3.888889 106 88 0
-0.076433 -0.374522 1.783440 124 142 110
-0.251724 0.096552 1.206897 68 22 94
0.410714 -0.060714 2.500000 153 0 0
0.317857 -0.307143 2.500000 128 34 94
0.002564 -0.189744 1.794872 0 148 0
-0.341379 0.151724 1.206897 66 66 74
-0.092308 -0.197436 1.794872 70 142 30
-0.725000 1.208333 5.833333 7 39 78
-0.279310 0.024138 1.206897 52 60 143
1.133333 0.150000 3.888889 168 47 34
-1.375000 1.483333 5.833333 0 100 67
-0.368966 -0.051724 1.206897 18 0 147
-0.251724 0.094828 1.206897 1 86 50
1.300000 -0.244444 3.888889 145 126 0
-0.149361 -0.411253 1.432225 123 152 122
-0.958333 1.091667 5.833333 27 51 5
0.192857 -0.125000 2.500000 148 20 41
-0.310345 0.144828 1.206897 66 113 117
0.557143 0.060714 2.500000 225 42 147
-0.250000 -0.212069 1.206897 98 2 131
1.022222 -0.494444 3.888889 175 48 40
-0.255172 -0.086207 1.206897 0 0 143
-1.275000 1.208333 5.833333 90 0 78
0.425000 -0.217857 2.500000 137 39 66
0.191667 1.233333 5.833333 12 55 75
-1.050000 0.925000 5.833333 19 20 105
0.546429 0.346429 2.500000 106 25 80
-0.115385 0.184615 1.794872 0 139 60
0.300000 -0.457143 2.500000 120 0 83
0.533333 1.566667 5.833333 0 76 41
-0.191667 1.266667 5.833333 34 34 106
0.955556 0.853333 3.111111 119 134 112
1.235233 1.193782 5.803109 83 26 103
0.514286 0.100000 2.500000 122 4 104
0.250000 0.150000 2.500000 76 44 18
0.542857 -0.450000 2.500000 161 65 57
0.353571 0.071429 2.500000 80 0 44
-0.035897 -0.151282 1.794872 63 105 11
-0.241026 0.117949 1.794872 67 113 0
0.200000 -0.525000 2.500000 157 54 27
-0.112821 -0.361538 1.794872 155 137 7
-0.293461 0.094418 1.786284 126 122 91
-0.251724 -0.210345 1.206897 47 21 0
-0.237931 0.103448 1.206897 47 0 173
0.492857 0.142857 2.500000 106 43 130
0.564286 -0.164286 2.500000 181 27 97
-1.016667 1.300000 5.833333 0 85 64
-0.079487 0.079487 1.794872 89 27 59
-0.100000 0.192308 1.794872 55 116 50
-0.260345 -0.139655 1.206897 102 65 99
0.564286 -0.457143 2.500000 73 53 55
0.535714 -0.460714 2.500000 54 38 0
-0.035897 -0.082051 1.794872 0 149 50
1.000000 0.361111 3.888889 141 150 74
-0.250000 0.120690 1.206897 77 72 74
0.510714 -0.435714 2.500000 179 0 22
0.077670 3.572815 10.873786 104 167 116
-0.327586 -0.125862 1.206897 49 27 125
-0.016667 1.825000 5.833333 161 119 132
-0.365517 -0.081034 1.206897 48 0 60
-0.268966 -0.005172 1.206897 85 112 102
-0.236207 0.155172 1.206897 65 86 105
0.296429 0.182143 2.500000 145 57 0
1.544444 -0.066667 3.888889 122 9 27
-0.169231 -0.133333 1.794872 0 141 14
0.330303 0.669697 2.121212 94 152 123
-0.094872 0.066667 1.794872 63 16 0
1.566667 1.233333 5.833333 22 0 78
-0.450000 1.291667 5.833333 23 59 40
0.553571 -0.296429 2.500000 143 38 49
-0.069231 -0.100000 1.794872 67 113 11
0.175000 0.150000 2.500000 113 104 125
0.489286 -0.385714 2.500000 49 0 44
-1.475000 1.391667 5.833333 40 74 105
0.600000 1.216667 5.833333 1 30 125
0.421429 -0.203571 2.500000 99 45 49
-0.051282 0.279487 1.794872 74 146 42
-0.339655 -0.110345 1.206897 15 51 87
-0.100000 -0.361538 1.794872 20 96 0
-1.591667 1.141667 5.833333 6 0 28
-0.223077 0.125641 1.794872 89 126 48
1.416667 0.022222 3.888889 114 0 1
0.546429 -0.075000 2.500000 121 54 96
1.100000 1.458333 5.833333 38 0 88
0.283333 1.325000 5.833333 48 65 33
1.066667 0.216667 3.888889 154 108 11
0.375000 0.375000 2.500000 113 28 74
-0.368966 -0.243103 1.206897 60 0 101
-1.491667 1.316667 5.833333 6 161 97
0.007692 -0.320513 1.794872 0 117 17
0.221429 -0.275000 2.500000 114 90 0
0.425000 1.400000 5.833333 0 64 74
-0.141026 0.020513 1.794872 0 105 0
0.321429 0.396429 2.500000 99 10 82
-0.239655 -0.196552 1.206897 27 42 105
-1.166667 1.716667 5.833333 62 37 73
-0.708333 1.425000 5.833333 27 25 89
0.428571 0.353571 2.500000 61 57 1
1.577778 0.327778 3.888889 155 89 2
0.250000 0.003571 2.500000 136 0 28
0.496429 0.042857 2.500000 126 54 3
-0.192308 -0.184615 1.794872 127 101 32
1.583333 0.338889 3.888889 92 118 8
0.560714 -0.064286 2.500000 94 0 90
1.425000 1.816667 5.833333 113 136 117
-0.213462 -0.038462 1.346154 105 94 135
1.541667 1.000000 5.833333 1 68 57
-0.248718 -0.294872 1.794872 76 147 170
-0.239655 0.067241 1.206897 0 105 68
1.438889 0.511111 3.888889 181 76 0
0.303571 -0.417857 2.500000 17 54 51
0.416667 1.233333 5.833333 0 60 100
-0.227586 -0.150000 1.206897 63 66 99
2.483333 0.600000 5.833333 147 136 117
-0.245760 0.145920 1.792000 0 76 125
0.375000 0.196429 2.500000 102 30 90
-0.213447 -0.051227 1.195304 168 134 176
-0.370690 -0.277586 1.206897 143 67 62
-1.416667 1.666667 5.833333 97 72 123
1.366667 1.425000 5.833333 65 0 123
0.335714 0.003571 2.500000 122 52 50
0.525000 0.478571 2.500000 92 0 91
0.492857 -0.050000 2.500000 99 45 51
0.353571 0.150000 2.500000 124 25 115
1.566667 0.133333 3.888889 155 35 21
0.267857 0.403571 2.500000 98 24 78
0.133333 1.758333 5.833333 0 124 113
-0.250000 -0.003448 1.206897 27 64 75
-0.500000 1.600000 5.833333 22 64 107
1.600000 0.016667 3.888889 149 43 110
1.133333 1.775000 5.833333 5 74 105
1.216667 -0.133333 3.888889 107 51 0
1.066667 1.525000 5.833333 0 38 77
0.382143 0.289286 2.500000 116 82 16
-0.633333 1.108333 5.833333 21 0 47
1.566667 -0.411111 3.888889 152 56 20
-0.327586 -0.022414 1.206897 21 69 74
0.069231 -0.053846 1.794872 0 81 0
-0.306897 0.105172 1.206897 0 134 41
1.400000 0.477778 3.888889 131 48 25
-0.230769 0.079487 1.794872 0 113 13
1.555556 0.122222 3.888889 187 41 24
0.435714 -0.482143 2.500000 27 56 51
-0.115385 -0.266667 1.794872 0 133 19
0.407143 -0.114286 2.500000 99 34 94
0.560825 1.797938 5.773196 131 119 84
1.161111 -0.083333 3.888889 105 77 71
0.442857 -0.378571 2.500000 95 89 12
1.255556 -0.083333 3.888889 162 96 31
1.600000 -0.455556 3.888889 184 22 42
0.485714 0.314286 2.500000 100 61 69
0.043590 0.038462 1.794872 32 132 22
-0.017949 -0.197436 1.794872 0 76 53
-0.336207 0.081034 1.206897 38 10 42
1.511111 0.494444 3.888889 198 50 15
0.503571 0.110714 2.500000 35 24 30
0.503571 -0.367857 2.500000 125 27 67
-0.171795 -0.307692 1.794872 9 117 43
0.296429 0.275000 2.500000 123 4 52
0.414286 0.192857 2.500000 113 67 72
0.564286 -0.089286 2.500000 112 9 42
-0.074359 0.289744 1.794872 4 59 0
0.189286 0.210714 2.500000 60 64 49
-0.233333 0.015385 1.794872 28 23 29
-0.783333 1.475000 5.833333 68 80 4
0.074359 0.100000 1.794872 80 128 0
0.257143 0.003571 2.500000 53 0 41
0.317857 -0.614286 2.500000 112 0 106
-0.061538 0.087179 1.794872 11 134 0
0.500000 -0.582143 2.500000 174 60 37
0.417857 0.207143 2.500000 202 125 79
1.333333 -0.616667 3.888889 161 37 53
-1.483333 1.416667 5.833333 33 8 85
-0.217949 0.148718 1.794872 21 26 0
-0.043590 0.156410 1.794872 2 121 0
1.444444 -0.166667 3.888889 130 35 0
0.485714 -0.167857 2.500000 194 23 68
1.325000 1.466667 5.833333 26 85 104
0.425000 0.425000 2.500000 148 0 48
1.693471 -0.318900 3.848797 117 115 129
0.278571 -0.271429 2.500000 72 0 51
0.168233 0.411633 2.505593 0 12 75
-0.066667 0.264103 1.794872 63 89 30
-0.374138 0.032759 1.206897 0 118 37
0.464286 0.257143 2.500000 96 55 70
-0.341667 1.083333 5.833333 0 64 152
0.325000 -0.132143 2.500000 71 29 52
1.244444 -0.488889 3.888889 182 55 82
-0.025641 -0.325641 1.794872 54 145 0
1.522222 0.005556 3.888889 98 95 95
-1.358333 1.725000 5.833333 20 21 126
0.407143 -0.567857 2.500000 77 29 17
0.558333 1.691667 5.833333 62 0 118
0.639252 -0.022430 2.616822 139 137 210
0.185714 0.489286 2.500000 101 47 107
1.072222 -0.094444 3.888889 154 0 18
0.557143 0.010714 2.500000 134 27 54
-0.324138 -0.206897 1.206897 15 43 105
0.007692 -0.330769 1.794872 0 91 66
1.188889 -0.522222 3.888889 145 17 68
0.292857 -0.078571 2.500000 124 102 66
0.289286 0.264286 2.500000 39 0 135
1.528028 0.653287 3.875432 102 78 38
0.802057 -0.662211 2.879177 122 140 133
0.228571 0.392857 2.500000 145 0 63
1.483333 0.183333 3.888889 170 79 66
0.082051 -0.097436 1.794872 122 78 128
-0.153846 0.271795 1.794872 0 73 35
0.321429 -0.182143 2.500000 106 51 60
-1.000000 1.541667 5.833333 74 93 103
-0.202564 -0.017949 1.794872 63 77 7
0.596429 -0.453571 2.500000 97 131 114
1.427778 -0.022222 3.888889 208 98 62
0.988889 0.011111 3.888889 127 120 151
0.328571 0.178571 2.500000 75 0 129
-0.053846 0.120513 1.794872 42 123 66
0.182143 -0.225000 2.500000 73 37 0
0.578571 0.121429 2.500000 103 52 51
0.021739 0.978261 3.043478 117 120 61
0.421429 -0.325000 2.500000 135 53 84
-0.374138 -0.074138 1.206897 7 47 104
-0.263793 0.087931 1.206897 10 38 33
-1.750000 1.208333 5.833333 38 59 157
1.016667 1.550000 5.833333 0 38 53
1.350000 0.500000 3.888889 176 31 0
-0.153846 -0.284615 1.794872 14 113 0
-0.303448 -0.015517 1.206897 75 44 199
0.346429 0.221429 2.500000 116 36 87
-0.384483 -0.053448 1.206897 63 57 175
0.585714 -0.382143 2.500000 34 70 76
-0.341379 0.137931 1.206897 0 64 151
-0.229310 0.201724 1.206897 21 115 85
-0.233333 1.533333 5.833333 41 77 94
0.367857 -0.442857 2.500000 134 0 63
1.644599 0.262021 3.902439 128 171 125
1.566667 0.211111 3.888889 157 23 99
-0.166667 0.089744 1.794872 0 133 0
0.378571 -0.375000 2.500000 89 89 103
-0.233333 -0.341026 1.794872 81 124 40
0.108333 1.208333 5.833333 32 91 48
0.200000 -0.539286 2.500000 137 0 23
0.421429 -0.125000 2.500000 85 0 96
0.292857 -0.189286 2.500000 162 57 0
0.417857 -0.096429 2.500000 148 75 34
0.083333 1.466667 5.833333 0 24 86
-0.271947 0.018482 1.848185 142 76 126
0.196429 0.203571 2.500000 108 0 43
0.994444 -0.261111 3.888889 195 22 0
-0.058333 1.250000 5.833333 41 40 42
-0.331034 -0.137931 1.206897 0 28 60
1.000000 -0.411111 3.888889 72 69 32
0.866667 1.575000 5.833333 17 116 145
0.217857 -0.660714 2.500000 149 13 107
-1.633333 1.533333 5.833333 0 30 73
-1.800000 1.400000 5.833333 23 93 90
-0.105128 0.079487 1.794872 0 108 94
-0.179487 -0.212821 1.794872 115 163 85
0.650000 1.250000 5.833333 27 37 54
0.314286 -0.207143 2.500000 108 37 59
1.566667 0.194444 3.888889 203 63 0
-0.082051 -0.043590 1.794872 72 57 104
0.260714 -0.589286 2.500000 123 97 104
-0.483333 1.791667 5.833333 0 23 107
-0.281034 0.063793 1.206897 32 73 85
-1.850000 1.100000 5.833333 0 19 94
1.244444 -0.527778 3.888889 206 103 10
0.137500 0.368750 2.187500 0 68 141
0.335714 0.035714 2.500000 98 60 85
0.517857 -0.650000 2.500000 138 15 87
1.591667 1.433333 5.833333 66 57 37
0.307143 -0.350000 2.500000 118 1 48
0.166667 1.666667 5.833333 23 0 89
1.600000 0.105556 3.888889 97 147 5
0.214286 0.417857 2.500000 159 9 64
0.539286 0.325000 2.500000 70 0 68
-0.248320 0.179200 1.792000 140 112 110
-0.337931 -0.186207 1.206897 16 0 178
1.588889 -0.088889 3.888889 91 71 42
-0.313793 0.081034 1.206897 82 0 87
-0.322414 -0.031034 1.206897 20 65 0
-0.110256 -0.005128 1.794872 94 31 29
0.000000 -0.223077 1.794872 5 49 68
0.410714 -0.339286 2.500000 100 36 80
-0.441667 1.766667 5.833333 31 51 79
1.125000 1.225000 5.833333 17 91 28
1.194444 -0.655556 3.888889 154 79 151
-0.315517 -0.110345 1.206897 30 0 153
0.140741 -0.025926 2.592592 166 120 102
0.066667 1.783333 5.833333 21 39 175
0.357143 -0.671429 2.500000 203 70 6
0.458333 1.516667 5.833333 1 66 59
0.517857 -0.578571 2.500000 182 8 46
-0.050000 1.050000 5.833333 54 100 80
-0.215385 -0.292308 1.794872 91 51 39
1.441667 1.450000 5.833333 0 37 52
-0.046154 0.212821 1.794872 15 107 113
-1.633333 1.741667 5.833333 45 46 110
0.043590 0.020513 1.794872 27 77 14
1.611111 0.083333 3.888889 189 116 0
1.458333 1.466667 5.833333 0 3 110
0.510714 -0.278571 2.500000 135 81 63
-0.333333 1.591667 5.833333 0 44 56
1.377778 -0.183333 3.888889 195 167 0
-0.283919 -0.335675 1.035120 134 148 129
-0.048718 0.082051 1.794872 61 109 65
-1.708333 1.400000 5.833333 0 0 14
0.582143 -0.017857 2.500000 64 0 30
1.840927 0.135907 4.324324 144 167 148
0.500000 0.307143 2.500000 171 30 52
-0.227586 0.053448 1.206897 0 53 88
-0.304516 -0.144516 1.806452 148 112 147
-0.219647 -0.159194 1.410579 164 144 133
-0.046154 -0.269231 1.794872 64 95 72
1.155555 0.200000 3.888889 66 129 49
1.500000 -0.322222 3.888889 128 27 15
0.560714 -0.025000 2.500000 152 123 57
-0.279310 -0.213793 1.206897 45 0 154
1.277778 -0.544444 3.888889 202 70 0
1.461111 -0.344444 3.888889 93 130 0
1.455556 -0.466667 3.888889 201 103 16
0.046154 -0.200000 1.794872 42 118 84
0.745299 1.504274 4.786325 117 124 184
-1.333333 1.266667 5.833333 22 76 162
-1.058333 1.233333 5.833333 65 50 51
-0.265517 -0.182759 1.206897 36 48 47
-0.246154 0.125641 1.794872 72 18 74
-0.205128 0.082051 1.794872 103 85 0
0.421429 -0.382143 2.500000 93 78 53
-1.750000 1.666667 5.833333 17 50 85
-0.666667 1.708333 5.833333 31 54 78
0.239286 -0.128571 2.500000 137 0 27
1.427778 -0.550000 3.888889 119 84 123
1.261111 -0.316667 3.888889 132 82 41
-0.258333 1.583333 5.833333 0 136 83
0.582143 0.007143 2.500000 107 47 85
0.296429 -0.500000 2.500000 153 22 142
0.125000 1.758333 5.833333 20 37 109
-0.158974 -0.235897 1.794872 71 117 0
0.010256 0.071795 1.794872 33 144 32
0.189286 0.360714 2.500000 42 104 93
-0.268966 -0.022414 1.206897 26 4 142
-0.223077 -0.161538 1.794872 52 126 8
-0.983333 1.533333 5.833333 0 72 83
-0.041026 0.271795 1.794872 18 88 0
-0.005128 -0.135897 1.794872 147 35 28
-0.362069 -0.043103 1.206897 27 68 123
1.125000 1.408333 5.833333 49 122 23
-0.575000 1.175000 5.833333 9 66 34
1.300000 0.355556 3.888889 130 73 13
1.105556 0.311111 3.888889 98 119 0
1.684211 1.793684 5.894737 130 86 138
-0.337931 0.187931 1.206897 80 53 190
0.598664 -0.060579 2.494432 103 96 162
-0.175000 1.383333 5.833333 10 75 76
0.532143 0.253571 2.500000 112 25 76
0.553571 0.057143 2.500000 83 28 46
1.361111 0.538889 3.888889 93 9 6
0.342857 -0.228571 2.500000 110 62 27
-0.329310 -0.165517 1.206897 41 51 37
1.577778 -0.488889 3.888889 126 47 24
-0.178751 0.022782 1.226725 183 167 118
0.453571 -0.171429 2.500000 139 57 123
0.564286 0.260714 2.500000 135 17 95
-0.207692 0.141026 1.794872 95 69 51
-0.184615 0.166667 1.794872 114 95 0
0.300000 -0.150000 2.500000 169 36 55
1.555556 0.011111 3.888889 188 108 5
-1.758333 1.650000 5.833333 61 36 33
0.396429 0.332143 2.500000 88 41 62
-0.102564 -0.120513 1.794872 75 64 17
-0.268966 0.158621 1.206897 0 122 122
-0.908333 1.041667 5.833333 33 26 102
1.011111 -0.288889 3.888889 172 101 34
1.591667 1.216667 5.833333 40 42 118
-0.258333 1.616667 5.833333 6 69 71
0.417857 -0.010714 2.500000 88 0 40
1.122222 -0.266667 3.888889 96 111 0
0.514286 0.432143 2.500000 174 0 25
0.658333 1.433333 5.833333 24 7 73
1.105556 -0.427778 3.888889 107 62 0
0.292857 -0.425000 2.500000 125 12 34
-1.708333 1.450000 5.833333 34 31 95
0.553571 0.335714 2.500000 128 0 99
1.161111 0.222222 3.888889 173 58 37
1.194444 0.105556 3.888889 78 60 51
1.605536 -0.669896 3.875432 149 97 110
-0.383333 1.508333 5.833333 0 33 52
1.361111 0.100000 3.888889 151 122 0
-0.237931 0.186207 1.206897 18 4 50
1.566667 1.675000 5.833333 0 0 103
0.328571 0.064286 2.500000 137 34 82
1.211111 0.044444 3.888889 161 0 0
-0.079487 -0.287179 1.794872 16 69 52
4.407017 -1.249123 9.824561 188 173 138
0.164103 -0.362096 1.248606 42 100 115
-0.023077 0.158974 1.794872 0 23 51
-0.296552 0.141379 1.206897 27 10 66
1.238889 -0.138889 3.888889 101 98 0
0.314286 -0.107143 2.500000 147 20 87
-0.197436 0.151282 1.794872 53 54 137
-0.035897 -0.110256 1.794872 13 32 4
-0.202564 0.038462 1.794872 75 47 8
0.253571 -0.239286 2.500000 87 79 113
-0.237931 0.079310 1.206897 81 69 108
0.553571 -0.392857 2.500000 109 13 45
0.303571 0.235714 2.500000 57 43 10
-0.227586 0.070690 1.206897 6 11 142
1.372222 0.333333 3.888889 255 124 7
1.516667 -0.316667 3.888889 96 31 48
0.407143 -0.546429 2.500000 29 34 129
1.016667 -0.572222 3.888889 124 53 17
1.194444 -0.661111 3.888889 161 87 2
0.521429 -0.289286 2.500000 139 26 25
0.353571 -0.292857 2.500000 128 36 43
0.225000 0.100000 2.500000 126 0 70
0.335714 -0.010714 2.500000 93 51 59
-0.344828 -0.258621 1.206897 32 35 145
1.252414 -0.678621 3.862069 112 111 95
1.044444 0.422222 3.888889 108 100 56
-0.332759 0.067241 1.206897 39 73 68
0.174610 -0.235189 2.494432 108 154 115
-0.246154 -0.107692 1.794872 4 66 44
-0.056410 0.061538 1.794872 0 50 0
0.658333 1.783333 5.833333 0 39 41
-0.525000 1.491667 5.833333 17 0 64
1.591667 1.400000 5.833333 0 74 32
0.985467 -0.238062 3.875432 147 127 142
-0.110256 0.269231 1.794872 14 91 0
0.385714 0.092857 2.500000 93 17 99
-0.200000 0.194872 1.794872 26 95 10
-0.258621 0.101724 1.206897 24 60 134
-0.241026 0.041026 1.794872 47 155 22
-0.230769 0.074359 1.794872 54 112 25
-0.189744 0.064103 1.794872 92 99 12
-0.318979 -0.405742 1.786284 104 118 167
1.300000 -0.055556 3.888889 115 105 39
0.026230 -0.681967 3.060109 133 158 153
1.644444 -0.361111 3.888889 105 106 177
-1.375000 1.341667 5.833333 29 0 25
1.383333 1.483333 5.833333 46 47 136
0.400000 1.708333 5.833333 0 91 48
1.366667 1.633333 5.833333 0 55 53
0.331944 0.311111 0.972222 88 136 171
0.450000 1.225000 5.833333 0 0 107
-0.332759 -0.037931 1.206897 15 73 139
-0.230769 0.102564 1.794872 48 46 22
1.275000 1.691667 5.833333 21 28 85
0.189286 -0.485714 2.500000 55 63 20
-0.234483 -0.225862 1.206897 14 6 96
-0.133333 -0.300000 1.794872 29 52 10
1.261111 0.494444 3.888889 153 66 23
0.642006 0.556740 1.755486 179 103 156
0.403571 0.185714 2.500000 111 21 2
0.015385 -0.338462 1.794872 40 106 27
-0.933333 1.125000 5.833333 34 55 14
1.011111 -0.261111 3.888889 69 118 0
0.758333 1.758333 5.833333 32 49 60
-0.339655 0.022414 1.206897 35 30 71
1.378547 0.675433 3.875432 118 113 105
-0.197002 -0.140471 1.199143 172 97 119
1.616667 -0.094444 3.888889 114 87 51
-1.558333 1.425000 5.833333 0 9 94
0.069231 -0.102564 1.794872 20 60 0
1.261111 -0.255556 3.888889 149 83 6
-0.046154 0.023077 1.794872 0 70 0
0.260714 -0.057143 2.500000 116 0 86
-0.094872 0.164103 1.794872 47 68 84
0.741667 1.241667 5.833333 81 66 35
-1.441667 1.491667 5.833333 0 25 61
-0.133333 0.110256 1.794872 54 112 0
-0.268800 0.253440 1.792000 11 95 79
-0.197436 0.241026 1.794872 32 45 62
1.083333 -0.211111 3.888889 173 72 26
-1.683333 1.033333 5.833333 56 28 103
1.172000 0.852000 2.800000 139 167 160
0.091667 1.800000 5.833333 166 151 133
-0.222414 0.018966 1.206897 32 191 157
0.158333 1.541667 5.833333 26 76 111
1.466667 1.816667 5.833333 167 152 88
0.350000 1.458333 5.833333 4 163 170
-0.372414 0.172414 1.206897 76 3 96
1.133333 -0.305556 3.888889 120 24 33
-0.382759 0.087931 1.206897 63 62 133
0.066667 0.143590 1.794872 70 50 24
-0.284483 0.186207 1.206897 63 38 49
1.566667 -0.166667 3.888889 119 72 21
-0.275862 0.112069 1.206897 62 65 150
-1.775000 1.241667 5.833333 0 12 102
1.058333 1.300000 5.833333 107 67 98
0.026568 -0.469373 2.066421 113 187 128
0.988889 0.311111 3.888889 125 114 94
-0.033333 0.292308 1.794872 65 70 79
-0.279310 -0.094828 1.206897 74 96 84
-0.315178 -0.285899 1.205597 90 156 84
0.069231 -0.084615 1.794872 46 128 53
0.583333 1.325000 5.833333 0 100 34
-0.353448 0.046552 1.206897 8 58 90
1.511111 -0.066667 3.888889 210 1 8
0.056410 -0.348718 1.794872 92 112 113
0.775000 1.516667 5.833333 43 83 109
-0.220690 -0.196552 1.206897 80 104 145
1.322222 -0.033333 3.888889 140 120 17
0.360714 -0.192857 2.500000 192 54 101
-0.294828 -0.025862 1.206897 3 58 36
0.083333 1.683333 5.833333 0 101 114
-0.358621 -0.101724 1.206897 90 37 60
0.500000 0.446429 2.500000 118 80 31
1.002076 -0.155017 3.875432 210 17 0
-0.372414 -0.005172 1.206897 9 0 24
-0.200000 -0.166667 1.794872 11 49 13
0.038462 0.069231 1.794872 90 113 0
-0.166667 -0.351282 1.794872 30 118 49
1.405555 0.161111 3.888889 142 103 62
-0.228205 0.089744 1.794872 64 69 68
0.076923 -0.320513 1.794872 81 112 29
-0.681818 1.981818 6.363636 124 126 115
1.000000 -0.483333 3.888889 110 84 0
0.133333 1.075000 5.833333 93 25 105
-0.130769 -0.130769 1.794872 98 111 16
1.000000 1.583333 5.833333 5 31 83
0.389286 -0.139286 2.500000 136 15 29
1.633333 0.050000 3.888889 144 156 127
-0.268966 0.113793 1.206897 6 17 39
1.166667 -0.516667 3.888889 217 181 0
0.592857 -0.007143 2.500000 116 119 59
0.591667 1.791667 5.833333 10 23 73
0.258333 1.375000 5.833333 0 73 110
0.783333 1.391667 5.833333 0 20 96
-0.384375 -0.215625 2.187500 129 126 115
-0.010256 0.115385 1.794872 51 36 30
-0.287931 0.056897 1.206897 46 71 140
-1.558333 1.183333 5.833333 35 35 75
0.267857 0.260714 2.500000 107 42 86
0.196429 0.317857 2.500000 100 0 27
0.282143 0.392857 2.500000 139 59 22
1.300000 1.633333 5.833333 92 23 95
-0.360345 0.101724 1.206897 81 94 117
0.233333 1.600000 5.833333 27 84 77
0.850000 1.475000 5.833333 18 49 37
-0.290909 0.086762 1.786284 121 109 155
-0.384483 0.124138 1.206897 79 24 142
1.200000 -0.238889 3.888889 190 82 0
1.344444 -0.327778 3.888889 99 5 60
1.050000 0.050000 3.888889 124 62 9
-0.344828 0.122414 1.206897 77 0 122
0.571429 -0.132143 2.500000 68 54 0
-0.333333 1.025000 5.833333 15 91 96
0.741667 1.483333 5.833333 0 38 64
1.500000 1.141667 5.833333 9 91 0
1.411111 -0.516667 3.888889 175 31 0
0.507143 0.289286 2.500000 102 75 20
0.360714 -0.432143 2.500000 154 89 63
0.100000 1.216667 5.833333 0 35 51
0.289286 0.471429 2.500000 109 0 40
1.405555 0.255556 3.888889 199 35 0
-1.258333 1.550000 5.833333 7 69 99
-0.264952 0.259807 1.800643 95 82 98
0.958333 1.700000 5.833333 0 68 71
1.461111 -0.450000 3.888889 162 24 49
-0.241026 -0.089744 1.794872 0 60 48
-0.104960 -0.368640 1.792000 132 114 125
1.083333 1.533333 5.833333 0 80 109
0.353571 0.325000 2.500000 71 66 61
1.611111 -0.277778 3.888889 126 99 0
0.310714 -0.053571 2.500000 69 0 83
-0.135897 0.100000 1.794872 93 94 43
1.100000 -0.183333 3.888889 131 123 46
0.503571 0.382143 2.500000 170 20 100
-0.306897 -0.081034 1.206897 0 46 110
-0.313793 -0.134483 1.206897 58 19 123
-0.775000 1.425000 5.833333 0 20 61
1.016667 0.611111 3.888889 146 114 48
-0.391667 1.525000 5.833333 0 0 106
-0.298276 0.015517 1.206897 34 77 43
0.532143 -0.339286 2.500000 107 42 77
0.453571 0.478571 2.500000 75 0 22
1.461111 -0.083333 3.888889 193 75 16
0.592857 -0.125000 2.500000 138 107 103
0.051282 0.284615 1.794872 68 70 1
0.453571 0.175000 2.500000 148 14 35
-0.232759 -0.012069 1.206897 58 88 77
1.258333 1.658333 5.833333 19 74 94
1.022222 0.177778 3.888889 199 109 42
0.328571 0.435714 2.500000 166 28 110
-1.525000 1.133333 5.833333 11 139 93
-0.174359 -0.076923 1.794872 0 86 110
0.260714 -0.092857 2.500000 151 103 54
0.025641 0.225641 1.794872 27 147 38
1.144444 -0.600000 3.888889 26 95 42
0.056410 -0.117949 1.794872 8 60 86
0.253571 -0.507143 2.500000 104 49 40
0.403571 -0.532143 2.500000 105 33 0
1.232861 -0.852125 3.172805 122 142 111
-0.272414 0.146552 1.206897 63 65 74
-0.051282 0.130769 1.794872 65 76 42
1.577778 -0.211111 3.888889 141 58 0
0.289286 -0.492857 2.500000 97 0 87
-0.102564 -0.012821 1.794872 7 65 97
1.422222 -0.083333 3.888889 151 31 0
-0.046154 0.082051 1.794872 13 116 26
0.292857 0.128571 2.500000 173 4 62
-0.251724 -0.141379 1.206897 19 49 63
1.161111 -0.138889 3.888889 174 85 122
0.191667 1.283333 5.833333 46 92 90
-0.291667 1.700000 5.833333 0 91 66
-3.525000 5.500000 17.500000 145 141 142
-0.270690 0.098276 1.206897 31 55 144
0.182143 -0.660714 2.500000 136 42 104
1.158333 1.691667 5.833333 50 54 131
-0.208621 -0.144828 1.206897 154 155 127
-1.683333 1.350000 5.833333 7 96 117
0.375000 -0.046429 2.500000 70 43 49
-0.156410 0.269231 1.794872 63 49 48
0.074359 0.069231 1.794872 159 113 73
-0.329310 -0.174138 1.206897 0 125 3
0.358333 1.350000 5.833333 22 59 20
0.002564 0.276923 1.794872 64 116 61
-0.308621 0.074138 1.206897 54 14 148
1.550000 -0.572222 3.888889 154 112 0
0.260714 -0.171429 2.500000 79 50 79
-0.237931 -0.122414 1.206897 16 88 108
-0.270690 0.156897 1.206897 38 15 117
0.100000 1.658333 5.833333 7 27 115
-0.355172 0.027586 1.206897 32 67 0
1.810219 0.531387 4.087591 150 141 116
-0.007692 0.228205 1.794872 0 94 0
0.064103 -0.217949 1.794872 0 21 70
0.485714 0.246429 2.500000 77 4 59
1.627491 -0.192440 3.848797 159 125 137
0.292857 -0.560714 2.500000 0 48 53
1.605556 -0.366667 3.888889 173 35 51
0.364286 -0.325000 2.500000 136 46 39
0.219895 0.490052 1.465969 124 108 159
0.228571 -0.217857 2.500000 41 55 38
1.500000 0.133333 3.888889 122 18 42
0.991667 1.366667 5.833333 44 112 51
-0.733333 1.725000 5.833333 37 118 90
-1.341667 1.150000 5.833333 25 0 108
2.988679 2.203774 10.566038 136 115 138
-0.327586 0.046552 1.206897 9 0 87
1.300000 -0.150000 3.888889 144 15 51
0.442857 -0.514286 2.500000 155 74 87
1.605556 0.233333 3.888889 133 70 0
0.264286 -0.667857 2.500000 92 59 54
-0.138462 0.066667 1.794872 100 82 79
-0.275000 1.575000 5.833333 35 29 75
1.172222 -0.394444 3.888889 186 52 0
0.192857 0.450000 2.500000 179 37 41
1.061111 -0.227778 3.888889 145 12 10
0.375000 0.328571 2.500000 122 33 64
-0.260345 0.091379 1.206897 82 33 142
-0.100000 -0.233333 1.794872 91 155 71
1.277778 -0.177778 3.888889 136 149 4
-0.381034 -0.208621 1.206897 11 49 24
-0.115385 0.112821 1.794872 41 109 19
0.575000 -0.639286 2.500000 88 41 71
-0.315517 -0.075862 1.206897 64 0 124
1.133333 0.338889 3.888889 130 52 0
-0.533333 1.591667 5.833333 62 142 61
-0.197436 -0.258974 1.794872 81 81 0
-0.831818 1.077273 3.181818 136 107 134
0.435714 0.178571 2.500000 115 143 153
0.241667 1.491667 5.833333 18 29 89
0.044444 3.392592 10.370370 123 106 134
0.428571 0.028571 2.500000 96 32 0
0.453571 -0.578571 2.500000 88 27 75
-0.079487 -0.041026 1.794872 98 88 56
-0.130769 0.074359 1.794872 80 73 0
1.555556 -0.211111 3.888889 154 34 48
-0.069231 -0.205128 1.794872 34 178 31
-0.458333 1.308333 5.833333 0 95 87
-1.733333 1.666667 5.833333 21 92 98
0.225000 0.032143 2.500000 171 54 89
-0.097436 0.176923 1.794872 0 93 45
0.503571 0.492857 2.500000 114 12 22
1.616667 0.372222 3.888889 118 107 0
-1.158333 1.250000 5.833333 47 9 60
1.355556 -0.188889 3.888889 176 78 83
1.400000 1.508333 5.833333 6 0 45
0.053846 -0.187179 1.794872 0 95 70
1.327778 -0.411111 3.888889 167 30 40
1.275000 1.733333 5.833333 0 73 105
0.564286 -0.078571 2.500000 88 0 68
0.228571 -0.232143 2.500000 72 109 0
-0.313793 0.115517 1.206897 7 78 100
-0.370690 -0.060345 1.206897 60 9 149
0.017949 0.266667 1.794872 52 59 46
-0.308621 0.117241 1.206897 0 47 59
-0.236207 0.165517 1.206897 15 18 84
2.338462 -0.884615 5.384615 123 118 143
0.385714 -0.592857 2.500000 67 0 80
-0.194872 -0.025641 1.794872 17 159 0
-0.208396 -0.136060 1.205597 153 132 149
-0.483333 1.158333 5.833333 27 7 108
-0.035897 0.184615 1.794872 6 64 4
3.659130 3.144348 9.739130 118 146 118
1.208333 1.266667 5.833333 22 16 103
-0.260345 -0.120690 1.206897 54 31 122
-0.286207 0.162069 1.206897 57 64 139
1.088889 0.422222 3.888889 104 60 76
0.491667 1.358333 5.833333 45 0 41
-0.343103 0.125862 1.206897 83 40 77
1.566667 -0.116667 3.888889 65 115 31
-0.041026 0.171795 1.794872 42 77 9
0.005128 0.212821 1.794872 107 110 95
-0.255591 -0.273482 1.789137 143 157 117
-0.210256 -0.317949 1.794872 0 102 108
1.366667 -0.583333 3.888889 119 184 0
1.344444 0.477778 3.888889 73 91 1
-0.030769 -0.320513 1.794872 31 109 22
1.150000 -0.200000 3.888889 128 82 40
-1.358333 1.516667 5.833333 20 17 22
0.292857 -0.289286 2.500000 106 68 64
-1.766667 1.441667 5.833333 0 43 107
0.380778 -0.195271 0.854310 70 122 144
1.341667 1.366667 5.833333 2 96 125
0.083333 1.258333 5.833333 16 101 95
-0.002564 -0.271795 1.794872 6 80 32
-0.158974 -0.087179 1.794872 33 75 0
0.367857 -0.492857 2.500000 110 49 54
0.246429 -0.417857 2.500000 167 72 47
-0.028205 -0.294872 1.794872 24 107 126
0.378571 -0.010714 2.500000 114 24 87
-0.377586 -0.137931 1.206897 76 37 133
0.988889 0.366667 3.888889 147 139 115
1.011111 -0.583333 3.888889 136 105 13
0.571429 0.464286 2.500000 140 8 99
-0.071795 -0.030769 1.794872 11 128 52
1.209756 -0.680139 3.902439 118 141 153
0.041026 0.294872 1.794872 52 111 22
1.500000 1.458333 5.833333 1 93 73
0.246429 0.242857 2.500000 154 55 71
0.525000 -0.200000 2.500000 129 59 41
0.346429 -0.539286 2.500000 172 50 0
-0.133333 -0.212821 1.794872 56 141 74
-0.363793 0.079310 1.206897 0 58 113
-0.184615 -0.102564 1.794872 57 101 39
0.167111 -0.384000 2.488889 130 121 126
0.510714 -0.335714 2.500000 119 55 59
-0.286207 0.087931 1.206897 9 0 147
-0.238462 0.300000 1.794872 0 30 0
0.414286 -0.664286 2.500000 145 30 52
0.185714 -0.314286 2.500000 125 5 110
-0.416667 1.050000 5.833333 68 29 140
-0.262069 -0.289655 1.206897 58 88 165
-0.200000 0.046154 1.794872 45 72 25
0.325000 -0.546429 2.500000 116 45 66
1.405555 0.005556 3.888889 114 99 0
0.485714 0.067857 2.500000 125 67 75
0.000000 -0.892918 3.172805 153 118 157
0.988889 0.616667 3.888889 0 31 61
-0.248718 0.092308 1.794872 121 149 172
1.550000 1.291667 5.833333 0 49 158
-0.217381 0.176255 1.370869 21 52 71
-0.017949 -0.174359 1.794872 0 106 69
0.064103 -0.341026 1.794872 66 82 16
0.246429 0.053571 2.500000 192 59 44
-0.267241 0.044828 1.206897 0 109 59
0.750000 1.283333 5.833333 2 61 101
-0.246552 0.193103 1.206897 0 56 77
-1.250000 1.041667 5.833333 36 0 110
0.242857 -0.639286 2.500000 64 30 42
-0.344828 -0.262069 1.206897 0 47 128
0.023077 -0.184615 1.794872 65 102 66
-0.277586 0.079310 1.206897 137 33 117
-0.033333 1.033333 5.833333 28 105 20
0.178174 -0.680624 2.494432 125 144 147
0.074359 -0.015385 1.794872 51 69 38
-0.112821 0.097436 1.794872 75 111 0
-0.287931 0.179310 1.206897 28 112 92
1.127778 0.166667 3.888889 231 106 72
1.511111 0.188889 3.888889 168 34 87
-1.033333 1.833333 5.833333 185 81 120
-0.287931 0.136207 1.206897 27 44 20
-0.275862 0.050000 1.206897 17 0 133
0.433333 1.558333 5.833333 53 0 71
1.188889 -0.344444 3.888889 155 59 45
-0.038462 -0.230769 1.794872 47 14 56
-0.260345 -0.168966 1.206897 18 90 69
1.350000 0.616667 3.888889 72 89 8
-1.840415 1.251813 5.803109 9 42 113
-0.105128 0.041026 1.794872 46 111 0
0.028160 -0.371200 1.792000 63 100 128
1.338889 0.300000 3.888889 175 94 45
0.289286 0.421429 2.500000 74 40 98
0.692308 -0.494872 1.794872 101 118 149
1.483333 0.666667 3.888889 134 147 100
0.221429 -0.442857 2.500000 199 71 71
0.526674 0.383201 1.271283 125 146 129
0.079487 0.189744 1.794872 12 46 8
-1.233333 1.783333 5.833333 15 109 9
-0.908333 1.100000 5.833333 73 19 83
-0.125000 1.316667 5.833333 11 0 76
1.566667 1.225000 5.833333 0 0 141
0.285714 -0.071429 2.500000 101 0 78
2.109735 -0.233628 4.955752 143 139 107
-0.120513 0.105128 1.794872 69 39 57
-0.313793 0.174138 1.206897 0 40 91
1.122222 0.027778 3.888889 80 114 53
0.015385 -0.115385 1.794872 0 120 41
1.588889 -0.511111 3.888889 123 77 0
-0.231034 0.010345 1.206897 7 7 142
-0.341379 -0.068966 1.206897 12 28 89
0.521429 0.003571 2.500000 115 46 20
-0.224138 -0.194828 1.206897 0 55 91
0.596429 -0.528571 2.500000 149 115 151
0.257143 -0.503571 2.500000 86 37 102
1.288889 0.355556 3.888889 128 101 1
0.308333 1.683333 5.833333 0 47 70
1.005556 0.322222 3.888889 131 192 0
-1.150000 1.558333 5.833333 0 70 74
0.994444 -0.461111 3.888889 78 143 0
-0.331034 -0.170690 1.206897 0 94 29
1.111111 -0.522222 3.888889 115 72 11
-0.306897 -0.029310 1.206897 91 0 168
-0.263793 -0.270690 1.206897 91 86 110
-1.216667 1.391667 5.833333 0 88 28
0.510714 0.442857 2.500000 135 47 115
1.649485 -0.450859 3.848797 132 147 131
-0.169231 -0.297436 1.794872 11 99 15
1.100000 0.077778 3.888889 189 62 0
-0.275954 0.050415 1.857380 119 142 112
0.571429 -0.382143 2.500000 84 72 0
-1.466667 1.808333 5.833333 106 157 117
0.382143 -0.264286 2.500000 141 25 57
-0.356897 -0.201724 1.206897 101 10 67
-0.229310 -0.244828 1.206897 15 134 88
-0.046154 0.005128 1.794872 6 72 101
0.472727 -0.709091 2.121212 116 139 90
-0.517241 -0.824138 2.413793 102 153 89
0.983333 1.591667 5.833333 114 10 80
1.311111 0.366667 3.888889 160 43 0
-0.336207 -0.053448 1.206897 8 87 60
-0.250000 -0.222414 1.206897 0 59 98
1.538889 -0.116667 3.888889 116 52 0
0.439286 -0.553571 2.500000 152 11 59
1.861597 0.517110 4.258555 179 124 151
2.487046 0.596891 5.803109 131 117 207
-0.169231 0.041026 1.794872 50 85 0
0.403571 -0.446429 2.500000 137 22 100
0.051282 0.117949 1.794872 0 119 25
0.291667 1.675000 5.833333 0 34 42
0.582143 -0.550000 2.500000 154 47 78
0.325000 -0.414286 2.500000 86 53 14
0.532143 -0.342857 2.500000 0 95 38
-0.333333 1.225000 5.833333 0 0 120
0.185714 -0.421429 2.500000 79 41 64
0.916667 1.658333 5.833333 43 56 42
-0.179487 -0.346154 1.794872 3 174 53
-1.350000 1.308333 5.833333 21 21 106
0.143779 -0.475576 2.580645 151 86 127
-1.058333 1.700000 5.833333 74 0 89
-0.207692 0.228205 1.794872 35 66 50
0.414286 -0.421429 2.500000 91 0 31
1.000000 -0.161111 3.888889 109 131 37
0.403571 0.028571 2.500000 98 21 28
-0.274138 -0.146552 1.206897 25 102 11
-0.117949 0.174359 1.794872 90 82 73
-0.250000 1.250000 5.833333 48 38 38
0.593377 -0.268433 2.472406 119 133 120
1.461111 0.405556 3.888889 165 92 0
-0.018234 -0.888889 3.190883 136 120 134
-0.379310 0.062069 1.206897 95 79 0
-1.691667 1.316667 5.833333 46 31 129
-0.275862 -0.265517 1.206897 0 0 11
-0.182051 -0.017949 1.794872 24 126 23
0.108333 1.316667 5.833333 0 32 117
0.056410 -0.120513 1.794872 85 151 33
-0.516667 1.341667 5.833333 37 125 122
-1.358333 1.366667 5.833333 0 82 62
1.533333 0.111111 3.888889 124 67 67
0.525000 -0.400000 2.500000 128 0 49
1.472222 0.577778 3.888889 147 77 0
-0.066987 -0.191078 0.768703 119 131 140
-0.242137 -0.280119 1.661721 125 78 96
-0.217949 -0.335897 1.794872 26 103 29
0.507143 0.196429 2.500000 106 92 45
-0.166667 1.275000 5.833333 9 2 118
-0.339655 0.012069 1.206897 71 76 92
0.200000 -0.103571 2.500000 108 42 96
0.425000 -0.182143 2.500000 86 45 47
-0.007692 0.300000 1.794872 12 109 27
0.041026 0.297436 1.794872 58 89 20
-0.358333 1.341667 5.833333 44 30 104
-0.130769 -0.282051 1.794872 0 112 83
-0.291379 -0.217241 1.206897 48 73 114
0.403571 -0.371429 2.500000 79 97 0
0.496429 0.335714 2.500000 129 0 26
1.483333 0.283333 3.888889 48 54 0
0.496429 -0.046429 2.500000 163 0 45
0.300000 -0.117857 2.500000 57 27 76
0.541667 1.591667 5.833333 0 35 62
0.260714 -0.685714 2.500000 129 54 47
-0.783333 1.591667 5.833333 19 8 67
-1.608333 1.250000 5.833333 67 86 112
-1.341667 1.716667 5.833333 7 50 111
0.496429 0.375000 2.500000 176 60 65
0.471429 -0.639286 2.500000 108 6 85
0.532143 0.028571 2.500000 119 5 89
-0.076923 0.153846 1.794872 57 74 24
1.188889 0.027778 3.888889 175 79 19
-0.377586 -0.089655 1.206897 19 86 76
-1.466667 1.200000 5.833333 74 61 148
-1.325000 1.491667 5.833333 0 141 67
-0.120513 0.084615 1.794872 93 94 76
0.589286 0.496429 2.500000 65 19 159
0.916667 1.566667 5.833333 26 38 132
-0.327586 -0.201724 1.206897 30 50 53
1.327778 0.033333 3.888889 98 94 27
0.450000 0.214286 2.500000 147 9 50
0.217857 -0.125000 2.500000 68 4 59
0.598664 -0.135412 2.494432 141 169 114
-0.255172 -0.179310 1.206897 131 20 95
-0.148718 0.010256 1.794872 6 57 42
-0.151282 0.130769 1.794872 66 101 16
-0.356897 0.182759 1.206897 0 97 102
1.066667 -0.266667 3.888889 111 62 0
0.046154 -0.117949 1.794872 81 154 8
-0.281034 0.041379 1.206897 93 92 184
-1.200000 1.350000 5.833333 35 76 86
-0.117949 -0.174359 1.794872 18 91 0
0.521429 -0.528571 2.500000 99 29 116
0.467857 -0.085714 2.500000 159 37 68
-0.161538 -0.200000 1.794872 16 84 0
0.051282 0.100000 1.794872 31 88 0
-0.224138 -0.055172 1.206897 51 73 104
0.300000 -0.200000 2.500000 133 6 66
0.020513 -0.358974 1.794872 61 102 0
1.377778 -0.433333 3.888889 236 65 0
-0.206946 0.099641 1.341317 153 166 144
-0.325000 1.041667 5.833333 0 48 128
0.172973 -0.627027 2.522522 115 150 160
0.421429 -0.678571 2.500000 132 88 109
-0.250000 -0.279310 1.206897 92 53 25
-0.205339 0.376181 1.149897 110 122 146
-0.277586 -0.289655 1.206897 75 154 71
-0.251282 -0.330769 1.794872 130 136 104
-0.041667 1.741667 5.833333 1 39 71
0.925000 1.375000 5.833333 0 61 20
1.041667 1.300000 5.833333 0 132 75
-0.205128 0.023077 1.794872 41 103 0
-0.260345 0.112069 1.206897 19 0 133
-0.228205 -0.279487 1.794872 72 42 0
-0.312069 -0.072414 1.206897 2 93 47
0.056410 -0.207692 1.794872 0 98 16
0.525000 -0.225000 2.500000 186 19 29
-1.591667 1.400000 5.833333 14 0 159
-0.223897 0.194618 1.205597 17 18 208
-0.148645 -0.419097 1.445161 123 119 120
-0.148718 -0.317949 1.794872 86 77 14
0.146756 0.314989 2.505593 23 57 36
-0.151282 0.238462 1.794872 40 65 101
0.285714 0.146429 2.500000 157 13 57
0.296429 0.060714 2.500000 106 48 15
-0.148718 0.158974 1.794872 16 124 12
0.028205 -0.164103 1.794872 73 34 0
0.535714 -0.264286 2.500000 91 67 30
-1.133333 1.441667 5.833333 13 80 41
1.305555 -0.305556 3.888889 99 124 72
1.591710 1.566839 5.803109 132 155 129
1.083333 -0.450000 3.888889 234 49 31
-0.069231 -0.025641 1.794872 67 48 38
0.485714 -0.657143 2.500000 137 71 65
-0.374138 -0.108621 1.206897 57 5 156
1.505556 0.194444 3.888889 159 117 5
1.138889 -0.661111 3.888889 96 0 53
0.221429 0.453571 2.500000 117 57 28
0.364286 0.292857 2.500000 121 35 25
0.571429 -0.221429 2.500000 149 56 44
1.422222 -0.572222 3.888889 170 50 89
1.322222 -0.550000 3.888889 123 98 0
1.311111 -0.527778 3.888889 210 60 47
1.561111 0.527778 3.888889 176 90 0
1.358333 1.358333 5.833333 0 75 76
1.338889 0.455556 3.888889 136 72 21
3.014286 3.128572 10.000000 121 155 117
-0.375000 1.141667 5.833333 61 147 97
-0.975000 1.733333 5.833333 21 2 57
-0.348276 -0.162069 1.206897 0 70 133
-0.102564 -0.107692 1.794872 45 15 84
1.438889 -0.166667 3.888889 125 151 41
-1.575000 1.425000 5.833333 16 68 136
0.392857 -0.132143 2.500000 93 0 148
-0.305172 0.143103 1.206897 17 8 177
0.292857 -0.396429 2.500000 140 0 9
0.382143 0.353571 2.500000 41 0 161
1.472222 0.216667 3.888889 154 120 47
0.282143 0.453571 2.500000 94 55 54
-1.575000 1.650000 5.833333 10 138 68
1.016667 -0.261111 3.888889 142 0 0
-0.257649 -0.036071 1.803543 68 151 52
0.991667 1.541667 5.833333 0 69 115
0.539286 0.153571 2.500000 157 41 0
-0.900000 1.658333 5.833333 43 80 78
0.327583 -0.329100 1.061611 105 115 95
0.450000 0.478571 2.500000 122 9 0
1.494444 0.294444 3.888889 136 111 102
3.486179 3.017886 9.105691 147 96 159
1.144444 0.566667 3.888889 81 97 0
0.174610 -0.530958 2.494432 114 143 127
-0.287931 0.112069 1.206897 31 19 19
0.221429 0.196429 2.500000 50 29 109
0.432143 0.507143 2.500000 61 0 48
-0.320690 -0.132759 1.206897 0 79 127
-0.483333 1.225000 5.833333 27 124 107
1.438889 0.538889 3.888889 137 85 0
0.100000 1.808333 5.833333 135 145 127
0.994444 -0.444444 3.888889 184 128 6
0.056410 -0.082051 1.794872 11 174 3
-0.092308 0.187179 1.794872 70 55 38
1.191667 1.591667 5.833333 51 39 102
0.564286 0.107143 2.500000 130 42 21
-0.056410 -0.271795 1.794872 0 51 108
-0.005128 -0.166667 1.794872 91 96 59
0.357143 0.267857 2.500000 122 0 113
1.311111 -0.105556 3.888889 125 105 9
5.161291 -0.791398 12.043011 197 146 116
0.084751 0.133547 1.797753 171 121 148
2.096124 -1.934884 8.682171 133 132 144
-0.043590 -0.017949 1.794872 63 214 5
-0.383333 1.150000 5.833333 0 62 146
-0.284483 0.139655 1.206897 31 132 92
1.350000 -0.105556 3.888889 187 140 23
-0.253846 -0.338462 1.794872 81 117 130
0.079487 -0.017949 1.794872 2 68 75
0.253571 0.135714 2.500000 98 0 64
0.207143 -0.346429 2.500000 137 90 30
0.557143 0.146429 2.500000 137 56 78
-0.287931 -0.231034 1.206897 10 65 76
-0.225641 -0.358974 1.794872 14 78 67
-0.263793 0.018966 1.206897 16 37 123
0.144493 -0.429956 2.466960 118 102 137
1.333333 -0.194444 3.888889 149 21 0
-0.010256 -0.041026 1.794872 15 43 0
-0.153846 -0.156410 1.794872 109 211 37
0.250000 -0.635714 2.500000 131 54 98
-0.107692 -0.005128 1.794872 12 91 10
-0.079487 0.017949 1.794872 114 122 7
-0.189744 0.151282 1.794872 31 74 68
-0.741667 1.175000 5.833333 0 43 62
-0.382759 -0.117241 1.206897 0 61 102
0.532143 -0.353571 2.500000 71 0 26
1.183333 -0.172222 3.888889 198 58 3
0.242857 -0.503571 2.500000 172 59 25
0.260714 0.450000 2.500000 96 0 76
0.442857 0.342857 2.500000 81 0 59
1.194444 -0.255556 3.888889 153 141 24
0.275000 -0.146429 2.500000 158 4 92
1.266667 -0.177778 3.888889 28 37 47
-0.213793 -0.132759 1.206897 141 103 164
-0.041667 1.508333 5.833333 0 54 98
-0.239655 -0.239655 1.206897 2 61 58
-0.184615 0.028205 1.794872 0 85 31
-0.344828 0.163793 1.206897 29 66 68
0.475000 0.321429 2.500000 135 0 20
1.622069 0.110345 3.862069 97 154 91
0.385714 -0.417857 2.500000 106 0 69
-0.253846 0.112821 1.794872 143 120 131
-0.367241 0.060345 1.206897 32 24 109
-0.289655 0.105172 1.206897 0 122 105
1.283333 -0.400000 3.888889 123 96 37
0.360714 0.360714 2.500000 151 70 8
0.069231 -0.312821 1.794872 0 147 0
0.571429 0.000000 2.500000 84 0 63
-0.183333 1.325000 5.833333 72 0 40
-0.216450 -0.074459 1.212121 117 118 98
-0.303448 0.134483 1.206897 0 31 105
0.775000 1.441667 5.833333 0 64 107
0.196429 -0.253571 2.500000 142 0 32
-0.164103 0.220513 1.794872 162 132 0
0.457143 -0.396429 2.500000 67 93 92
0.475000 0.010714 2.500000 145 126 30
1.600000 0.311111 3.888889 109 16 0
0.766667 1.516667 5.833333 19 11 65
0.094581 -0.270608 1.839080 146 70 119
-0.225641 0.253846 1.794872 99 44 31
0.339286 0.425000 2.500000 169 15 115
-0.237931 -0.100000 1.206897 71 81 146
-1.816667 1.241667 5.833333 42 45 60
-0.200000 0.092308 1.794872 0 134 0
-0.161538 0.287179 1.794872 47 56 0
0.207143 -0.278571 2.500000 47 47 68
0.575000 -0.407143 2.500000 153 45 41
1.450000 0.038889 3.888889 116 3 0
0.414286 -0.446429 2.500000 151 0 127
-0.015385 0.079487 1.794872 18 38 36
-0.336207 0.020690 1.206897 58 91 113
-0.123077 0.282051 1.794872 33 70 19
-0.337931 -0.025862 1.206897 93 8 110
1.472222 -0.027778 3.888889 73 93 46
1.000000 -0.427778 3.888889 94 111 71
1.211111 0.233333 3.888889 181 162 9
-1.583333 1.066667 5.833333 8 21 31
0.442857 0.321429 2.500000 180 122 66
0.458333 1.341667 5.833333 0 17 69
-0.277586 -0.041379 1.206897 94 82 116
-1.141667 1.283333 5.833333 0 67 74
-0.390925 -0.505410 1.954625 90 114 88
-0.056410 0.048718 1.794872 71 120 0
-0.257235 -0.192926 1.800643 113 160 129
1.466667 -0.566667 3.888889 127 121 0
0.528571 -0.010714 2.500000 132 0 95
0.382143 -0.321429 2.500000 124 0 0
-0.033333 -0.123077 1.794872 31 104 54
0.432143 -0.175000 2.500000 110 19 10
1.505556 0.455556 3.888889 149 67 26
0.482143 0.082143 2.500000 80 0 81
0.972222 -0.227778 3.888889 117 162 150
-0.130769 -0.107692 1.794872 15 61 26
0.253571 0.414286 2.500000 31 61 95
0.521429 -0.160714 2.500000 108 34 99
-0.138462 0.238462 1.794872 36 69 57
0.192857 -0.617857 2.500000 113 60 131
1.577778 -0.316667 3.888889 175 121 33
1.044444 -0.311111 3.888889 106 11 77
-0.313793 0.108621 1.206897 73 87 92
-0.331429 -0.574286 2.000000 108 151 153
-0.883333 1.708333 5.833333 13 28 81
0.467857 -0.346429 2.500000 146 61 85
-0.236207 0.118966 1.206897 0 43 46
0.394667 0.222667 0.933333 143 138 174
0.182143 -0.153571 2.500000 112 92 44
0.175000 1.358333 5.833333 0 42 69
-0.179487 -0.264103 1.794872 44 81 49
0.975000 1.675000 5.833333 14 107 0
-0.958333 1.575000 5.833333 0 33 86
0.413363 -0.684187 2.494432 67 111 45
0.041026 0.238462 1.794872 0 100 40
0.523636 0.381818 1.272727 117 99 123
1.344444 -0.394444 3.888889 159 90 40
-0.089744 -0.166667 1.794872 31 106 54
0.300000 -0.671429 2.500000 143 54 41
0.996540 -0.238062 3.875432 77 93 0
0.979931 -0.232526 3.875432 183 129 91
4.382608 0.389565 9.739130 108 78 121
0.482143 0.500000 2.500000 60 10 86
-0.257235 -0.195498 1.800643 122 129 137
0.038462 -0.264103 1.794872 106 184 28
0.503571 -0.125000 2.500000 143 107 32
0.566667 1.650000 5.833333 46 102 125
0.030769 -0.310256 1.794872 27 98 68
0.307143 -0.296429 2.500000 87 0 40
-0.041026 -0.353846 1.794872 28 91 36
0.000000 -0.079487 1.794872 49 117 0
1.066667 0.277778 3.888889 146 49 55
-0.097436 -0.030769 1.794872 92 90 0
-0.348276 -0.027586 1.206897 68 46 79
0.025641 0.030769 1.794872 16 66 16
-0.296206 -0.337481 1.699545 157 170 128
0.977778 -0.222222 3.888889 91 134 147
0.314286 -0.642857 2.500000 103 40 56
-0.117949 0.066667 1.794872 13 18 70
5.853659 0.858537 13.658537 123 156 97
-0.281034 0.163793 1.206897 9 95 78
-0.337931 0.177586 1.206897 77 104 89
-0.260123 -0.125153 1.717791 101 112 143
-0.287931 -0.196552 1.206897 0 56 91
0.666667 1.641667 5.833333 75 15 65
0.528571 -0.225000 2.500000 89 49 87
-0.179487 -0.058974 1.794872 0 103 3
1.644599 0.278746 3.902439 143 124 141
0.266667 1.425000 5.833333 26 48 51
-0.641667 1.675000 5.833333 0 32 68
-0.174359 0.264103 1.794872 88 67 53
-0.073768 -0.371383 1.780604 77 127 122
0.367857 -0.078571 2.500000 103 68 103
0.553571 -0.178571 2.500000 224 58 72
0.178571 0.439286 2.500000 16 69 138
0.994444 -0.611111 3.888889 202 60 0
-0.179487 0.294872 1.794872 28 109 71
0.074359 -0.325641 1.794872 0 92 0
-0.355172 -0.050000 1.206897 34 46 140
-0.360345 -0.160345 1.206897 11 26 52
-0.298276 0.024138 1.206897 2 27 88
-0.306897 0.127586 1.206897 138 35 94
-0.312069 -0.198276 1.206897 0 120 159
0.482143 -0.357143 2.500000 135 64 76
0.875000 1.516667 5.833333 74 71 149
-0.123077 -0.189744 1.794872 17 37 58
1.400000 0.608333 5.833333 85 68 44
1.600000 0.011111 3.888889 82 49 25
1.516667 0.422222 3.888889 177 163 47
0.593814 1.179381 5.773196 0 74 24
-0.575000 1.250000 5.833333 61 53 108
1.411111 0.138889 3.888889 157 98 45
0.492857 -0.250000 2.500000 142 35 0
-0.264103 0.202564 1.794872 52 15 6
0.110256 -0.133333 1.794872 144 141 193
0.210714 0.382143 2.500000 156 32 30
-0.176923 -0.192308 1.794872 15 63 38
1.011111 0.127778 3.888889 174 71 9
-0.175000 1.025000 5.833333 45 121 50
0.328571 -0.460714 2.500000 43 0 23
-0.341379 0.041379 1.206897 0 74 103
0.112460 -0.125240 1.789137 141 116 104
-0.356897 0.205172 1.206897 4 39 74
0.250000 1.300000 5.833333 0 60 124
0.446429 0.132143 2.500000 64 44 38
1.005556 0.077778 3.888889 144 133 41
1.316667 1.391667 5.833333 25 8 160
0.285714 0.425000 2.500000 55 13 86
-0.650000 1.408333 5.833333 66 51 92
0.933333 1.241667 5.833333 32 70 74
0.604922 -0.372260 2.505593 123 126 152
0.833333 1.541667 5.833333 17 30 25
0.196429 -0.228571 2.500000 133 0 0
2.223158 -1.515789 5.894737 136 120 101
1.522222 0.116667 3.888889 159 141 0
-0.208333 1.516667 5.833333 0 123 98
-1.108333 1.241667 5.833333 36 7 62
-0.225862 -0.082759 1.206897 0 90 121
0.228571 -0.450000 2.500000 95 7 84
-0.100000 0.269231 1.794872 38 110 47
-1.225000 1.283333 5.833333 42 0 49
1.617778 -1.111111 6.222222 147 99 114
0.260714 -0.246429 2.500000 96 96 46
-1.500000 1.200000 5.833333 16 39 125
0.069231 -0.210256 1.794872 63 26 0
-1.741667 1.483333 5.833333 54 0 84
0.217857 -0.635714 2.500000 162 0 92
1.438889 -0.355556 3.888889 151 92 28
0.303571 -0.257143 2.500000 136 79 86
0.950495 -0.998020 3.696370 79 92 110
1.277778 0.605556 3.888889 123 168 0
0.043590 -0.369231 1.794872 53 63 11
1.605556 0.205556 3.888889 178 126 64
0.257143 -0.175000 2.500000 37 57 84
-0.120513 0.071795 1.794872 0 110 25
1.244444 -0.455556 3.888889 135 83 30
0.591667 1.816667 5.833333 77 116 109
1.288889 0.450000 3.888889 101 121 0
0.146119 -0.102283 2.557078 110 103 133
-0.262069 0.006897 1.206897 22 141 135
-0.030769 -0.092308 1.794872 50 44 20
0.825000 1.558333 5.833333 0 83 126
-0.125641 -0.158974 1.794872 0 74 63
0.289286 -0.682143 2.500000 102 0 79
0.410714 -0.621429 2.500000 100 18 56
0.600000 0.242857 2.500000 130 87 153
1.378462 -2.412308 8.615385 151 164 126
0.357143 -0.471429 2.500000 118 90 121
0.342857 0.385714 2.500000 102 14 50
0.425000 -0.489286 2.500000 87 110 77
-0.035897 0.292308 1.794872 74 67 55
-0.324138 -0.129310 1.206897 19 55 178
0.414286 -0.121429 2.500000 190 71 130
0.005128 0.179487 1.794872 0 35 21
-0.702609 1.551304 4.869565 141 121 87
-0.112821 0.128205 1.794872 0 87 86
-1.825000 1.558333 5.833333 26 96 111
1.200000 -0.111111 3.888889 53 161 9
0.432143 -0.142857 2.500000 144 17 68
1.441667 1.150000 5.833333 36 28 182
-0.246154 0.084615 1.794872 34 83 15
-0.575000 1.041667 5.833333 0 67 60
-0.272414 -0.065517 1.206897 0 15 56
-0.200000 1.400000 5.833333 17 67 108
0.607143 -0.096429 2.500000 101 185 127
0.407143 -0.150000 2.500000 138 46 44
-1.125000 1.441667 5.833333 20 99 128
-0.383333 1.275000 5.833333 0 34 23
-0.301724 0.029310 1.206897 41 47 27
1.322222 -0.350000 3.888889 158 130 38
-0.250000 -0.015517 1.206897 59 122 127
0.196429 0.378571 2.500000 147 16 21
-0.087179 0.125641 1.794872 0 120 0
-0.232759 -0.246552 1.206897 49 88 66
0.625000 1.608333 5.833333 15 54 83
-0.169231 -0.043590 1.794872 67 111 0
0.967698 -0.120962 3.848797 158 129 118
0.025641 -0.138462 1.794872 11 164 16
0.602691 -0.606278 2.511211 129 110 118
0.310714 -0.039286 2.500000 70 78 44
-0.227586 -0.198276 1.206897 0 69 116
-1.191667 1.283333 5.833333 36 67 68
-0.046154 0.151282 1.794872 70 75 47
0.303571 -0.071429 2.500000 106 26 0
0.507143 0.471429 2.500000 77 0 113
-0.235897 0.210256 1.794872 60 106 41
0.364286 0.235714 2.500000 126 62 16
-0.071795 -0.235897 1.794872 50 108 0
-0.229310 -0.275862 1.206897 38 35 99
0.235714 -0.207143 2.500000 85 63 47
-0.274138 -0.251724 1.206897 0 53 103
1.011111 0.572222 3.888889 128 53 66
0.605791 -0.064143 2.494432 136 118 150
-0.377586 -0.153448 1.206897 0 42 94
-0.205128 0.171795 1.794872 0 112 0
0.594183 -0.221924 2.505593 123 134 146
0.471429 -0.689286 2.500000 110 145 142
1.344444 -0.272222 3.888889 115 84 19
0.092456 -0.315891 1.797753 120 134 106
-0.362069 0.186207 1.206897 42 0 147
0.658333 1.650000 5.833333 0 75 34
-0.102564 -0.307692 1.794872 83 68 93
0.350000 -0.392857 2.500000 103 0 151
0.905263 0.194737 3.684211 136 115 105
1.216667 1.483333 5.833333 7 21 81
-0.975000 1.650000 5.833333 1 78 188
-0.218966 0.096552 1.206897 128 111 126
1.150000 0.272222 3.888889 124 109 49
-0.255172 0.139655 1.206897 48 35 96
-0.516667 1.783333 5.833333 0 52 92
-0.363793 -0.232759 1.206897 85 59 99
-0.241026 -0.107692 1.794872 0 99 55
0.407143 0.507143 2.500000 111 46 102
0.310714 -0.389286 2.500000 168 3 60
0.007692 -0.176923 1.794872 50 92 0
-0.174359 -0.153846 1.794872 47 60 89
0.317857 0.289286 2.500000 58 50 118
0.038462 -0.325641 1.794872 0 53 133
-0.348276 -0.144828 1.206897 69 60 156
0.183333 1.800000 5.833333 111 81 128
0.246429 -0.139286 2.500000 66 11 48
0.589286 0.378571 2.500000 135 40 59
0.090516 0.255574 1.863561 6 82 33
-0.191667 1.633333 5.833333 0 69 43
0.228571 -0.307143 2.500000 136 49 90
0.460714 -0.592857 2.500000 181 18 88
-0.135897 -0.233333 1.794872 5 52 13
-0.337931 -0.172414 1.206897 0 45 76
1.161111 -0.677778 3.888889 125 148 97
0.328571 -0.192857 2.500000 65 0 34
0.283333 1.125000 5.833333 80 65 101
0.020513 0.151282 1.794872 36 77 0
1.100000 -0.344444 3.888889 142 144 44
1.355556 -0.116667 3.888889 134 113 52
0.458333 1.450000 5.833333 0 71 99
1.116667 1.633333 5.833333 66 0 68
0.364286 0.253571 2.500000 108 70 2
-0.270690 0.051724 1.206897 0 57 64
0.485714 0.414286 2.500000 107 84 123
-0.500000 1.100000 5.833333 0 83 139
-0.250000 0.094828 1.206897 36 8 159
-1.241667 1.458333 5.833333 52 59 21
0.267857 -0.135714 2.500000 42 26 73
1.533333 1.633333 5.833333 26 0 74
-0.343103 -0.237931 1.206897 0 25 177
3.750000 1.375000 8.750000 150 136 158
0.282143 0.482143 2.500000 152 72 33
1.472222 0.505556 3.888889 91 147 17
0.453571 0.232143 2.500000 107 101 9
-0.012821 0.220513 1.794872 64 119 86
1.105556 0.661111 3.888889 126 130 0
1.516667 1.550000 5.833333 56 27 94
1.483333 1.308333 5.833333 48 104 83
-0.317241 -0.218966 1.206897 16 75 111
0.030769 -0.156410 1.794872 50 105 111
-0.012821 0.276923 1.794872 76 134 23
-0.148718 0.046154 1.794872 122 79 0
1.194444 -0.466667 3.888889 176 43 0
-0.174359 0.166667 1.794872 70 45 42
-0.583333 1.733333 5.833333 0 12 111
-0.056410 -0.012821 1.794872 87 79 11
0.314286 0.142857 2.500000 160 46 44
0.079487 0.107692 1.794872 46 136 0
-0.408333 1.616667 5.833333 0 103 120
1.061111 0.094444 3.888889 207 83 32
-0.266667 1.450000 5.833333 35 65 86
0.017949 0.253846 1.794872 83 129 0
-0.275862 0.072414 1.206897 0 68 141
-0.227951 -0.273541 1.519674 115 133 149
-0.583333 1.658333 5.833333 5 55 107
0.575000 0.417857 2.500000 109 0 38
0.564286 0.207143 2.500000 142 79 81
-0.368966 0.205172 1.206897 0 23 144
-0.382759 -0.187931 1.206897 16 83 126
-1.066667 1.800000 5.833333 124 131 113
-0.258333 1.016667 5.833333 42 0 49
0.084615 0.092308 1.794872 110 196 175
-1.816667 1.200000 5.833333 57 33 87
0.507143 0.232143 2.500000 85 30 79
-0.583333 1.425000 5.833333 82 124 109
1.458333 1.108333 5.833333 75 54 61
-0.215385 0.166667 1.794872 26 125 0
-0.020513 0.279487 1.794872 51 76 0
-0.150000 1.566667 5.833333 22 6 0
